registro,marca,empresa,activos,banda_toxicologica
42807,FRUGIPERDA PRO SPRA,M2I BIOCONTROL ARGENTINA S. A.,"ACETATO (Z9-TETRADECENILO) 5,8%",S/D
42806,PIROXAS 85 WG,REGISTROS AGROPECUARIOS SRL,PIROXASULFONE 85% p/p,III
42805,CLETODIM MACRO PROTECT 24,LDC ARGENTINA S.A.,CLETODIM 24%,III
42804,SPEEDWET MIXFLOW,SPEEDAGRO S.R.L.,ALCOHOL LINEAL ETOXILADO 5%,S/D
42803,METHYL CROP PRO,SF FERTILIZANTES S.R.L.,ESTERES METILICOS DE ACIDOS GRASOS DE ACEITE VEGETAL 76%,S/D
42802,T-REX BC,DE SANGOSSE LATIN AMERICA S.A.,METALDEHIDO 5%,III
42801,CLETOSTAR,PALAVERSICH Y CIA S AC,CLETODIM 24%,III
42800,PIROXASULFONE 48 SIGMA,WECAN AGRO SA,PIROXASULFONE 48%,IV
42799,PIROXA 48 INS,WECAN AGRO SA,PIROXASULFONE 48%,IV
42798,MURALLA MIX,PRO CROP S.A.,"FLUDIOXONIL 2,5%, METALAXIL -M 1%",IV
42797,"2,4D ME CROPENCY II",PRO CROP S.A.,"2,4 D 30%",III
42796,EXINN S-METO 96,WECAN AGRO SA,S-METOLACLORO 96%,III
42795,EXINN S-METO 96 EC,WECAN AGRO SA,S-METOLACLORO 96%,III
42794,IMAZAPIR 48 LOMAS C,3 LOMAS S.A.,"IMAZAPIR 58,9%",IV
42793,IMAZAPIR 48 LOMAS D,3 LOMAS S.A.,"IMAZAPIR 58,9%",IV
42792,OPPEL II,FARMCHEM SA,"FLUDIOXONIL 2,5%, METALAXIL -M 1%",IV
42791,OPPEL,FARMCHEM SA,"FLUDIOXONIL 2,5%, METALAXIL -M 1%",IV
42790,BLINDAX,WECAN AGRO SA,"FLUDIOXONIL 2,5%, METALAXIL -M 1%",IV
42789,"TIALOXIN 10,6-14,1",LABORATORIOS PEYTE S.A.,"LAMBDA-CIALOTRINA 10,6%, TIAMETOXAM 14,1%",II
42788,PIROXASULF MAX WG,REGISTROS AGROPECUARIOS SRL,PIROXASULFONE 85% p/p,III
42787,SISTEM ACA,WECAN AGRO SA,"ESTERES METILICOS DE ACIDOS GRASOS DE ACEITE DE SOJA 76,6%",IV
42786,SUSON,UPL ARGENTINA S. A.,SAFLUFENACIL 70%,S/D
42785,SOPUIN,RAINBOW AGROSCIENSES SA,SAFLUFENACIL 70%,III
42784,CLETODIM CONTROLER II,AGROFACIL S A,CLETODIM 24%,III
42783,FACYT TENAZ,FACYT I + D SA,"CIPROCONAZOLE 8%, PICOXISTROBIN 20%",S/D
42782,TROMEN 48,SANTEX S. A.,MESOTRIONE 48%,III
42781,S-METOLACLOR 96 A,REGISTROS AGROPECUARIOS SRL,S-METOLACLORO 96%,III
42780,DECCO FLUDI,R&D AGRO CONSULTORA S.A.,FLUDIOXONIL 23%,S/D
42779,APUS 20 SC,ZSCHEM ARGENTINA S. A.,CLORANTRANILIPROLE 20%,S/D
42778,GLIFOSATO 75.7 XINGFA V,XINANCHEM ARGENTINA S.A.,"GLIFOSATO 75,7%",III
42777,GLIFOSATO 75.7 XINGFA VI,XINGFA ARGENTINA S.A.,"GLIFOSATO 75,7%",III
42775,PARAMER SC,ADAMA ARGENTINA SOCIEDAD ANONIMA,"PIROXASULFONE 83,5%",III
42774,HEQUS,CHEMOTECNICA S. A.,OXIFLUORFEN 24%,S/D
42773,TOPRAMEZONE SIGMA,SIGMA AGRO S.A,"TOPRAMEZONE 33,6%",S/D
42772,ADARVE SILEX,HIDRUM TECNOLOGIA QUIMICA SRL,"ESTERES METILICOS DE ACIDOS GRASOS DE ACEITE DE SOJA 76,6%",IV
42771,PIROXA 85 % WG,REGISTROS AGROPECUARIOS SRL,PIROXASULFONE 85% p/p,III
42770,CORE OPTIMUS,PRODINSA ARGENTINA S A,"ALCOHOL GRASO ETOXILADO 48%, ALCOHOL LAURICO ETOXILADO 48%, ALCOHOL LINEAL ETOXILADO 48%",IV
42769,SISTEM ACA MSO,NOVA S. A. U.,"ALCOHOL GRASO ETOXILADO 1,5%, ESTERES METILICOS DE ACIDOS GRASOS DE ACEITE DE SOJA 74%, ESTERES METILICOS DE ACIDOS GRASOS DE ACEITE VEGETAL 74%",IV
42768 BIO,ECOSWING,GOWAN ARGENTINA S.R.L.,"Extracto de Swinglea glutinosa 88,5%",S/D
42767,SOMICS FENIX,GRUPO OMICS S.A.,"ALCOHOL GRASO ETOXILADO 12,5%",S/D
42766,SUPERQUAT 20 SL,AGROBEATS ARGENTINA S.A.U.,"DIQUAT DIBROMURO 37,4%",S/D
42765,MALATHION 100 EC FALCROP,FALCROP S. A.,MALATION 100%,S/D
42764 BIO,TRICHODERMIL FS,KOPPERT ARGENTINA S. A.,TRICHODERMA ASPERELLOIDES cepa ESALQ 1306 2%,S/D
42763,TA 11,ALLTEC S A,ALCOHOL LINEAL ETOXILADO 11%,S/D
42762,LIGIER CONTROL PH,BAHNSA S.A.,ACIDO FOSFORICO 30%,S/D
42761,LECITIN CAS,TRAPALCO S.A.,"ACIDO PROPIONICO 35%, LECITINA DE SOJA 35%",S/D
42760,FIDEMAX IMIDA 60,AGRICULTORES FEDERADOS ARGENTINOS SOC COOP LTDA,IMIDACLOPRID 60%,II
42759,GLUFOSINATO 20 BINNONG,REGISTROS AGROPECUARIOS SRL,GLUFOSINATO DE AMONIO 20%,S/D
42758,VITALS GLIFO 75.7 C,ADN AGRO S.A.,"GLIFOSATO 75,7%",III
42757,VITALS GLIFO 75.7 A,ENDROP S.R.L.,"GLIFOSATO 75,7%",III
42756,VITALS GLIFO 75.7 B,ADN AGRO S.A.,"GLIFOSATO 75,7%",III
42755,CLOROTALONIL 72 SOUTH AGRO,SOUTH AGRO S. R. L.,CLOROTALONIL 72%,III
42754,BIOAGRI SIL,BIOAGRI S.A.,HEPTAMETILTRISILOXANO 100%,III
42753,BRANDAN II,AMAGGI ARGENTINA S.A.,CLETODIM 48%,III
42752,CLORANTRANILIPROLE 20% EBC,ENRIQUE M BAYA CASAL S. A.,CLORANTRANILIPROLE 20%,III
42751,TERBU 50 DANKEN,ZSCHEM ARGENTINA S. A.,TERBUTILAZINA 50%,S/D
42750,SALZINE 90,SAL ARGENTINA S.R.L.,ATRAZINA 90%,S/D
42749,CALDO BORDELES VALLES-GLEBA,GLEBA S A,"SULFATO TETRACUPRICO TRICALCICO 78,43%",III
42748,CLORANTRANILIPROLE 75 LUXIA,JLB Y ASOCIADOS S.A,CLORANTRANILIPROLE 75%,S/D
42747,CRACK LOMAS,3 LOMAS S.A.,ESTERES METILICOS DE ACIDOS GRASOS DE ACEITE VEGETAL 48%,S/D
42746,TIABENDAZOL 50 CIBELES,CIBELES ARGENTINA S.A.,TIABENDAZOL 50%,S/D
42745 BIO,SILVAX ST,PROTERGIUM AGROCIENCIAS S. A.,TRICHODERMA KONINGIOPSIS cepa PGTPE7 5%,S/D
42744,PRO D-GREEN EW,PROTEGRAN S A,"2,4 D 46%",S/D
42743,PIRO 48,SINER S A,PIROXASULFONE 48%,S/D
42742,PIROXASULFONE SIGMA,SIGMA AGRO S.A,PIROXASULFONE 85%,S/D
42741,STIGMAR XTRA PRO CIBELES,COMPAÑIA ARGENTINA DE GRANOS S A,"AZOXISTROBINA 20%, CIPROCONAZOLE 8%",II
42740,PIROXA 48 SC DANKEN,WECAN AGRO SA,PIROXASULFONE 48%,IV
42739,DIQUAT EBC,ENRIQUE M BAYA CASAL S. A.,"DIQUAT DIBROMURO 37,4%",II
42738,SILIXION,WECAN AGRO SA,HEPTAMETILTRISILOXANO 80%,S/D
42737,SYNERSIL,DARUMA AGRO S.R.L.,HEPTAMETILTRISILOXANO 80%,S/D
42736,ATRAZINA 90 BINNONG,REGISTROS AGROPECUARIOS SRL,ATRAZINA 90%,S/D
42735,NOVOCATCH 20 EC,CIBELES ARGENTINA S.A.,"BENZOATO DE EMAMECTINA 4%, LUFENURON 16%",S/D
42734,IMPEED II 20 SC,SUMMIT AGRO ARGENTINA S A,CLORANTRANILIPROLE 20%,IV
42733,BENZOATO DE EMAMECTINA ACTION,WECAN AGRO SA,BENZOATO DE EMAMECTINA 25%,S/D
42732,BENAZOLIN ACFA,ACFA S.A.,BENAZOLIN ETIL 50%,S/D
42731 BIO,ASCARISCER BIOCARRIER L,COMPAÑIA ASCARISCER S.A.,SPINOSAD 2%,S/D
42730,AGENTE S,WECAN AGRO SA,SAFLUFENACIL 70%,S/D
42729,EFIMAX LAMBDA 25 CS,AGRICULTORES FEDERADOS ARGENTINOS SOC COOP LTDA,LAMBDA-CIALOTRINA 25%,II
42728,CONVINTRO DUO,AGRO BAYER S. R. L.,"DIFLUFENICAN 20%, METRIBUZIN 40%",S/D
42727,"GLIFOSATO 79,2 CROP",CARGILL SOCIEDAD ANONIMA COMERCIAL E INDUSTRIAL,"GLIFOSATO 79,2%",III
42726,AXN,H 2 0 CONTROL SOCIEDAD DE RESPONSABILIDAD LIMITADA,ESTERES METILICOS DE ACIDOS GRASOS DE ACEITE DE SOJA 70%,IV
42725,SULFENTRAZONE CONTROLER,AGROFACIL S A,SULFENTRAZONE 50%,III
42724,TEMBONE,AGROTERRUM S. A.,TEMBOTRIONE 42%,S/D
42723,FEROPRO GRAPHOLITA CAPS,AEROTEC ARGENTINA S. A.,"Z8,E8 DODECENIL ACETATO ,64%",S/D
42722,FEROPRO CYDIA CAPS,AEROTEC ARGENTINA S. A.,"(E,E)8,10-DODECADIENOL ,19%",S/D
42721,CORRECTOR MULCHEN,MULCHEN AGROTOTAL SOCIEDAD ANONIMA,ACIDO FOSFORICO 60%,S/D
42720,HALOXI 54 SIGMA,SIGMA AGRO S.A,HALOXIFOP-P METIL 54%,S/D
42719,CLETOS PEYTE,LABORATORIOS PEYTE S.A.,CLETODIM 24%,IV
42718,BLEND REVO,BAHNSA S.A.,ESTERES METILICOS DE ACIDOS GRASOS DE ACEITE VEGETAL 73%,S/D
42716 BIO,LipoBio,BIOPAMPEANA S.A.,LECITINA DE SOJA 30%,S/D
42715,FLUXYL SEMILLERO,UPL ARGENTINA S. A.,"FLUDIOXONIL 2,5%, METALAXIL 3,75%",S/D
42714,AGROSULAM 84 WG,NGC AGROSCIENCES ARGENTINA S.A.,DICLOSULAM 84%,S/D
42713,BROMOSTAR,AGRI STAR S. A.,"BROMOXINIL 34,9%",S/D
42712,TAMAN BIFENTRIN,TECNO SENDA S.R.L.,BIFENTRIN 25%,II
42711,AUGURI METIL MAX,PRO CROP S.A.,"ESTERES METILICOS DE ACIDOS GRASOS DE ACEITE DE SOJA 0%, ESTERES METILICOS DE ACIDOS GRASOS DE ACEITE VEGETAL 66%",IV
42710,METILACKER PLUS,PRODINSA ARGENTINA S A,"ESTERES METILICOS DE ACIDOS GRASOS DE ACEITE DE SOJA 82%, ESTERES METILICOS DE ACIDOS GRASOS DE ACEITE VEGETAL 82%",IV
42709,TODYM MAX,TECNOMYL S. A.,CLETODIM 36%,S/D
42708,ANORKA,UPL ARGENTINA S. A.,"AZOXISTROBINA 25%, BOSCALID 35%",S/D
42707,IMIDUTY WG,XOMEZANA SA,"IMAZAPIC 52,5%, IMAZAPIR 17,5%",S/D
42706,ATRAZINA 90 WG SANTEX,SANTEX S. A.,ATRAZINA 90%,IV
42705,FLUMIOXAZIN EBC 48,SANTEX S. A.,FLUMIOXAZIN 48%,IV
42704,UNIX,INDUSTRIAS QUIMICAS OLEOSOL S A,ALCOHOL GRASO ETOXILADO 76%,S/D
42703,PROAZO MAX,SINER S A,"AZOXISTROBINA 20%, CIPROCONAZOLE 8%",S/D
42702 BIO,TAYRIX BIOFUNGICIDA,PUNA BIO S. A. U.,"Trichoderma orientale cepa TP1 1,107%",S/D
42701,ARMCIDE,RAINBOW AGROSCIENSES SA,"BENZOATO DE EMAMECTINA 10%, LUFENURON 40%",S/D
42700,CLORFENAPIR ACTION,WECAN AGRO SA,CLORFENAPIR 24%,S/D
42699,AXIS PLUS EBC,ENRIQUE M BAYA CASAL S. A.,"CLOQUINTOCET MEXIL 1,25%, PINOXADEN 5%",III
42698,HEROLE,RAINBOW AGROSCIENSES SA,CLORFENAPIR 24%,S/D
42697,AUGURI METIL,PRO CROP S.A.,"ESTERES METILICOS DE ACIDOS GRASOS DE ACEITE DE SOJA 0%, ESTERES METILICOS DE ACIDOS GRASOS DE ACEITE VEGETAL 82%",IV
42696,SILICOBA,GRUPO COBA ENERGIA S.A.S.,ESTERES METILICOS DE ACIDOS GRASOS DE ACEITE VEGETAL 85%,S/D
42695,TROPTEC,TROPFEN S. A.,"ESTERES METILICOS DE ACIDOS GRASOS DE ACEITE DE SOJA 67,2%",S/D
42694,SALIBRO,CORTEVA AGRISCIENCE ARGENTINA SRL,FLUAZAINDOLIZINE 50%,S/D
42693,VELERA,SUMITOMO CHEMICAL ARGENTINA S.A.,"DIFENOCONAZOLE 20%, METILTETRAPROLE 10%",S/D
42692,INTEGRUM BLACK,RIZOBACTER ARGENTINA S A,"ESTERES METILICOS DE ACIDOS GRASOS DE ACEITE VEGETAL 40,8%",S/D
42691,KAROBIZ,UPL ARGENTINA S. A.,"TOPRAMEZONE 33,6%",S/D
42690,PIROXA 85 FENDER I,PRO CROP S.A.,PIROXASULFONE 85%,III
42689,TRINA MIXX,RAINBOW AGROSCIENSES SA,"AMINOPIRALID 5,9%, PICLORAM 11,6%, TRICLOPIR 20,9%",S/D
42688,IFOS,FARMCHEM SA,PIRIMIFOS METIL 50%,III
42687,PIRIM,FARMCHEM SA,PIRIMIFOS METIL 50%,III
42686,SECUSOL,INDUSTRIAS QUIMICAS OLEOSOL S A,ÁCIDO METILFOSFÓNICO 41%,S/D
42685,VALERMIO SC,BASF ARGENTINA S. A.,"SAFLUFENACIL 34,2%",III
42684,FIDEMAX SC,BASF AGRICULTURAL SOLUTIONS ARGENTINA S.A.,"SAFLUFENACIL 34,2%",III
42683,VELTROMA SC,BASF AGRICULTURAL SOLUTIONS ARGENTINA S.A.,"SAFLUFENACIL 34,2%",III
42682,ADJEVA SC,BASF AGRICULTURAL SOLUTIONS ARGENTINA S.A.,"SAFLUFENACIL 34,2%",III
42681,SAFLIX SC,BASF AGRICULTURAL SOLUTIONS ARGENTINA S.A.,"SAFLUFENACIL 34,2%",III
42680,FULLIST,INSUMOS AGROQUIMICOS SOCIEDAD ANONIMA,"2,4 D 12,5%, GLUFOSINATO DE AMONIO 12,5%",S/D
42679,PIROXASULFONE 48 SC KINGTAI,ADVAGRO S. A.,PIROXASULFONE 48%,S/D
42678,LOGFRESH,LOGFRESH RIO NEGRO S. A. S.,"METIL CICLOPROPENO 3,3%",S/D
42677,NELANE,SYNGENTA AGRO SOCIEDAD ANONIMA,"BICICLOPIRONA 3,75%, BROMOXINIL 25,48%, CLOQUINTOCET MEXIL ,94%",S/D
42676,HOKUSAI,SUMMIT AGRO ARGENTINA S A,SPINOSAD 48%,III
42675,"VITALS 2,4-D ME",WECAN AGRO SA,"2,4 D 30%",II
42674,IMAZAPIR 48 SL DELTA AGRO,AGROINSUMOS B Y L S.A.,"IMAZAPIR 58,9%",IV
42673,IMAZAPIR 48 INSUAGRO,INSUMOS AGROQUIMICOS SOCIEDAD ANONIMA,"IMAZAPIR 58,9%",IV
42672,PIROXA 48 INSUAGRO,INSUMOS AGROQUIMICOS SOCIEDAD ANONIMA,PIROXASULFONE 48%,IV
42671,TAMAN IMIDA 35,TECNO SENDA S.R.L.,IMIDACLOPRID 35%,II
42670,CAMPO DROP BIO,ALIATS SRL,"ALCOHOL GRASO ETOXILADO 25%, ALCOHOL LAURICO ETOXILADO 25%",III
42669,CAMPO TEN BIO,ALIATS SRL,"ALCOHOL GRASO ETOXILADO 25%, ALCOHOL LAURICO ETOXILADO 25%",III
42668,RAPIDKILL,NGC AGROSCIENCES ARGENTINA S.A.,"LAMBDA-CIALOTRINA 10,6%, TIAMETOXAM 14,1%",II
42667,LAMDAXAM,NGC AGROSCIENCES ARGENTINA S.A.,"LAMBDA-CIALOTRINA 10,6%, TIAMETOXAM 14,1%",II
42666,MADURAFON,NGC AGROSCIENCES ARGENTINA S.A.,ETEFON 48%,III
42665,COLORPLUS,NGC AGROSCIENCES ARGENTINA S.A.,ETEFON 48%,III
42664,BCM 50,PALAVERSICH Y CIA S AC,CARBENDAZIM 50%,III
42663,GLIFOCHEC,WECAN AGRO SA,"GLIFOSATO 66,2%",IV
42662,BOSPYRA IA,PODLESCH SOCIEDAD ANONIMA,"BOSCALID 25,2%, PIRACLOSTROBIN 12,8%",III
42661,FIDEPLUS EPOFLUPIR,AGRICULTORES FEDERADOS ARGENTINOS SOC COOP LTDA,"EPOXICONAZOLE 5%, FLUXAPIROXAD 5%, PIRACLOSTROBIN 8,1%",III
42660,GLIFACYT DUO,FACYT I + D SA,"2,4 D 8%, GLIFOSATO 11%",III
42659,PILARBELLA,PILARQUIM ARGENTINA S. R. L.,"BOSCALID 25,2%, PIRACLOSTROBIN 12,8%",III
42658,PIROXAMI 48 SC,ARANAMI INDUSTRIAL S.A.,PIROXASULFONE 48%,IV
42657,CARBARYL AR85,AGRO ROCA S A,CARBARIL 85%,II
42656,DICLOSULAM FENDER,PRO CROP S.A.,DICLOSULAM 84%,IV
42655,CHEMOPYR,CHEMOTECNICA S. A.,PIROXASULFONE 48%,IV
42654,TOPZON,RAINBOW AGROSCIENSES SA,"TOPRAMEZONE 33,6%",III
42653,TANALITH E µCA-C,ARXADA ARGENTINA S.A.,"CARBONATO BASICO DE COBRE 65,9%, PROPICONAZOLE ,76%, TEBUCONAZOLE ,76%",II
42652,DIPAQ PROCHEM,PROCHEM BIO SA.,"DIURON 10%, PARAQUAT DICLORURO 27,6%",II
42651,FIDEMAX FLUMIOXAZIN SC,AGRICULTORES FEDERADOS ARGENTINOS SOC COOP LTDA,FLUMIOXAZIN 48%,IV
42650,TERBUTIL 50 SC,LABORATORIOS PEYTE S.A.,TERBUTILAZINA 50%,III
42649,ARAGLUFO 20,ARANAMI INDUSTRIAL S.A.,GLUFOSINATO DE AMONIO 20%,III
42648,PYROXA 48 SC DELTA AGRO,WECAN AGRO SA,PIROXASULFONE 48%,IV
42647,DICLOSULAM 84% JLB,JLB Y ASOCIADOS S.A,DICLOSULAM 84%,IV
42646,VITALS PIROXA 48,WECAN AGRO SA,PIROXASULFONE 48%,IV
42645,PAGROTOP,NGC AGROSCIENCES ARGENTINA S.A.,CLORANTRANILIPROLE 20%,IV
42644,BIOTLÖN,TLON Y COMPAÑIA S.R.L.,LECITINA DE SOJA 24%,IV
42643,INNATO,FARM CHEMICALS ARGENTINA S.R.L,"TEBUCONAZOLE 20%, TRIFLOXISTROBIN 10%",III
42642,TRENDING TOPIC STICK PRO,FARM CHEMICALS ARGENTINA S.R.L,CLOROTALONIL 72%,III
42641,PYRAMID DUO,FARM CHEMICALS ARGENTINA S.R.L,"BOSCALID 25,2%, PIRACLOSTROBIN 12,8%",IV
42640,SEPHIRO,NGC AGROSCIENCES ARGENTINA S.A.,CLORANTRANILIPROLE 20%,IV
42639,EXPANSION GLUFOSINATO 50,UNION AGRICOLA DE AVELLANEDA COOP LTDA,GLUFOSINATO DE AMONIO 50%,III
42638,ISOXASHIELD,RAINBOW AGROSCIENSES SA,"ISOXAFLUTOLE 22,5%, TIENCARBAZONE METIL 9%",III
42637,ISOXAPLEX,RAINBOW AGROSCIENSES SA,"ISOXAFLUTOLE 22,5%, TIENCARBAZONE METIL 9%",III
42636,MAIZENGO AGROTERRUM,AGROTERRUM S. A.,"ISOXAFLUTOLE 22,5%, TIENCARBAZONE METIL 9%",III
42635,CHOICE N,NUTRIEN AG SOLUTIONS ARGENTINA S. A.,SULFATO DE AMONIO 5%,IV
42634,SOLVENTIS,RAINBOW AGROSCIENSES SA,"BENAZOLIN ETIL 30%, FOMESAFEN 25%",III
42633,VULCANO,RAINBOW AGROSCIENSES SA,"BROMOXINIL 28,8%, FLUROCLORIDONA 15%",II
42632,MAMORU,NGC AGROSCIENCES ARGENTINA S.A.,"MANCOZEB 64%, METALAXIL 8%",III
42631,KISEI 48,NGC AGROSCIENCES ARGENTINA S.A.,ETEFON 48%,III
42630,CODIGO ACA SC,ASOCIACION DE COOPERATIVAS ARGENTINAS - COOP. LTDA.,"TOPRAMEZONE 33,6%",III
42629,MACROPROTECT CLETODIM 24,LDC ARGENTINA S.A.,CLETODIM 24%,III
42628,MACROPROTECT GLUFO 20,LDC ARGENTINA S.A.,GLUFOSINATO DE AMONIO 20%,III
42627,PARAQUAT SL,NUPROAGRO S.A.,"PARAQUAT DICLORURO 27,6%",II
42626,DINOTEFURAN ACTION I,WECAN AGRO SA,DINOTEFURAN 20%,IV
42625,MSO PLUS N,NUTRIEN AG SOLUTIONS ARGENTINA S. A.,ESTERES METILICOS DE ACIDOS GRASOS DE ACEITE VEGETAL 53%,IV
42624,KILATEX 24 SC,NGC AGROSCIENCES ARGENTINA S.A.,CLORFENAPIR 24%,III
42623,ACAROPIR 24 SC,NGC AGROSCIENCES ARGENTINA S.A.,CLORFENAPIR 24%,III
42622,OXIFLUORFEN 24 LUXIA,JLB Y ASOCIADOS S.A,OXIFLUORFEN 24%,III
42621,CLETODIM 24 ÁUREO,COMPAÑIA DE INSUMOS Y GRANOS S A,CLETODIM 24%,III
42620,CLETODIM 24 LOMAS E,3 LOMAS S.A.,CLETODIM 24%,III
42619,FLUMIER 50 SC,AGROREGISTROS PROFESIONALES S.R.L.,FLUMIOXAZIN 50%,III
42618,RINAX 20,LABORATORIOS PEYTE S.A.,CLORANTRANILIPROLE 20%,IV
42617,VERSYS,BASF AGRICULTURAL SOLUTIONS ARGENTINA S.A.,AFIDOPYROPEN 10%,III
42616,CLETODIM 24 EC DELTA AGRO,AGROINSUMOS B Y L S.A.,CLETODIM 24%,III
42615,ACEPA,RAINBOW AGROSCIENSES SA,ACEFATO 90%,II
42614,OILMEN MS,BIOMEN TECHNOLOGY SA,ESTERES METILICOS DE ACIDOS GRASOS DE ACEITE VEGETAL 70%,IV
42613,PROTIO+AZOXI DELTA AGRO,AGROINSUMOS B Y L S.A.,"AZOXISTROBINA 16%, PROTIOCONAZOLE 17,5%",IV
42612,GOLIATH,HUAGRO S A,"FIPRONIL ,003%",III
42611,CLETO 24 ENDROP,ENDROP S.R.L.,CLETODIM 24%,III
42610,LOBESIA PRESS,AEROTEC ARGENTINA S. A.,"(E,Z)7,9-DODECADIENIL ACETATO 9,6%",IV
42609,LOBESIA CAPS,AEROTEC ARGENTINA S. A.,"(E,Z)7,9-DODECADIENIL ACETATO 1,72%",IV
42608,MORF MZ,XOMEZANA SA,"DIMETOMORF 9%, MANCOZEB 60%",III
42607,"GLIFOPRO 75,7 SG",PROTEGRAN S A,"GLIFOSATO 75,7%",III
42606,CLETODIM PRO 24 EC,PROTEGRAN S A,CLETODIM 24%,III
42605,DIQUAT XIAN,SIGMA AGRO S.A,"DIQUAT DIBROMURO 37,4%",II
42604,IMAZAPIR 48 LUXIA,JLB Y ASOCIADOS S.A,"IMAZAPIR 58,9%",IV
42603,PROTIUM,ASOCIACION DE COOPERATIVAS ARGENTINAS - COOP. LTDA.,"FLUDIOXONIL 2,5%, METALAXIL -M 1%",IV
42602 BIO,BEAUVISAN,AGRI CHECK SRL,BEAUVERIA BASSIANA 1%,IV
42601,FULL,FERTILIZANTES FULLTEC SRL,"ACIDO FOSFORICO 25%, ALCOHOL LAURICO ETOXILADO 3%",III
42600,GLUFULTRA,FUHUA CHEMICALS ARGENTINA S.A.U.,GLUFOSINATO DE AMONIO 20%,III
42599,DURANOR PLUS,ATANOR SOCIEDAD EN COMANDITA POR ACCIONES,"DICAMBA 88,5%",III
42598,GALGOIL EXTREMO,CHEMOTECNICA S. A.,ESTERES METILICOS DE ACIDOS GRASOS DE ACEITE VEGETAL 70%,IV
42597,MIZIL 50,SINER S A,IMAZALIL 50%,II
42596,EXTREMITO,TECNOMYL S. A.,ESTERES METILICOS DE ACIDOS GRASOS DE ACEITE VEGETAL 82%,IV
42595,SALVITEC OIL,HIJOS DE SALVADOR MUÑOZ S. A.,ESTERES METILICOS DE ACIDOS GRASOS DE ACEITE DE SOJA 76%,IV
42594,EFIMAX FLUMET,AGRICULTORES FEDERADOS ARGENTINOS SOC COOP LTDA,"FLUDIOXONIL 2,5%, METALAXIL -M 1%",IV
42593,DICLOSULAM 84% DELTA AGRO,AGROINSUMOS B Y L S.A.,DICLOSULAM 84%,IV
42592,XPRAYDEG,WECAN AGRO SA,"ALCOHOL GRASO ETOXILADO 15%, ALCOHOL LAURICO ETOXILADO 15%",IV
42591,"2,4D 97 CROP",CARGILL SOCIEDAD ANONIMA COMERCIAL E INDUSTRIAL,"2,4 D 97%",II
42590,"VITALS GLIFOSATO 75,7% SG",RIBOLDI S A,"GLIFOSATO 75,7%",III
42589 BIO,ENDURO,BROMETAN S. R. L.,"BACILLUS AMYLOLIQUEFACIENS 2%, BACILLUS THURINGIENSIS 2%, Bacillus Velezensis 2%",IV
42588,GALLERY,CORTEVA AGRISCIENCE ARGENTINA SRL,ISOXABEN 50%,IV
42587,NXTRA GOLD,WECAN AGRO SA,"ALCOHOL GRASO ETOXILADO 15%, ALCOHOL LAURICO ETOXILADO 15%",IV
42586,SYSTHANE EC,CORTEVA AGRISCIENCE ARGENTINA SRL,MICLOBUTANIL 24%,III
42585,GLUFOSINATO 20 LUXIA,JLB Y ASOCIADOS S.A,GLUFOSINATO DE AMONIO 20%,III
42584,ATRAZINA 90 WG SIGMA,SIGMA AGRO S.A,ATRAZINA 90%,III
42583,ACTION S-ZONE,WECAN AGRO SA,SULFENTRAZONE 50%,III
42582,DINO CONTROLER,AGROFACIL S A,DINOTEFURAN 20%,IV
42581,RESIDUAL SL,SUMITOMO CHEMICAL ARGENTINA S.A.,"IMAZAPIR 58,9%",III
42580,ZENITSU BIORATIONAL,SUMMIT AGRO ARGENTINA S A,PROHEXADIONE DE CALCIO 25%,III
42579,DIQUAT 20 LUXIA,JLB Y ASOCIADOS S.A,DIQUAT 20%,II
42578,SALCO,FARMCHEM SA,"2,4 D 66,9%",II
42577,INSIGNIA +,ALLTEC S A,ESTERES METILICOS DE ACIDOS GRASOS DE ACEITE VEGETAL 49%,IV
42576,AERO DRIFT,ALLTEC S A,"ALCOHOL GRASO ETOXILADO 35%, ALCOHOL LINEAL ETOXILADO 35%, ALCOHOLES GRASOS 35%",IV
42575,DICLOSULAM 84% DELTA,DELTA AGROINSUMOS S.A.,DICLOSULAM 84%,IV
42574,SIMBIOSIS MAXX,CHEMOTECNICA S. A.,"BIFENTRIN 4%, IMIDACLOPRID 20%, LAMBDA-CIALOTRINA 2%",II
42573,OPERITA AGROTERRUM,AGROTERRUM S. A.,"EPOXICONAZOLE 5%, PIRACLOSTROBIN 13,3%",II
42572,HORNET,PROQUIMUR SA,"ACETAMIPRID 10%, BIFENTRIN 7,2%",II
42571,MANCOZEB 80 WP SURCOS,SURCOS S.A.,MANCOZEB 80%,III
42570,PLUS CONTROL,QUMEX S.A.,ALCOHOL GRASO ETOXILADO 70%,III
42569,"TERBYNE 87,5",SIPCAM ARGENTINA S.R.L.,"TERBUTILAZINA 87,5%",III
42568,SAFL,ADAMA ARGENTINA SOCIEDAD ANONIMA,SAFLUFENACIL 16%,II
42567,BRIMOPOL PLUS,QUMEX S.A.,"ACIDO ACETICO 35%, LECITINA DE SOJA 35%",III
42566,SINATO 20,SIGMA AGRO S.A,GLUFOSINATO DE AMONIO 20%,III
42565,"2,4 D MICRO CROPMAX",CROPMAX S.A,"2,4 D 30%",II
42564,FOGON EBC,ENRIQUE M BAYA CASAL S. A.,SAFLUFENACIL 70%,III
42563,SUNWARD PLUS,RAINBOW AGROSCIENSES SA,"ISOXAFLUTOLE 22,5%, TIENCARBAZONE METIL 9%",III
42562,HENKA,S ANDO Y CIA SACIIF,"SPIROTETRAMAT 22,4%",III
42561,TOPMAZIN,RAINBOW AGROSCIENSES SA,"TOPRAMEZONE 33,6%",III
42560,FOMESAFEN SURCOS,SURCOS S.A.,"FOMESAFEN 12,5%",IV
42559,CAMPO SEAL III,PROCHEM BIO SA.,"AZOXISTROBINA 20%, CIPROCONAZOLE 8%",II
42558,ADEMYL TOP,TECNOMYL S. A.,ALCOHOL LAURICO ETOXILADO 20%,IV
42557,VITALS HALOXI 54,TAEPING S.A.,HALOXIFOP-P METIL 54%,III
42556,SURFAWET PLUS,ENDROP S.R.L.,ALCOHOL GRASO ETOXILADO 25%,IV
42555,MICRO E,MOLISOLES S.A.,"ESTERES METILICOS DE ACIDOS GRASOS DE ACEITE DE SOJA 70%, ESTERES METILICOS DE ACIDOS GRASOS DE ACEITE VEGETAL 70%",IV
42554,POLIMITIC,RAINBOW AGROSCIENSES SA,CLORANTRANILIPROLE 35%,III
42553,FOMESAFEN 25 XIAN,SIGMA AGRO S.A,"FOMESAFEN 26,25%",III
42552,ATRA 90 WG SIGMA,SIGMA AGRO S.A,ATRAZINA 90%,III
42551,FLUROXIPIR 48 JLB ADVANCE,JLB Y ASOCIADOS S.A,FLUROXIPIR MEPTIL 48%,III
42550,KARATE TRAP,SYNGENTA AGRO SOCIEDAD ANONIMA,"LAMBDA-CIALOTRINA 1,5%",III
42548,CLORANTRANILIPROLE 20 SINO-AGRI,SAL ARGENTINA S.R.L.,CLORANTRANILIPROLE 20%,IV
42547,AMEX 50,SINER S A,AMETRINA 50%,II
42546,SALNATE 20,SAL ARGENTINA S.R.L.,GLUFOSINATO DE AMONIO 20%,III
42545,CORRECTOR APC,GRUPO APC SA,ACIDO FOSFORICO 35%,III
42544,METILTIOFANATO 70 SULPHUR,SULPHUR MILLS SA,METIL TIOFANATO 70%,III
42543,AMISTAR PRO,SYNGENTA AGRO SOCIEDAD ANONIMA,"AZOXISTROBINA 16%, PROTIOCONAZOLE 17,5%",IV
42542,FLUXYL,UPL ARGENTINA S. A.,"FLUDIOXONIL 2,5%, METALAXIL 3,75%",IV
42541,FIPRO 20 DELTA AGRO,AGROINSUMOS B Y L S.A.,FIPRONIL 20%,II
42540,"ABAMECTINA 8,4 ACTION I",PEREZ JOSE ALBERTO,"ABAMECTINA 8,4%",II
42539,AUTHENCE CON TECNOLOGIA VIRESTINA,SYNGENTA AGRO SOCIEDAD ANONIMA,METPROXYBICYCLONA 20%,III
42538,PLANEADOR,NGC AGROSCIENCES ARGENTINA S.A.,"CLORANTRANILIPROLE 10%, LAMBDA-CIALOTRINA 5%",II
42537,AGROENERGY MIXER,QUIMICA ROS S A I C,"ALCOHOL GRASO ETOXILADO 15%, ALCOHOL LAURICO ETOXILADO 15%",IV
42536,MULTIPLICAR 25 EC PHILAGRO,PHILAGRO S.A,DIFENOCONAZOLE 25%,III
42535,VITALS GLUFO MAX,TUCAGRO S. R. L.,GLUFOSINATO DE AMONIO 50%,III
42534,CLETODIM 36 CROPENCY,PRO CROP S.A.,CLETODIM 36%,III
42533,HEAT SC,BASF AGRICULTURAL SOLUTIONS ARGENTINA S.A.,"SAFLUFENACIL 34,2%",III
42532,EMULSOR EVO,RIZOBACTER ARGENTINA S A,ALCOHOL GRASO ETOXILADO 48%,III
42531,GLUFOSINATO DE AMONIO LEYCO,AGROFACIL S A,GLUFOSINATO DE AMONIO 20%,III
42530,MENTOR ACA 20,ASOCIACION DE COOPERATIVAS ARGENTINAS - COOP. LTDA.,CLORANTRANILIPROLE 20%,IV
42529,"2,4 D ME CROPENCY",PRO CROP S.A.,"2,4 D 30%",II
42528,HALOXIFOP PREMIUM KEMSURE,AGROEMPRESA COLON S.A.,HALOXIFOP-P METIL 54%,II
42527,TROPUP,TROPFEN S. A.,"MEZCLA DE TRIOLEATO DE POLIGLICEROL Y SORBITAN ESTER POLIETOXILADO 96,5%",IV
42526,NICOSULFURON 75 JLB,JLB Y ASOCIADOS S.A,NICOSULFURON 75%,IV
42525,TROPHI,TROPFEN S. A.,"MEZCLA DE TRIOLEATO DE POLIGLICEROL Y SORBITAN ESTER POLIETOXILADO 96,5%",IV
42524,GL-IMPACT ULTRA,MS AGRO S.R.L.,"GLIFOSATO 75,7%",III
42523,ALCONAMI,ARANAMI INDUSTRIAL S.A.,"ALCOHOL GRASO ETOXILADO 15%, ALCOHOL LAURICO ETOXILADO 15%",IV
42522,ADAMA DEFERON EHE,ADAMA ARGENTINA SOCIEDAD ANONIMA,"2,4 D 97%",II
42521,SAP MAX,ARANAMI INDUSTRIAL S.A.,"GLIFOSATO 75,7%",III
42520,TERBUTILAZINA PHILAGRO,SOUTH AGRO S. R. L.,TERBUTILAZINA 50%,III
42519,GLUFOSINATO 28 CROP,CARGILL SOCIEDAD ANONIMA COMERCIAL E INDUSTRIAL,GLUFOSINATO DE AMONIO 28%,IV
42518,EXPANSION CLETODIM 24,UNION AGRICOLA DE AVELLANEDA COOP LTDA,CLETODIM 24%,III
42517,VITTA GLIFO SG,ADN AGRO S.A.,"GLIFOSATO 75,7%",III
42516,TRIFLOXISTROBIN 50 WG YONON,REGISTROS AGROPECUARIOS SRL,TRIFLOXISTROBIN 50%,III
42515,ATANOR DIFLUFENICAN 50 SC,ATANOR SOCIEDAD EN COMANDITA POR ACCIONES,DIFLUFENICAN 50%,IV
42514,BERSAM,CHEMOTECNICA S. A.,FLUMETSULAM 12%,IV
42513,FOMEFLAG PLUS,RAINBOW AGROSCIENSES SA,"BENAZOLIN ETIL 30%, FOMESAFEN 25%",III
42512,FORIDE PLUS,RAINBOW AGROSCIENSES SA,"BROMOXINIL 28,8%, FLUROCLORIDONA 15%",II
42511 BIO,CERDANA-D,CERGEN S R L,,IV
42510,ENOIL DRIVER,ENDROP S.R.L.,"ESTERES METILICOS DE ACIDOS GRASOS DE ACEITE VEGETAL 76,6%",IV
42509,BIOMETIL,MOLISOLES S.A.,"ESTERES METILICOS DE ACIDOS GRASOS DE ACEITE DE SOJA 70%, ESTERES METILICOS DE ACIDOS GRASOS DE ACEITE VEGETAL 70%",IV
42508,BIFENTRIN 25 CAMPO,PROCHEM BIO SA.,BIFENTRIN 25%,II
42507,SYNFUME,CHEMOTECNICA S. A.,FOSFURO DE ALUMINIO 57%,Ia
42506,VITALS FOMESA,ADN AGRO S.A.,"FOMESAFEN 26,25%",III
42505,VITALS DUAL,ADN AGRO S.A.,S-METOLACLORO 96%,III
42504,VITTA QUAT,ADN AGRO S.A.,"PARAQUAT DICLORURO 27,6%",II
42503,YETI PRO,SIPCAM ARGENTINA S.R.L.,"AZOXISTROBINA 20%, CIPROCONAZOLE 8%",II
42502,BLASTOR,RAINBOW AGROSCIENSES SA,BIFENTRIN 40%,II
42501,IMIDRA 60 FS,RAINBOW AGROSCIENSES SA,IMIDACLOPRID 60%,II
42500,CLETO 36 AGROTERRUM,AGROTERRUM S. A.,CLETODIM 36%,III
42499,DIURONIX,RAINBOW AGROSCIENSES SA,DIURON 80%,III
42498,TERBUTILAZIN 50 E,REGISTROS AGROPECUARIOS SRL,TERBUTILAZINA 50%,II
42497,TERBUTILAZIN 50 D,REGISTROS AGROPECUARIOS SRL,TERBUTILAZINA 50%,II
42496,TECNOSULFONE MYL BB,TECNOMYL S. A.,PIROXASULFONE 85%,IV
42495,TECNOSULFONE MYL AA,TECNOMYL S. A.,PIROXASULFONE 85%,IV
42494,VICTRATO GOLD,SYNGENTA AGRO SOCIEDAD ANONIMA,"CYCLOBUTRIFLURAM 25%, DIFENOCONAZOLE 6,25%, FLUDIOXONIL 5%, METALAXIL -M 5%",III
42493,IMIDA 35 FALCROP,FALCROP S. A.,IMIDACLOPRID 35%,II
42492,METRIXOR,RAINBOW AGROSCIENSES SA,METRIBUZIN 48%,III
42491,ACERION 75 SP,RAINBOW AGROSCIENSES SA,ACEFATO 75%,II
42490,BENZOMASS,SOUTH AGRO S. R. L.,"BENZOATO DE EMAMECTINA 4%, LUFENURON 16%",II
42489,"2,4D COLINA ACA",ASOCIACION DE COOPERATIVAS ARGENTINAS - COOP. LTDA.,"2,4 D 66,9%",II
42488,PROTIO 17.5 + TRIFLOXI 15 DELTA AGRO,AGROINSUMOS B Y L S.A.,"PROTIOCONAZOLE 17,5%, TRIFLOXISTROBIN 15%",III
42487,METOMIL 90 AGROTERRUM,AGROTERRUM S. A.,METOMIL 90%,Ib
42486,SULFENTRAZONE 50 SC MAX,REGISTROS AGROPECUARIOS SRL,SULFENTRAZONE 50%,III
42485,AERO MIST,ALLTEC S A,"ALCOHOL GRASO ETOXILADO 35%, ALCOHOL LINEAL ETOXILADO 35%, ALCOHOLES GRASOS 35%",IV
42484,FLUAZINAM 50 DELTA AGRO,AGROINSUMOS B Y L S.A.,FLUAZINAM 50%,III
42483,AERO SHIELD,ALLTEC S A,"ALCOHOL GRASO ETOXILADO 35%, ALCOHOL LINEAL ETOXILADO 35%, ALCOHOLES GRASOS 35%",IV
42482,ANCOM DIURON 80 WG,GOLDAR DANIEL EDMUNDO,DIURON 80%,III
42481,PARAQUAT LQ,LANTHER QUIMICA S. A.,"PARAQUAT DICLORURO 27,6%",II
42480,GLIFOSATO MAX ET 75.7%,E-TONG ARGENTINA SA,"GLIFOSATO 75,7%",III
42479,DIFENO 25 PRODINSA,PRODINSA ARGENTINA S A,DIFENOCONAZOLE 25%,III
42478,"GLIFOSATO 75,7 SG III KEMSURE",AGROEMPRESA COLON S.A.,"GLIFOSATO 75,7%",IV
42477,DIFLU 50 SC DELTA AGRO,AGROINSUMOS B Y L S.A.,DIFLUFENICAN 50%,IV
42476,DIFLU 50 CONTROLER III,AGROFACIL S A,DIFLUFENICAN 50%,IV
42475,DIFLUFENICAN 50% EBC,ENRIQUE M BAYA CASAL S. A.,DIFLUFENICAN 50%,IV
42474,FLETRIX,RAINBOW AGROSCIENSES SA,"PIROXASULFONE 42,5%",III
42473,HERBIX,RAINBOW AGROSCIENSES SA,"PIROXASULFONE 42,5%",III
42472,PIRAX,RAINBOW AGROSCIENSES SA,"CLORANTRANILIPROLE 10%, LAMBDA-CIALOTRINA 5%",III
42471,CORBUIN,RAINBOW AGROSCIENSES SA,"CLORANTRANILIPROLE 10%, LAMBDA-CIALOTRINA 5%",III
42470,GLY FULL SIGMA,SIGMA AGRO S.A,"GLIFOSATO 66,2%",IV
42469,LORQUIN,RAINBOW AGROSCIENSES SA,"CLORANTRANILIPROLE 10%, LAMBDA-CIALOTRINA 5%",III
42468,GLY POTASICO SIGMA,SIGMA AGRO S.A,GLIFOSATO 77%,III
42467,GLY MAX SIGMA,SIGMA AGRO S.A,"GLIFOSATO 75,7%",IV
42466,SUINLEN,RAINBOW AGROSCIENSES SA,"CLORANTRANILIPROLE 10%, LAMBDA-CIALOTRINA 5%",III
42465,VITALS METRIBUZIN,ADN AGRO S.A.,METRIBUZIN 48%,II
42464,"2,4-D EHE 97 DELTA AGRO",AGROINSUMOS B Y L S.A.,"2,4 D 97%",II
42463,CLORO 72 DELTA AGRO,AGROINSUMOS B Y L S.A.,CLOROTALONIL 72%,III
42462,ACEFATO 75 AGROTERRUM,AGROTERRUM S. A.,ACEFATO 75%,II
42461,SILICONADO SHIRIKON,S ANDO Y CIA SACIIF,ESTERES METILICOS DE ACIDOS GRASOS DE ACEITE DE SOJA 70%,IV
42460,PHILAMEC PLUS,PHILAGRO S.A,"ABAMECTINA 8,4%",II
42459,CONQUER MAX,RIZOBACTER ARGENTINA S A,"ESTERES METILICOS DE ACIDOS GRASOS DE ACEITE DE SOJA 75%, ESTERES METILICOS DE ACIDOS GRASOS DE ACEITE VEGETAL 75%",IV
42458,SUGARCLEAN,RAINBOW AGROSCIENSES SA,AMETRINA 80%,II
42457,WEEDPURGE,NGC AGROSCIENCES ARGENTINA S.A.,"PENDIMETALIN 45,5% p/v",III
42456,BATALIUM PRO,UPL ARGENTINA S. A.,"CLODINAFOP PROPARGIL 10%, CLOQUINTOCET MEXIL 2,9%, FLUCARBAZONE SODICO 14%, METRIBUZIN 34%",II
42455,PIRIPROX IA,PODLESCH SOCIEDAD ANONIMA,PIRIPROXIFEN 10%,IV
42454,AKO FLY,AKO S.R.L.,ALCOHOL LAURICO ETOXILADO 30%,IV
42452,VOLIAM 20,SYNGENTA AGRO SOCIEDAD ANONIMA,CLORANTRANILIPROLE 20%,IV
42451,TUMBLER PRO,JLB Y ASOCIADOS S.A,"LUFENURON 5%, PROFENOFOS 50%",II
42450 BIO,BEATRAP,NITRAP SOCIEDAD DE RESPONSABILIDAD LIMITADA,BEAUVERIA BASSIANA 3%,IV
42449,MAX TECH,LABORATORIO BIOTECH SA,"FLUDIOXONIL 2,5%, METALAXIL -M 1%",IV
42448,FIPRONIL FORMULAGRO,FORMULAGRO SOCIEDAD RESPONSABILIDAD LIMITADA,FIPRONIL 20%,II
42447,ASCARISCER PARKER,COMPAÑIA ASCARISCER S.A.,"DELTAMETRINA 2,5%",II
42446,PIROXACTION,WECAN AGRO SA,PIROXASULFONE 48%,IV
42445,STAR-TAG 10% EC,TAGROS ARGENTINA S.R.L.,BIFENTRIN 10%,II
42444,GLIFOSATO 75.7 CROP,CARGILL SOCIEDAD ANONIMA COMERCIAL E INDUSTRIAL,"GLIFOSATO 75,7%",IV
42443,LOMBOK SC,CARGILL SOCIEDAD ANONIMA COMERCIAL E INDUSTRIAL,"AZOXISTROBINA 20%, CIPROCONAZOLE 8%",III
42442,FLUMIOXAZIN 48 EBC,ENRIQUE M BAYA CASAL S. A.,FLUMIOXAZIN 48%,III
42441,ATRAZINA 90 CROP,CARGILL SOCIEDAD ANONIMA COMERCIAL E INDUSTRIAL,ATRAZINA 90%,IV
42440,SARAMAX 96 EC,ADAMA ARGENTINA SOCIEDAD ANONIMA,S-METOLACLORO 96%,III
42439,BIOACKER TUTOR,BIOACKER S.A.,ACIDO FOSFORICO 50%,III
42438,EVOLVE,NOVA S. A. U.,"FLUMIOXAZIN 4,8%, IMAZETAPIR 7%, METRIBUZIN 32%",II
42437,RESCATE PRODINSA,PRODINSA ARGENTINA S A,"ALCOHOL GRASO ETOXILADO 48%, ALCOHOL LAURICO ETOXILADO 48%, ALCOHOL LINEAL ETOXILADO 48%",IV
42436,LX CONTROL SUPEREMULSIONANTE,AGROSS S.R.L.,ALCOHOL LAURICO ETOXILADO 48%,III
42435,PATRA,FITOQUIMICA S.A.,CLETODIM 24%,III
42434,PARAQUAT CAS,TRAPALCO S.A.,"PARAQUAT DICLORURO 27,6%",II
42433,AGROZINAM 50 SC,NGC AGROSCIENCES ARGENTINA S.A.,FLUAZINAM 50%,III
42432,ZIERRA FUSION,CORTEVA AGRISCIENCE ARGENTINA SRL,SULFOXAFLOR 50%,IV
42431,CORAGEN STAR,FMC QUIMICA S. A.,"BIFENTRIN 19,5%, CLORANTRANILIPROLE 6%",III
42430,APTUM,PROQUIMUR SA,"CLOQUINTOCET MEXIL 1,25%, PINOXADEN 5%",III
42429,QUELATOR,RIZOBACTER ARGENTINA S A,"MEZCLA DE ACIDOS FOSFONICOS DTPMP + ATMP 48,74%",II
42428,KRAFT,NOVA S. A. U.,ALCOHOL GRASO ETOXILADO 40%,IV
42427,SETUP,NOVA S. A. U.,ALCOHOL GRASO ETOXILADO 2%,IV
42426,GLUFOSINATO DE AMONIO LEYCO,MS AGRO S.R.L.,GLUFOSINATO DE AMONIO 20%,III
42425,METILACKER,NUPROAGRO S.A.,ESTERES METILICOS DE ACIDOS GRASOS DE ACEITE DE SOJA 80%,IV
42424,BIOACKER TITAN,NUPROAGRO S.A.,ESTERES METILICOS DE ACIDOS GRASOS DE ACEITE DE SOJA 80%,IV
42423,BIOACKER BRAVERO,NUPROAGRO S.A.,ESTERES METILICOS DE ACIDOS GRASOS DE ACEITE DE SOJA 80%,IV
42422,BIOACKER PEGASO,NUPROAGRO S.A.,ALCOHOL LAURICO ETOXILADO 48%,IV
42421,BIOACKER VECTOR,NUPROAGRO S.A.,ALCOHOL LAURICO ETOXILADO 48%,IV
42420,METRIBUZIN 48 JLB,JLB Y ASOCIADOS S.A,METRIBUZIN 48%,II
42419,FORTEC,LOBATO RODOLFO ANIBAL,"FIPRONIL ,003%",IV
42418,DUOSEM PLUS DMI,PRODINSA ARGENTINA S A,"DIFENOCONAZOLE 3,69%, IMIDACLOPRID 12%, METALAXIL ,62%",III
42417,BETER STICK,DESARROLLOS BIOTECNOLOGICOS S.A.,ALCOHOL LAURICO ETOXILADO 25%,III
42416,BRINKA,UPL ARGENTINA S. A.,SPIRODICLOFEN 24%,III
42415,BRONYA,UPL ARGENTINA S. A.,PIROXASULFONE 85%,IV
42414,INSIDE,ENDROP S.R.L.,"ALCOHOL GRASO ETOXILADO 48%, ALCOHOL LAURICO ETOXILADO 48%, ALCOHOL LINEAL ETOXILADO 48%",IV
42413,EQUA,WOHR QUIMICA SOCIEDAD DE RESPONSABILIDAD LIMITADA,ESTERES METILICOS DE ACIDOS GRASOS DE ACEITE DE SOJA 70%,IV
42412,NORTHVANT MICRO E,CONTI MARTIN JOSE,ALCOHOL GRASO ETOXILADO 25%,IV
42411,ACCEL,SUMITOMO CHEMICAL ARGENTINA S.A.,"6 BENCILADENINA 1,9%",IV
42410,TOMBER PLUS,GLEBA S A,"DIURON 6%, TIDIAZURON 12%",IV
42409,PATRULLA,SINER S A,SPINOSAD 48%,IV
42408,CATEDRA 20 ME,CHEMOTECNICA S. A.,DICAMBA 20%,III
42407,PRICKER 20 ME,CHEMOTECNICA S. A.,DICAMBA 20%,III
42406,CLORANTRA 20 VERTISOLES,VERTISOLES S.R.L,CLORANTRANILIPROLE 20%,IV
42405,TIAMETOXAM 25 VERTISOLES,VERTISOLES S.R.L,TIAMETOXAM 25%,IV
42404,POLARIS ESSENTIALS,ADAMA ARGENTINA SOCIEDAD ANONIMA,"GLIFOSATO 74,7%",III
42403,"2,4-D ACTION PRO 97",ASOCIACION DE COOPERATIVAS ARGENTINAS - COOP. LTDA.,"2,4 D 97%",II
42402,ABAMECTINA 3.6 CAMPO,PROCHEM BIO SA.,"ABAMECTINA 3,6%",II
42401,"ABAMECTINA 8,4 DELTA AGRO",WECAN AGRO SA,"ABAMECTINA 8,4%",II
42400,ATRAZINA PRODINSA 90 W,PRODINSA ARGENTINA S A,ATRAZINA 90%,IV
42399,FLUMIO 48 CONTROLER,AGROFACIL S A,FLUMIOXAZIN 48%,IV
42398,FLUMI 48 SIGMA,SIGMA AGRO S.A,FLUMIOXAZIN 48%,III
42397,BIOACKER MARISCAL,BIOACKER S.A.,ESTERES METILICOS DE ACIDOS GRASOS DE ACEITE VEGETAL 48%,III
42396,ELEVUS XTRA,GLEBA S A,"PIRACLOSTROBIN 19%, PROTIOCONAZOLE 15%",II
42395,GLUFOSINATO 20 SINO-AGRI,SAL ARGENTINA S.R.L.,GLUFOSINATO DE AMONIO 20%,III
42394,TELDOR 50 SC,AGRO BAYER S. R. L.,FENHEXAMID 50%,III
42393,ULTRA BLACK,ALLTEC S A,"ALCOHOL GRASO ETOXILADO 35%, ALCOHOL LINEAL ETOXILADO 35%, ALCOHOLES GRASOS 35%",IV
42392,AT GOLD,ALLTEC S A,ESTERES METILICOS DE ACIDOS GRASOS DE ACEITE VEGETAL 49%,IV
42391,PROMECHEM,CHEMOTECNICA S. A.,PROMETRINA 50%,III
42390,SILIOIL,AGRICULTORES FEDERADOS ARGENTINOS SOC COOP LTDA,"ESTERES METILICOS DE ACIDOS GRASOS DE ACEITE DE SOJA 75%, ESTERES METILICOS DE ACIDOS GRASOS DE ACEITE VEGETAL 75%",IV
42389,FIDEMAX TERBUTILAZINA 50,AGRICULTORES FEDERADOS ARGENTINOS SOC COOP LTDA,TERBUTILAZINA 50%,III
42388,"ABAMECTINA FARM CHEMICALS SUPER FORTE 8,4 SC",FARM CHEMICALS ARGENTINA S.R.L,"ABAMECTINA 8,4%",II
42387,FULLTEC DRONE,FERTILIZANTES FULLTEC SRL,ALCOHOL LAURICO ETOXILADO 22%,IV
42386,CLORANTRA 20 LUXIA,JLB Y ASOCIADOS S.A,CLORANTRANILIPROLE 20%,IV
42385,SPARK,TECNOAGRO SRL,FLUDIOXONIL 23%,IV
42384,PIROXA DVA 85,DVA AGRO GMBH S.E.E.,PIROXASULFONE 85%,III
42383,"2,4-D ME L D",3 LOMAS S.A.,"2,4 D 30%",III
42382,FLUMI 48 QZ,QUAZAR SA,FLUMIOXAZIN 48%,IV
42381,ARA CORRECTOR PH,ARANAMI INDUSTRIAL S.A.,ACIDO FOSFORICO 50%,III
42380,PRETORIAN SF,RIZOBACTER ARGENTINA S A,"FLUDIOXONIL 2,5%, METALAXIL -M 1%",IV
42379,PROTECT PREMIUM,LABORATORIO QUIMECO S.R.L.,"FLUDIOXONIL 2,5%, METALAXIL -M 1%",IV
42378,AGRO OXI Cu,AGRO-ALIANZA SA,"OXIDO CUPROSO 56,3%",II
42377,"ABAMECTINA CIBELES 8,4 SC",COMPAÑIA DE INSUMOS Y GRANOS S A,"ABAMECTINA 8,4%",II
42376,ARAPIRIPROX,ARANAMI INDUSTRIAL S.A.,PIRIPROXIFEN 10%,IV
42375,TRIBUTE 70 WG,SULPHUR MILLS SA,METRIBUZIN 70%,III
42374,DICAMBA ME JLB,JLB Y ASOCIADOS S.A,DICAMBA 20%,III
42373 BIO,PROTERGIUM TRICHOPROTECT,PROTERGIUM AGROCIENCIAS S. A.,TRICHODERMA HARZIANUM 2%,IV
42372,EFIMAX GLIFOSATO 74.7 S,AGRICULTORES FEDERADOS ARGENTINOS SOC COOP LTDA,"GLIFOSATO 74,7%",III
42371,SPEEDWET SAPPHIRE,SPEEDAGRO S.R.L.,ALCOHOL LINEAL ETOXILADO 25%,IV
42370,HIDROCHEM,SIPSACHEM SA,HIDROXIDO DE COBRE 77%,II
42369,CLEVEROLE XTRA,RAINBOW AGROSCIENSES SA,CLORANTRANILIPROLE 35%,III
42368,EXTREMO,TECNOMYL S. A.,ESTERES METILICOS DE ACIDOS GRASOS DE ACEITE VEGETAL 70%,IV
42367,COLOSSO 20 B,ZSCHEM ARGENTINA S. A.,CLORANTRANILIPROLE 20%,IV
42366,COLOSSO 20 A,WECAN AGRO SA,CLORANTRANILIPROLE 20%,IV
42365,#HASHTAG DUO,FARM CHEMICALS ARGENTINA S.R.L,"ACETAMIPRID 8%, NOVALURON 10%",II
42364,NEORAM,AGRI STAR S. A.,OXICLORURO DE COBRE 63%,III
42363,BIO H PLUS,WECAN AGRO SA,"ALCOHOL GRASO ETOXILADO 15%, ALCOHOL LAURICO ETOXILADO 15%",IV
42362,ARAFLUMIO 48,ARANAMI INDUSTRIAL S.A.,FLUMIOXAZIN 48%,IV
42361,AG PRO XLERATOR,BORTOLOTTI GABRIEL ADRIAN,"ALCOHOL GRASO ETOXILADO 48%, ALCOHOL LAURICO ETOXILADO 48%, ALCOHOL LINEAL ETOXILADO 48%",IV
42360,AG SIL XLERATOR,BORTOLOTTI GABRIEL ADRIAN,"ALCOHOL GRASO ETOXILADO 48%, ALCOHOL LAURICO ETOXILADO 48%, ALCOHOL LINEAL ETOXILADO 48%",IV
42359,AG SOLVER,BORTOLOTTI GABRIEL ADRIAN,"ALCOHOL GRASO ETOXILADO 48%, ALCOHOL LAURICO ETOXILADO 48%, ALCOHOL LINEAL ETOXILADO 48%",IV
42358,DECCO TBZ,UPL ARGENTINA S. A.,TIABENDAZOL 50%,III
42357,BENZURON,SOUTH AGRO S. R. L.,"BENZOATO DE EMAMECTINA 4%, LUFENURON 16%",II
42356,LAMIPROLE,NGC AGROSCIENCES ARGENTINA S.A.,"CLORANTRANILIPROLE 10%, LAMBDA-CIALOTRINA 5%",II
42355,"GLIFOSATO GRANULADO MACROPROTECT 75,7%",LDC ARGENTINA S.A.,"GLIFOSATO 75,7%",IV
42354,SPIROSTAR,AGRI STAR S. A.,"SPIROTETRAMAT 22,4%",III
42353 BIO,CELITE 610,IMERYS MINERALES ARGENTINA S.A.,TIERRA DE DIATOMEAS 100%,IV
42352,"AEROMAX 8,4 IA",PODLESCH SOCIEDAD ANONIMA,"ABAMECTINA 8,4%",II
42351,"ARAMEC 8,4",ARANAMI INDUSTRIAL S.A.,"ABAMECTINA 8,4%",II
42350,CLORANTRANILIPROL 20% EBC,ENRIQUE M BAYA CASAL S. A.,CLORANTRANILIPROLE 20%,IV
42349,SYMPHONY 96,ATANOR SOCIEDAD EN COMANDITA POR ACCIONES,S-METOLACLORO 96%,III
42347,FLAULEN,RAINBOW AGROSCIENSES SA,"ETIPROLE 35%, FIPRONIL 25%",II
42346,FACHIN,RAINBOW AGROSCIENSES SA,"ETIPROLE 35%, FIPRONIL 25%",II
42345,MISTUIN,RAINBOW AGROSCIENSES SA,"IMAZAMOX 3,48%, IMAZAPIR 1,6%",III
42344,SAFLU MYL,TECNOMYL S. A.,SAFLUFENACIL 70%,IV
42343,FENOMYL MAX,TECNOMYL S. A.,"2,4 D 66,9%",III
42342,DICAMBA 20 ME SIGMA,SIGMA AGRO S.A,DICAMBA 20%,III
42341,FLUAZINAM NOVA 50,NOVA S. A. U.,FLUAZINAM 50%,IV
42340,"2,4D ME LOMAS C",3 LOMAS S.A.,"2,4 D 30%",III
42339,ADHERENTE SMALL DROP,MYRAIZ S.A.S.,"ALCOHOL GRASO ETOXILADO 15%, ALCOHOL LAURICO ETOXILADO 15%",IV
42338,BIOLSOL FULL,JMLV SOCIEDAD POR ACCIONES SIMPLIFICADA,"ALCOHOL GRASO ETOXILADO 15%, ALCOHOL LAURICO ETOXILADO 15%",IV
42337,CINCHA I ZAMBA,COFCO INTERNATIONAL ARGENTINA S.A.,"AZOXISTROBINA 20%, CIPROCONAZOLE 8%",II
42336,ISOXAFLUTOLE 75 WG PROVENTIS,AGROREGISTROS PROFESIONALES S.R.L.,ISOXAFLUTOLE 75%,III
42335,CORRECTOR DE PH SMALL DROP,MYRAIZ S.A.S.,ACIDO FOSFORICO 50%,III
42334,MCPA SELECTIVO FALCROP,FALCROP S. A.,M.C.P.A. 28%,II
42333,VELOX,CHEMOTECNICA S. A.,"LAMBDA-CIALOTRINA 10,6%, TIAMETOXAM 14,1%",II
42332,NEYQUAT,SAN ESTEBAN MATIAS,"PARAQUAT DICLORURO 27,6%",II
42331,TOTAL EBC,ENRIQUE M BAYA CASAL S. A.,ESTERES METILICOS DE ACIDOS GRASOS DE ACEITE VEGETAL 48%,III
42330,PERICON MIX DUO,PRODINSA ARGENTINA S A,"IMIDACLOPRID 23,3%, TEBUCONAZOLE 1,3%",III
42329,INCERIS,DVA AGRO GMBH S.E.E.,CLORANTRANILIPROLE 20%,III
42328,WIDKEM,GLEBA S A,SAFLUFENACIL 70%,III
42327,SAFLUFENACIL 70 WG,AGROTERRUM S. A.,SAFLUFENACIL 70%,III
42326,QUIJOTE PLUS,NITRAP SOCIEDAD DE RESPONSABILIDAD LIMITADA,"ALCOHOL GRASO ETOXILADO 29%, ALCOHOL LINEAL ETOXILADO 29%",III
42325,UPPER,AGROMENDI SA,ALCOHOL GRASO ETOXILADO 10%,IV
42324,GLIFEX PLUS,NUPROAGRO S.A.,"GLIFOSATO 75,7%",III
42323,FIPROCROPS,SURCROPS SRL,FIPRONIL 20%,II
42322,PHEROTEC LOBESIA,AEROTEC ARGENTINA S. A.,"(E,Z)7,9-DODECADIENIL ACETATO 3,6%",IV
42321,ALCATEIA CHDS,CHDS DO BRASIL COMERCIO DE INSUMOS AGRICOLAS LTDA.,"LAMBDA-CIALOTRINA 10,6%, TIAMETOXAM 14,1%",II
42320,ACOPIOIL METILADO,COOPERATIVA AGROPECUARIA DE ACOPIADORES FEDERADOS LIMITADA,"ESTERES METILICOS DE ACIDOS GRASOS DE ACEITE DE SOJA 82%, ESTERES METILICOS DE ACIDOS GRASOS DE ACEITE VEGETAL 82%",IV
42319,CLORANTRA 20 SC,ZSCHEM ARGENTINA S. A.,CLORANTRANILIPROLE 20%,IV
42318,BIOINSECT X,AGRO SUSTENTABLE S.A.,MEZCLA DE ESTERES Y JABONES PROVENIENTES DE ACIDOS GRASOS DE ACEITES VEGETALES TRANSESTERIFICADOS CON GLICERINA. Contiene SUCROGLICERIDOS 80%,IV
42317,BIOINSECT X ECO,AGRO SUSTENTABLE S.A.,MEZCLA DE ESTERES Y JABONES PROVENIENTES DE ACIDOS GRASOS DE ACEITES VEGETALES TRANSESTERIFICADOS CON GLICERINA. Contiene SUCROGLICERIDOS 80%,IV
42316,BIOINSECT H PLUS ECO,AGRO SUSTENTABLE S.A.,MEZCLA DE ESTERES Y JABONES PROVENIENTES DE ACIDOS GRASOS DE ACEITES VEGETALES TRANSESTERIFICADOS CON GLICERINA. Contiene SUCROGLICERIDOS 80%,IV
42315,BIOINSECT H PLUS,AGRO SUSTENTABLE S.A.,MEZCLA DE ESTERES Y JABONES PROVENIENTES DE ACIDOS GRASOS DE ACEITES VEGETALES TRANSESTERIFICADOS CON GLICERINA. Contiene SUCROGLICERIDOS 80%,IV
42314,FLURO CONTROLER,AGROFACIL S A,FLUROCLORIDONA 25%,III
42313,CLORANTRA 20 DELTA AGRO,AGROINSUMOS B Y L S.A.,CLORANTRANILIPROLE 20%,IV
42312,CLORANTRA B,SOUTH AGRO S. R. L.,CLORANTRANILIPROLE 20%,IV
42311,VITALS PARAQUAT,RIBOLDI S A,"PARAQUAT DICLORURO 27,6%",II
42310,ENTORNO,CHEMOTECNICA S. A.,FLUROXIPIR MEPTIL 48%,III
42309,TEMBOTRI PLUS,AGROCAC S.R.L.,"ATRAZINA 50%, TEMBOTRIONE 3,3%",II
42308,DASH GREEN,BASF ARGENTINA S. A.,"MEZCLA DE TRIOLEATO DE POLIGLICEROL Y SORBITAN ESTER POLIETOXILADO 96,5%",IV
42307,ALEA,BASF AGRICULTURAL SOLUTIONS ARGENTINA S.A.,SAFLUFENACIL 70%,III
42306,VESAMBIX,BASF AGRICULTURAL SOLUTIONS ARGENTINA S.A.,SAFLUFENACIL 70%,III
42305,NUPROSPRAY SILICONADO,NUPROFER S. A.,ALCOHOL LAURICO ETOXILADO 35%,IV
42304,TOP MEZCLAS,NUPROFER S. A.,ALCOHOL LAURICO ETOXILADO 35%,IV
42303,GIZMO 24 EC,SUMITOMO CHEMICAL ARGENTINA S.A.,"CLODINAFOP PROPARGIL 24%, CLOQUINTOCET MEXIL 6%",II
42302,EFIMAX GLIFO 75.7 SG,AGRICULTORES FEDERADOS ARGENTINOS SOC COOP LTDA,"GLIFOSATO 75,7%",IV
42301,BROUZ,GLEBA S A,"BROMOXINIL 34,2%",II
42300,"ABAMECTINA 8,4 ACTION",WECAN AGRO SA,"ABAMECTINA 8,4%",II
42299,IMIDA SQ 60,SERV - QUIM S.A.,IMIDACLOPRID 60%,II
42298,PIROXA WG AGROTERRUM,AGROTERRUM S. A.,PIROXASULFONE 85%,III
42297,FLUPIROX SC AGROTERRUM,AGROTERRUM S. A.,"FLUMIOXAZIN 15%, PIROXASULFONE 34,5%",III
42296,MEDUSA CHDS,CHDS DO BRASIL COMERCIO DE INSUMOS AGRICOLAS LTDA.,TERBUTILAZINA 50%,II
42295,TECNOSULFONE MYL,TECNOMYL S. A.,PIROXASULFONE 85%,IV
42294,ADEMYL,TECNOMYL S. A.,"ALCOHOL GRASO ETOXILADO 15%, ALCOHOL LAURICO ETOXILADO 15%",IV
42293,GREENMAGIC,AGROPRODUCCION ARECO S.A,"ESTERES METILICOS DE ACIDOS GRASOS DE ACEITE DE SOJA 76,6%",IV
42292,IMIFIX WG,XOMEZANA SA,"IMAZAPIC 17,5%, IMAZAPIR 52,5%",III
42291,MT50,DARUMA AGRO S.R.L.,METIL TIOFANATO 50%,III
42290,CLETODIM 24-LANTHER,LANTHER QUIMICA S. A.,CLETODIM 24%,III
42289,AZOX CIPRO KEMSURE,AGROEMPRESA COLON S.A.,"AZOXISTROBINA 20%, CIPROCONAZOLE 8%",II
42288,FLUMIOXAZIN CHDS,CHDS DO BRASIL COMERCIO DE INSUMOS AGRICOLAS LTDA.,FLUMIOXAZIN 48%,III
42287,SULFA,RAINBOW AGROSCIENSES SA,PIROXASULFONE 85%,III
42286,PYRA,SYNGENTA AGRO SOCIEDAD ANONIMA,PIROXASULFONE 85%,III
42285,CELSIUM ACA 85,ASOCIACION DE COOPERATIVAS ARGENTINAS - COOP. LTDA.,PIROXASULFONE 85%,III
42284,HALOXIFOP 54 EC DELTA AGRO,AGROINSUMOS B Y L S.A.,HALOXIFOP-P METIL 54%,III
42283,FIPRONIL ACTION,ARANAMI INDUSTRIAL S.A.,FIPRONIL 20%,II
42282,LEXAN,AGROFINA S A,PIROXASULFONE 48%,IV
42281,OPTERADUO SC,SUMITOMO CHEMICAL ARGENTINA S.A.,"CLORANTRANILIPROLE 3%, CLORFENAPIR 40%",III
42280,FAISÃO CHDS,CHDS DO BRASIL COMERCIO DE INSUMOS AGRICOLAS LTDA.,S-METOLACLORO 96%,III
42279,BENZOMYL PLUS BB,TECNOMYL S. A.,"BENZOATO DE EMAMECTINA 10%, LUFENURON 40%",II
42278,CTPR 20 C,ZSCHEM ARGENTINA S. A.,CLORANTRANILIPROLE 20%,IV
42277,GLOCK 20 SC,NOVA S. A. U.,CLORANTRANILIPROLE 20%,IV
42276,CTPR 20 A,ZSCHEM ARGENTINA S. A.,CLORANTRANILIPROLE 20%,IV
42275,CLORANTRA DK 20 SC,ZSCHEM ARGENTINA S. A.,CLORANTRANILIPROLE 20%,IV
42274,CLORANTRASTAR 20 SC,AGRI STAR S. A.,CLORANTRANILIPROLE 20%,IV
42273,CONTROL QUAT TECH,RIBOLDI S A,"PARAQUAT DICLORURO 27,6%",II
42272,ACEITE METILADO SMALL DROP,MYRAIZ S.A.S.,"ESTERES METILICOS DE ACIDOS GRASOS DE ACEITE DE SOJA 76,6%",IV
42271,SPREAD MSO,MYRAIZ S.A.S.,"ESTERES METILICOS DE ACIDOS GRASOS DE ACEITE DE SOJA 76,6%",IV
42270,TERBUTILAZINA CONTROLER,AGROFACIL S A,TERBUTILAZINA 50%,II
42269,TERBUTILAZIN 50 N,REGISTROS AGROPECUARIOS SRL,TERBUTILAZINA 50%,II
42268,DROP ELIXIR,AGRIDROP S. R. L.,"ESTERES METILICOS DE ACIDOS GRASOS DE ACEITE DE SOJA 82%, ESTERES METILICOS DE ACIDOS GRASOS DE ACEITE VEGETAL 82%",IV
42267,CAMPOFON 48 SL,NGC AGROSCIENCES ARGENTINA S.A.,ETEFON 48%,III
42266,FLUROXIPIR ACTION,WECAN AGRO SA,FLUROXIPIR MEPTIL 48%,III
42265,NATO 20 QZ,QUAZAR SA,GLUFOSINATO DE AMONIO 20%,III
42264,STIGMAR XTRA PRO,CIBELES ARGENTINA S.A.,"AZOXISTROBINA 20%, CIPROCONAZOLE 8%",II
42263,PICLORAM CROP,CARGILL SOCIEDAD ANONIMA COMERCIAL E INDUSTRIAL,"PICLORAM 38,8%",III
42262,TERBUTIL 50%,LABORATORIOS PEYTE S.A.,TERBUTILAZINA 50%,II
42261,GREEN CHOICE GLIFOSATO HUAGRO,HUAGRO S A,"GLIFOSATO 75,7%",III
42260,TIAMETRIN,FARMCHEM SA,"LAMBDA-CIALOTRINA 10,6%, TIAMETOXAM 14,1%",II
42259,AGRINOVO,BROMETAN S. R. L.,SPIROTETRAMAT 15%,III
42258,ROMEL,COMPAÑIA DAB S.R.L.,"ALCOHOL GRASO ETOXILADO 10%, ALCOHOL LAURICO ETOXILADO 10%",III
42257,"FACILY 8,4 SC VERTISOLES",VERTISOLES S.R.L,"ABAMECTINA 8,4%",II
42256,GLIFOSATO MACRO PROTEC,LDC ARGENTINA S.A.,"GLIFOSATO 66,2%",IV
42255,PRONILIPROLE 20%,PROTEGRAN S A,CLORANTRANILIPROLE 20%,IV
42254,PROTEVO FUSION CON TECNOLOGIA ADEPIDYN,CORTEVA AGRISCIENCE ARGENTINA SRL,PIDIFLUMETOFEN 20%,III
42253,PIREX,SINER S A,PIRIMETANIL 40%,III
42252,RYNAGEN 20 SC,CIBELES ARGENTINA S.A.,CLORANTRANILIPROLE 20%,IV
42251,ATANOR GLUFOSINATO DE AMONIO 50 SL,ATANOR SOCIEDAD EN COMANDITA POR ACCIONES,GLUFOSINATO DE AMONIO 50%,III
42250,CROPPA TECH CLETODIM,RIBOLDI S A,CLETODIM 24%,IV
42249,ASHITAKA,ISK ARGENTINA BRANCH,TOLPIRALATE 40%,IV
42248,HATY,ISK ARGENTINA BRANCH,FLONICAMID 50%,IV
42246,"EFIMAX 2,4D EHE 89",AGROFACIL S A,"2,4 D 89%",III
42245,ETIL PRO 89,MS AGRO S.R.L.,"2,4 D 89%",III
42244,"DANKEN 2,4-D 89",ZSCHEM ARGENTINA S. A.,"2,4 D 89%",III
42243,ECOFOG FDL,GLEBA S A,"FLUDIOXONIL 8,16%",IV
42242,DICAMBA 70 SULPHUR,SULPHUR MILLS SA,DICAMBA 70%,III
42241,TBZ 50 SC SIGMA,SIGMA AGRO S.A,TERBUTILAZINA 50%,II
42240,CLORANTRA 20 KEMSURE,AGROEMPRESA COLON S.A.,CLORANTRANILIPROLE 20%,IV
42239,"DICAMBA 57,8 AGNEO",AGROFACIL S A,"DICAMBA 57,8%",III
42238,SMARTPRO EXTREMO,MS AGRO S.R.L.,"ESTERES METILICOS DE ACIDOS GRASOS DE ACEITE DE SOJA 76,6%",IV
42237,TropHI,TROPFEN S. A.,ESTERES METILICOS DE ACIDOS GRASOS DE ACEITE VEGETAL 75%,IV
42236,METALADAB-F,COMPAÑIA DAB S.R.L.,"FLUDIOXONIL 2,5%, METALAXIL 1%",IV
42235,MAXCARFEN,REGISTROS AGROPECUARIOS SRL,CARFENTRAZONE ETIL 40%,III
42234,CL-IMPACT 24,MS AGRO S.R.L.,CLETODIM 24%,III
42233,VITALS S-METO,RIBOLDI S A,S-METOLACLORO 96%,III
42232,VITALS CLETODIM,RIBOLDI S A,CLETODIM 24%,III
42231,VITALS BIFEN 10,RIBOLDI S A,BIFENTRIN 10%,II
42230,ZENITSU,DYEHUTY AGROPECUARIA SRL,PROHEXADIONE DE CALCIO 25%,III
42229,CLORANTRA 20 AGNEO,TAEPING S.A.,CLORANTRANILIPROLE 20%,IV
42228,MAXDICLOS,REGISTROS AGROPECUARIOS SRL,DICLOSULAM 84%,IV
42227,RINAX,LABORATORIOS PEYTE S.A.,CLORANTRANILIPROLE 20%,IV
42226,CLORANTRA SOUTH AGRO,SOUTH AGRO S. R. L.,CLORANTRANILIPROLE 20%,IV
42225,DROP QUALITY,AGRIDROP S. R. L.,"ALCOHOL GRASO ETOXILADO 12%, ALCOHOL LAURICO ETOXILADO 12%",III
42224,AZOXY 20 + CIPRO 8 AGNEO,TAEPING S.A.,"AZOXISTROBINA 20%, CIPROCONAZOLE 8%",II
42223,BIFENTRIN 25 AGNEO,TAEPING S.A.,BIFENTRIN 25%,II
42222,STARZONE 36 CS,AGRI STAR S. A.,CLOMAZONE 36%,III
42221,NUKAMBA,SUMITOMO CHEMICAL ARGENTINA S.A.,"BROMOXINIL 34,2%",II
42220,SINOLIGTNING SL,XOMEZANA SA,"IMAZAMOX 3,5%, IMAZAPIR 1,6%",IV
42219,PILARMEGA,PILARQUIM ARGENTINA S. R. L.,FLUAZINAM 50%,III
42218,"1,4 SIGHT",WAYNE CHEMICAL SRL,"1,4-DIMETILNAFTALENO 100%",III
42217,FLUMETSULAM 12 SC DELTA AGRO,AGROINSUMOS B Y L S.A.,FLUMETSULAM 12%,III
42216,CASSIUS,FARM CHEMICALS ARGENTINA S.R.L,RIMSULFURON 25%,IV
42215,SISTEM,ASOCIACION DE COOPERATIVAS ARGENTINAS - COOP. LTDA.,"ESTERES METILICOS DE ACIDOS GRASOS DE ACEITE DE SOJA 76,6%",IV
42214,LEXION METIL OIL,PRO CROP S.A.,"ESTERES METILICOS DE ACIDOS GRASOS DE ACEITE DE SOJA 0%, ESTERES METILICOS DE ACIDOS GRASOS DE ACEITE VEGETAL 82%",IV
42212,ARAPINOXADEN,ARANAMI INDUSTRIAL S.A.,PINOXADEN 5%,III
42211,TERBUCHEM SC,CHEMOTECNICA S. A.,TERBUTILAZINA 50%,II
42210,GLIFOSATO MAX XIAN,SIGMA AGRO S.A,"GLIFOSATO 75,7%",IV
42209,ATEXZO ANT-F CON TECNOLOGIA PLINAZOLIN,SYNGENTA AGRO SOCIEDAD ANONIMA,"ISOCYCLOSERAM ,3%",IV
42208,BIODROP ME,BIOBACTER S.R.L,"ALCOHOL GRASO ETOXILADO 29%, ALCOHOL LINEAL ETOXILADO 29%",III
42207,MOJO FULL,FRAGARIA S.A.,"ALCOHOL GRASO ETOXILADO 15%, ALCOHOL LAURICO ETOXILADO 15%",IV
42206,"2,4-D 60 DMA SIGMA",SIGMA AGRO S.A,"2,4 D 60%",II
42205,PILARTEP,PILARQUIM ARGENTINA S. R. L.,"PIRACLOSTROBIN 11,5%, TEBUCONAZOLE 23%",II
42204,SULFOZIN,RAINBOW AGROSCIENSES SA,"FLUMIOXAZIN 15%, PIROXASULFONE 34,5%",III
42203,ATANOR METRIBUZIN 48 SC,ATANOR SOCIEDAD EN COMANDITA POR ACCIONES,METRIBUZIN 48%,II
42202,FLUMIOXAZIN CROP,CARGILL SOCIEDAD ANONIMA COMERCIAL E INDUSTRIAL,FLUMIOXAZIN 48%,IV
42201,LOBESIA PRO PRESS,M2I BIOCONTROL ARGENTINA S. A.,"(E,Z)7,9-DODECADIENIL ACETATO 9,6%",IV
42200,OLASOJA II,REGISTROS AGROPECUARIOS SRL,FLUMIOXAZIN 48%,IV
42199,CRUCERO,COMPAÑIA DAB S.R.L.,TIAMETOXAM 60%,III
42198,SINES,COMPAÑIA DAB S.R.L.,"ALCOHOL GRASO ETOXILADO 10%, ALCOHOL LAURICO ETOXILADO 10%",III
42197,DERIDAB,COMPAÑIA DAB S.R.L.,"ALCOHOL GRASO ETOXILADO 10%, ALCOHOL LAURICO ETOXILADO 10%",III
42196 BIO,IMERSILO,IMERYS MINERALES ARGENTINA S.A.,TIERRA DE DIATOMEAS 100%,IV
42195,GRANULADO PLUS,FUHUA CHEMICALS ARGENTINA S.A.U.,"GLIFOSATO 75,7%",III
42194,GRANULADO SUPER,FUHUA CHEMICALS ARGENTINA S.A.U.,"GLIFOSATO 75,7%",III
42193,"GALGORAM 27,8 SL",CHEMOTECNICA S. A.,"PICLORAM 27,8%",IV
42192,"MAXX ABAMECTINA 3,6 EC",CHEMOTECNICA S. A.,"ABAMECTINA 3,6%",II
42191,"GALGO ABAMECTINA 3,6 EC",CHEMOTECNICA S. A.,"ABAMECTINA 3,6%",II
42190,2.4D CONTROLER SAL COLINA,AGROFACIL S A,"2,4 D 66,9%",II
42189,METOXISTAR SC,AGRI STAR S. A.,METOXIFENOCIDE 24%,IV
42188,DROP THOR,AGRIDROP S. R. L.,"ALCOHOL GRASO ETOXILADO 48%, ALCOHOL LAURICO ETOXILADO 48%, ALCOHOL LINEAL ETOXILADO 48%",IV
42187,DROP FLOW,AGRIDROP S. R. L.,"ALCOHOL GRASO ETOXILADO 48%, ALCOHOL LAURICO ETOXILADO 48%, ALCOHOL LINEAL ETOXILADO 48%",IV
42186,DECCO TBZ 50 SC,R&D AGRO CONSULTORA S.A.,TIABENDAZOL 50%,III
42185,EFIMAX CLORANTRA,AGRICULTORES FEDERADOS ARGENTINOS SOC COOP LTDA,CLORANTRANILIPROLE 20%,IV
42184,URANO,GLEBA S A,CLORANTRANILIPROLE 20%,IV
42183,LUFENURON 5 SIGMA,SIGMA AGRO S.A,LUFENURON 5%,IV
42182,ATRAZINA 50 FENDER II,PRO CROP S.A.,ATRAZINA 50%,III
42181,NEW POSTFURO,POST COSECHA S R L,FOSFURO DE ALUMINIO 56%,Ia
42180,GLIFOSATO DMA SIGMA,SIGMA AGRO S.A,"GLIFOSATO 60,8%",IV
42179,K 54,SANTEX S. A.,"GLIFOSATO 66,2%",IV
42178,"2,4 D QUAZAR LV",QUAZAR SA,"2,4 D 89%",III
42177,LOBESIA PRO CAPS,M2I BIOCONTROL ARGENTINA S. A.,"(E,Z)7,9-DODECADIENIL ACETATO 1,72%",IV
42176,CLORANTRA A,SOUTH AGRO S. R. L.,CLORANTRANILIPROLE 20%,IV
42175,TORQUE 96 QZ,QUAZAR SA,S-METOLACLORO 96%,III
42174,AZUFRE 80 JLB,JLB Y ASOCIADOS S.A,AZUFRE 80%,III
42173,ARAMETRIBUZIN 48,ARANAMI INDUSTRIAL S.A.,METRIBUZIN 48%,II
42172,FLUDIOMET M PRODINSA,PRODINSA ARGENTINA S A,"FLUDIOXONIL 2,5%, METALAXIL -M 1%",IV
42171,IDAHO SC,PODLESCH SOCIEDAD ANONIMA,"BOSCALID 25,2%, PIRACLOSTROBIN 12,8%",IV
42170,FOLIARIS,RAINBOW AGROSCIENSES SA,"2,4 D 30%",II
42169,VICTORY,PHILAGRO S.A,"LAMBDA-CIALOTRINA 10,6%, TIAMETOXAM 14,1%",III
42168,CLORANTRA 20 SC DELTA AGRO,AGROINSUMOS B Y L S.A.,CLORANTRANILIPROLE 20%,IV
42167,CLORANTRASTAR,AGRI STAR S. A.,CLORANTRANILIPROLE 20%,IV
42166,BELSTAR,AGRI STAR S. A.,"BOSCALID 25,2%, PIRACLOSTROBIN 12,8%",IV
42165,MCPA AMINA 75% EBC,ENRIQUE M BAYA CASAL S. A.,"M.C.P.A. 91,9%",II
42164,MCPA 75 ACA,ASOCIACION DE COOPERATIVAS ARGENTINAS - COOP. LTDA.,"M.C.P.A. 91,9%",II
42163,VALERMIO,BASF AGRICULTURAL SOLUTIONS ARGENTINA S.A.,SAFLUFENACIL 70%,III
42162,CLETO 24 QZ,QUAZAR SA,CLETODIM 24%,III
42161,FOMESAFEN 25 SIGMA,SIGMA AGRO S.A,"FOMESAFEN 26,25%",III
42160,VULTUR ACA 50,ASOCIACION DE COOPERATIVAS ARGENTINAS - COOP. LTDA.,TERBUTILAZINA 50%,II
42159,ROBUST,DE SANGOSSE LATIN AMERICA S.A.,"ACIDO INDOL 3 BUTIRICO ,85%, KINETINA ,15%",IV
42158,FUXICO,SAL ARGENTINA S.R.L.,"AZOXISTROBINA 20%, CIPROCONAZOLE 8%",III
42157,GALOPE ME,CHEMOTECNICA S. A.,DICAMBA 20%,III
42156,CLORAN PRO,INSUMOS AGROQUIMICOS SOCIEDAD ANONIMA,CLORANTRANILIPROLE 20%,IV
42155,COMASTER CS,RAINBOW AGROSCIENSES SA,CLOMAZONE 36%,III
42154,TIOXAM 60,INDUAGRO SRL,TIAMETOXAM 60%,III
42153,LIFELINE EXTRA,UPL ARGENTINA S. A.,"FLUMIOXAZIN 4%, GLUFOSINATO DE AMONIO 40%",III
42152,STOLLER METIL V,PRO CROP S.A.,"ESTERES METILICOS DE ACIDOS GRASOS DE ACEITE DE SOJA 0%, ESTERES METILICOS DE ACIDOS GRASOS DE ACEITE VEGETAL 82%",IV
42151,CAMPODIM I EC,PROCHEM BIO SA.,CLETODIM 24%,III
42150,PINOXAMYL,TECNOMYL S. A.,"CLOQUINTOCET MEXIL 1,25%, PINOXADEN 5%",IV
42149,FLUROXIPIR FORMULAGRO,FORMULAGRO SOCIEDAD RESPONSABILIDAD LIMITADA,FLUROXIPIR MEPTIL 48%,III
42148,HALOXIFOP 54 BINNONG,REGISTROS AGROPECUARIOS SRL,HALOXIFOP-P METIL 54%,II
42147,GLADIATOR,FORMULAGRO SOCIEDAD RESPONSABILIDAD LIMITADA,"LAMBDA-CIALOTRINA 10,6%, TIAMETOXAM 14,1%",II
42146,"2,4 D ME SIGMA",SIGMA AGRO S.A,"2,4 D 30%",II
42145,PITCHER S,FMC QUIMICA S. A.,CLETODIM 24%,III
42144,LOCSUFON,RAINBOW AGROSCIENSES SA,"PIROXASULFONE 42,5%",III
42143,LASTROLE,RAINBOW AGROSCIENSES SA,"CLORANTRANILIPROLE 10%, LAMBDA-CIALOTRINA 5%",III
42142,GLUFOSINATO FENDER,PRO CROP S.A.,GLUFOSINATO DE AMONIO 20%,III
42141,REPEL 20 SC,NGC AGROSCIENCES ARGENTINA S.A.,CLORANTRANILIPROLE 20%,IV
42140,HALCON FACYT,FACYT I + D SA,BIFENTRIN 25%,II
42139,METILADO 48 ACTION,WECAN AGRO SA,ESTERES METILICOS DE ACIDOS GRASOS DE ACEITE VEGETAL 48%,III
42138,TIAMETO + LAMBDA SIGMA,INSUMOS AGROQUIMICOS SOCIEDAD ANONIMA,"LAMBDA-CIALOTRINA 10,6%, TIAMETOXAM 14,1%",III
42137,METRIBUZIN CONTROLER,AGROFACIL S A,METRIBUZIN 48%,II
42136,BENTAZONE CONTROLER,AGROFACIL S A,BENTAZONA 48%,II
42135,CLETO 24 DELTA AGRO,AGROINSUMOS B Y L S.A.,CLETODIM 24%,IV
42134,MAXFLUMI SC,REGISTROS AGROPECUARIOS SRL,FLUMIOXAZIN 48%,IV
42133,STARKLE 70 WG,SUMMIT AGRO ARGENTINA S A,DINOTEFURAN 70%,III
42132,DIQUAT SINO-AGRI,SAL ARGENTINA S.R.L.,"DIQUAT DIBROMURO 37,4%",II
42131,"ABAMECTINA CAMPO 3,6",CAMPO CROP S.A.,"ABAMECTINA 3,6%",II
42130,CURASEM MAX,AGROFACIL S A,"FLUDIOXONIL 2,5%, METALAXIL -M 1%",IV
42129,CAMPO FULL BIO,ALIATS SRL,"ALCOHOL GRASO ETOXILADO 25%, ALCOHOL LAURICO ETOXILADO 25%",III
42128,LAZO MV,DARUMA AGRO S.R.L.,ESTERES METILICOS DE ACIDOS GRASOS DE ACEITE DE SOJA 70%,IV
42127,XTM,H 2 0 CONTROL SOCIEDAD DE RESPONSABILIDAD LIMITADA,ESTERES METILICOS DE ACIDOS GRASOS DE ACEITE DE SOJA 70%,IV
42126,PROBIN 25 SC,PROTEGRAN S A,AZOXISTROBINA 25%,IV
42125,CLORANTRAMYL,TECNOMYL S. A.,CLORANTRANILIPROLE 40%,IV
42124,BICAFRUIT,SINER S A,BICARBONATO DE SODIO 97%,III
42123,ARAQUAT,ARANAMI INDUSTRIAL S.A.,"PARAQUAT DICLORURO 27,6%",II
42122,BIFENTRIN 25 FORMULAGRO,FORMULAGRO SOCIEDAD RESPONSABILIDAD LIMITADA,BIFENTRIN 25%,II
42121,DINOTEFURAN ACTION,ARANAMI INDUSTRIAL S.A.,DINOTEFURAN 20%,IV
42120,DINOTEFURAN HAILIR,HAILIR AGRIBUSINES S.A.,DINOTEFURAN 20%,IV
42119,THIAMETOXAM + LAMBDA LUXIA,JLB Y ASOCIADOS S.A,"LAMBDA-CIALOTRINA 10,6%, TIAMETOXAM 14,1%",II
42118,DICLOSULAM CONTROLER II,AGROFACIL S A,DICLOSULAM 84%,IV
42117,IONIX COADYUVANTE CORRECTOR,SERV - QUIM S.A.,ALCOHOL LAURICO ETOXILADO 15%,IV
42116,CURASEMILLAS F+M,FACYT I + D SA,"FLUDIOXONIL 2,5%, METALAXIL 1%",IV
42115,FLUMIOXAZIN CONTROLER,AGROFACIL S A,FLUMIOXAZIN 48%,IV
42114,"2, 4 D ME FORMULAGRO",FORMULAGRO SOCIEDAD RESPONSABILIDAD LIMITADA,"2,4 D 30%",II
42113,FLUMIOXAZIN 48 FORMULAGRO,FORMULAGRO SOCIEDAD RESPONSABILIDAD LIMITADA,FLUMIOXAZIN 48%,IV
42112,S - STAR,THILOS SRL,"SPIROTETRAMAT 22,4%",III
42111,NICOSULFURON 75 LUXIA,JLB Y ASOCIADOS S.A,NICOSULFURON 75%,III
42110,ARAGLUFO 50,ARANAMI INDUSTRIAL S.A.,GLUFOSINATO DE AMONIO 50%,III
42109,CLOMAX 48,CHEMOTECNICA S. A.,CLOMAZONE 48%,III
42108,CLOMAX 36,CHEMOTECNICA S. A.,CLOMAZONE 36%,IV
42107,"PIRAFLUFEN 2,5 EC BRILLIANCE",XOMEZANA SA,"PIRAFLUFEN ETIL 2,5%",III
42106 BIO,BIOMAGNO,AGROBIO ARGENTINA SAU,"BACILLUS AMYLOLIQUEFACIENS 2%, BACILLUS THURINGIENSIS 2%, Bacillus Velezensis 2%",IV
42105,BICYTECH,RAINBOW AGROSCIENSES SA,BICICLOPIRONA 20%,IV
42104,FLUROCLEAR,RAINBOW AGROSCIENSES SA,FLUROCLORIDONA 25%,IV
42103,FLUROMAX,RAINBOW AGROSCIENSES SA,FLUROCLORIDONA 25%,IV
42102,FLUROSAFE,RAINBOW AGROSCIENSES SA,FLUROCLORIDONA 25%,IV
42101,FLURO 25 EC AGROTERRUM,AGROTERRUM S. A.,FLUROCLORIDONA 25%,IV
42100,PILARVICTOR I,ARROWWS ARGENTINA S. R. L.,"LAMBDA-CIALOTRINA 8%, LUFENURON 8%",II
42099,PILARCLEAR I,ARROWWS ARGENTINA S. R. L.,"FLUMIOXAZIN 3,2%, S-METOLACLORO 31,8%",III
42098,BICYPRO,RAINBOW AGROSCIENSES SA,BICICLOPIRONA 20%,IV
42097,BICYCO,RAINBOW AGROSCIENSES SA,BICICLOPIRONA 20%,IV
42096,BICYLONE,RAINBOW AGROSCIENSES SA,BICICLOPIRONA 20%,IV
42095,RAMEX TOP,SUMMIT AGRO ARGENTINA S A,"2,4 D 30%",III
42094 BIO,ASCARISCER BIOCARRIER,COMPAÑIA ASCARISCER S.A.,SPINOSAD 2%,IV
42093,EVERGREEN ADJUVANT,WOHR QUIMICA SOCIEDAD DE RESPONSABILIDAD LIMITADA,ESTERES METILICOS DE ACIDOS GRASOS DE ACEITE DE SOJA 70%,IV
42092,EVERGREEN ADJUTOR,WOHR QUIMICA SOCIEDAD DE RESPONSABILIDAD LIMITADA,ESTERES METILICOS DE ACIDOS GRASOS DE ACEITE DE SOJA 70%,IV
42090 BIO,ATREVIA,RIZOBACTER ARGENTINA S A,TRICHODERMA AFROHARZIANUM cepa Th2R199 50%,IV
42089 BIO,VENTURA,RIZOBACTER ARGENTINA S A,TRICHODERMA AFROHARZIANUM cepa Th2R199 50%,IV
42088,METOMIL 90 DELTA AGRO,AGROINSUMOS B Y L S.A.,METOMIL 90%,Ib
42087,LIENA,CAMPO CROP S.A.,"AZOXISTROBINA 20%, CIPROCONAZOLE 8%",III
42086,CELAENO,CAMPO CROP S.A.,GLUFOSINATO DE AMONIO 40%,III
42085,DILYS,AGROFINA S A,DINOTEFURAN 70%,IV
42084,METALAXIL FX,FORMULAGRO SOCIEDAD RESPONSABILIDAD LIMITADA,"FLUDIOXONIL 2,5%, METALAXIL -M 1%",IV
42083,BROQUEL FENDER MIX,PRO CROP S.A.,"FLUDIOXONIL 2,5%, METALAXIL -M 1%",IV
42082,EFIMAX GLIFOSATO SG,AGRICULTORES FEDERADOS ARGENTINOS SOC COOP LTDA,"GLIFOSATO 75,7%",III
42081,FULLTEC OIL,FERTILIZANTES FULLTEC SRL,ESTERES METILICOS DE ACIDOS GRASOS DE ACEITE DE SOJA 40%,IV
42080,IMIDA IA SMART,PODLESCH SOCIEDAD ANONIMA,IMIDACLOPRID 35%,III
42079,FOMESAFEN CONTROLER II,AGROFACIL S A,"FOMESAFEN 26,2%",III
42078,OLEO FULL S,AGROPECUARIA LA CIMARRONA S.R.L.,"ESTERES METILICOS DE ACIDOS GRASOS DE ACEITE DE SOJA 78,5%",IV
42077,NORTHVANT VERSYS,CONTI MARTIN JOSE,ESTERES METILICOS DE ACIDOS GRASOS DE ACEITE DE SOJA 70%,IV
42076,CALORE XTRA,RAINBOW AGROSCIENSES SA,SAFLUFENACIL 70%,III
42075,IBLON PRO,AGRO BAYER S. R. L.,"ISOFLUCYPRAM 6,8%, PROTIOCONAZOLE 20,4%, TRIFLOXISTROBIN 15,9%",III
42074,RIZOTRINA,RIZOBACTER ARGENTINA S A,"DELTAMETRINA 2,5%",II
42073,RAMPART PARA SEMILLERO,UPL ARGENTINA S. A.,"METALAXIL 31,7%",III
42072,BROMEXIL,RAINBOW AGROSCIENSES SA,"BROMOXINIL 34,9%",II
42071,"BROMOXINIL ACA 34,9",ASOCIACION DE COOPERATIVAS ARGENTINAS - COOP. LTDA.,"BROMOXINIL 34,9%",II
42070,BROMOSTAR EC,AGRI STAR S. A.,"BROMOXINIL 34,9%",II
42069,PENCEET,RAINBOW AGROSCIENSES SA,PINOXADEN 10%,III
42068,TRAXION,GLEBA S A,PINOXADEN 10%,III
42067,PINOXA 10 EC AGROTERRUM,AGROTERRUM S. A.,PINOXADEN 10%,III
42066,DIOMA,RAINBOW AGROSCIENSES SA,"IMAZAMOX 3,48%, IMAZAPIR 1,6%",III
42065,SUCLINE,RAINBOW AGROSCIENSES SA,"DICLOSULAM 7,5%, SULFENTRAZONE 67,5%",III
42064,TIAMETOXAM 60% EBC,ENRIQUE M BAYA CASAL S. A.,TIAMETOXAM 60%,III
42063,FLAZONE,RAINBOW AGROSCIENSES SA,CARFENTRAZONE ETIL 40%,III
42062,TIAMAUL SEED,RAINBOW AGROSCIENSES SA,TIAMETOXAM 60%,III
42061,DICLOMA,RAINBOW AGROSCIENSES SA,DIFLUFENICAN 50%,III
42060,GLIFOSATO DMA FENASOL,WECAN AGRO SA,"GLIFOSATO 60,8%",IV
42059,ATRADRY 90 WG,RAINBOW AGROSCIENSES SA,ATRAZINA 90%,IV
42058,MOTIVE 96 EC,RAINBOW AGROSCIENSES SA,METOLACLORO 96%,III
42057,RID OUT,RAINBOW AGROSCIENSES SA,GLIFOSATO 48%,III
42056,IMAZETA,RAINBOW AGROSCIENSES SA,"IMAZETAPIR 10,6%",IV
42055,GLIPOS,RAINBOW AGROSCIENSES SA,"GLIFOSATO 66,2%",IV
42054,CAPAROLE,RAINBOW AGROSCIENSES SA,"ETIPROLE 35%, FIPRONIL 25%",II
42053,"SMARTSPRAY 93,1 BE",RAINBOW AGROSCIENSES SA,"2,4-DB 93,1%",II
42052,ADDICARE,RAINBOW AGROSCIENSES SA,HALOXIFOP-P METIL 54%,III
42051,CASPER 96 EC,RAINBOW AGROSCIENSES SA,METOLACLORO 96%,III
42050,WIPE OFF,RAINBOW AGROSCIENSES SA,GLIFOSATO 48%,III
42049,TOWELUP EHE,RAINBOW AGROSCIENSES SA,"2,4 D 89%",III
42048,"GLIFOSATO 66,2 SAN PABLO",LABORATORIO SAN PABLO PRODUCTOS BIOLOGICOS S.R.L.,"GLIFOSATO 66,2%",IV
42047,"2,4 D ME",SANTEX S. A.,"2,4 D 30%",III
42046,SHENNCO MAX ME,SAL ARGENTINA S.R.L.,"2,4 D 30%",III
42045,SAFLIX,BASF AGRICULTURAL SOLUTIONS ARGENTINA S.A.,SAFLUFENACIL 70%,III
42044,ASCARISCER DAKOTA,COMPAÑIA ASCARISCER S.A.,"DELTAMETRINA ,5%",III
42043,ASCARISCER NAVAJO,COMPAÑIA ASCARISCER S.A.,PIRIMIFOS METIL 50%,III
42042,OPTERA PRO 20 SC,SUMITOMO CHEMICAL ARGENTINA S.A.,CLORANTRANILIPROLE 20%,IV
42041,ORION 60 DMA,FORMULAGRO SOCIEDAD RESPONSABILIDAD LIMITADA,"GLIFOSATO 60,8%",IV
42040,FLUMIOXAZIN ACTION,WECAN AGRO SA,FLUMIOXAZIN 48%,IV
42039,PROXACIN,PROTEGRAN S A,FLUMIOXAZIN 48%,IV
42038,SEMIVIA TRIGO PLUS,NOVA S. A. U.,"DIFENOCONAZOLE 3%, IMIDACLOPRID 24%",III
42037,PILARGOLD I,INSUMOS AGROQUIMICOS SOCIEDAD ANONIMA,S-METOLACLORO 48%,III
42036,DORINE,CHEMOTECNICA S. A.,CLOROTALONIL 72%,III
42035,SINFONIA,CHEMOTECNICA S. A.,"AZOXISTROBINA 20%, DIFENOCONAZOLE 12,5%",III
42034,PROP 25,SINER S A,PROPICONAZOLE 25%,II
42033,TROPCS NEUTRO,TROPFEN S. A.,ACIDO FOSFORICO 50%,III
42032,CHLORFENAPYR JLB LUXIA AGRO,JLB Y ASOCIADOS S.A,CLORFENAPIR 24%,III
42031,DICLOSULAM 84% EBC,ENRIQUE M BAYA CASAL S. A.,DICLOSULAM 84%,IV
42030,CITIUS,WOHR QUIMICA SOCIEDAD DE RESPONSABILIDAD LIMITADA,ESTERES METILICOS DE ACIDOS GRASOS DE ACEITE DE SOJA 70%,IV
42029,PROMETRIN 50 BINNONG,REGISTROS AGROPECUARIOS SRL,PROMETRINA 50%,III
42028,ATRA PROCHEM,PROCHEM BIO SA.,ATRAZINA 90%,III
42027,EFIMAX GLIFO 75.7,AGRICULTORES FEDERADOS ARGENTINOS SOC COOP LTDA,"GLIFOSATO 75,7%",III
42026,LEVIK MAX,NOVA S. A. U.,"IMAZAPIC 31,8%, IMAZAPIR 10,7%",III
42025,LEVIK,NOVA S. A. U.,"IMAZAPIR 30,4%",IV
42024,IMIDA + LAMBDA CHIMAGRO,CHIMAGRO SA,"IMIDACLOPRID 20%, LAMBDA-CIALOTRINA 10%",II
42023,"STARTINA 3,6 EC",AGRI STAR S. A.,"ABAMECTINA 3,6%",II
42022,"FACILY 8,4 SC",CIBELES ARGENTINA S.A.,"ABAMECTINA 8,4%",II
42021,SECUESTRANTE PRODINSA,PRODINSA ARGENTINA S A,"ALCOHOL GRASO ETOXILADO 12%, ALCOHOL LAURICO ETOXILADO 12%",III
42020,SOGAZO,CHEMOTECNICA S. A.,CLOROTALONIL 72%,III
42019,PROMETRINA SIGMA,SIGMA AGRO S.A,PROMETRINA 50%,III
42018,AZOXYSOL,VERTISOLES S.R.L,AZOXISTROBINA 25%,II
42017,OPTERA DUO,SUMITOMO CHEMICAL ARGENTINA S.A.,"CLORANTRANILIPROLE 3%, CLORFENAPIR 40%",III
42016,AZOXICIPRO MAX EBC,ENRIQUE M BAYA CASAL S. A.,"AZOXISTROBINA 40%, CIPROCONAZOLE 16%",III
42015,RAVEN 96 EC,PHILAGRO S.A,S-METOLACLORO 96%,III
42014,FUNGIDUAL,FITOQUIMICA S.A.,"AZOXISTROBINA 20%, CIPROCONAZOLE 8%",II
42013,CLOROTALONIL CONTROLER,AGROFACIL S A,CLOROTALONIL 72%,III
42012,METRIBUZIN 48 IASA,INSUMOS AGROQUIMICOS SOCIEDAD ANONIMA,METRIBUZIN 48%,II
42011,SUPERA CORRECTOR SECUESTRANTE,RIZOBACTER ARGENTINA S A,"MEZCLA DE ACIDOS FOSFONICOS DTPMP + ATMP 48,74%",II
42010,RIZOSPRAY WET,RIZOBACTER ARGENTINA S A,ESTERES METILICOS DE ACIDOS GRASOS DE ACEITE VEGETAL 48%,IV
42009,TERBYNE XTREME SIP BB,SIPCAM ARGENTINA S.R.L.,"MESOTRIONE 8,1%, TERBUTILAZINA 55%",III
42008,PESTOXIN GAS,ECOTEC INTEROCEANICA S. A.,FOSFINA 97%,Ia
42007,HELPER,GLEBA S A,FLUROXIPIR MEPTIL 48%,IV
42006,#RCP,ARROWWS ARGENTINA S. R. L.,ALCOHOL LAURICO ETOXILADO 30%,IV
42005,TAYCAN,KOPPERT ARGENTINA S. A.,"MEZCLA DE TRIOLEATO DE POLIGLICEROL Y SORBITAN ESTER POLIETOXILADO 96,5%",IV
42004,CELSIUM 48 ACA,ASOCIACION DE COOPERATIVAS ARGENTINAS - COOP. LTDA.,PIROXASULFONE 48%,IV
42003,BRASA II,AGROCAC S.R.L.,"GLIFOSATO 75,7%",III
42002,BRASA I,AGROCAC S.R.L.,"GLIFOSATO 75,7%",III
42001,DICAMBA ME INSUAGRO,WECAN AGRO SA,DICAMBA 20%,III
42000,TIAMETOXAM PRODINSA,PRODINSA ARGENTINA S A,TIAMETOXAM 35%,IV
41999,BISMARK,PHILAGRO S.A,CLORANTRANILIPROLE 20%,IV
41998,GRIFFON,GOWAN ARGENTINA S.R.L.,"HIDROXIDO DE COBRE 21,5%, OXICLORURO DE COBRE 23,5%",III
41997,METHOM IA MAX,PODLESCH SOCIEDAD ANONIMA,METOMIL 90%,Ib
41996,AZAPRO,ADAMA ARGENTINA SOCIEDAD ANONIMA,"AZOXISTROBINA 20%, PROTIOCONAZOLE 15%",II
41995,COLOSSUS,SUMMIT AGRO ARGENTINA S A,CLORANSULAM METIL 84%,IV
41994,GLYNOMYL FULL,TECNOMYL S. A.,GLIFOSATO 88%,IV
41993,DIMETOATO JLB LUXIA AGRO,JLB Y ASOCIADOS S.A,DIMETOATO 40%,II
41992,PENBOTEC PLUS,FALCROP S. A.,PIRIMETANIL 40%,III
41991,OMNIUM,GLEBA S A,PIROXASULFONE 85%,III
41990,DUOSEM DM,PRODINSA ARGENTINA S A,"DIFENOCONAZOLE 9,2%, METALAXIL 4,6%",IV
41989,SPRAY TOP SILICONADO,NUPROFER S. A.,ALCOHOL LAURICO ETOXILADO 35%,IV
41988,NUPROACTIVE SILICONADO,NUPROFER S. A.,ALCOHOL LAURICO ETOXILADO 35%,IV
41987,MICRO Q,MICROVIDAS SRL,ALCOHOL LAURICO ETOXILADO 35%,IV
41986,CORVUS,TECNOAGRO SRL,PIRIPROXIFEN 10%,IV
41985,PIRIPROXIFEN ACTION,ARANAMI INDUSTRIAL S.A.,PIRIPROXIFEN 10%,IV
41984,MIMICOR 10EC,TAGROS ARGENTINA S.R.L.,PIRIPROXIFEN 10%,IV
41983,TERBUCHEM,CHEMOTECNICA S. A.,TERBUTILAZINA 50%,II
41982,FLUMIOXAZIM 48 JLB,JLB Y ASOCIADOS S.A,FLUMIOXAZIN 48%,IV
41981,CLORANTRANIPROLE FORMULAGRO,FORMULAGRO SOCIEDAD RESPONSABILIDAD LIMITADA,CLORANTRANILIPROLE 20%,IV
41980,DIFEN IA 25 EC,PODLESCH SOCIEDAD ANONIMA,DIFENOCONAZOLE 25%,III
41979,MIRAVIS DUO DOS CON TECNOLOGÍA ADEPIDYN,SYNGENTA AGRO SOCIEDAD ANONIMA,"DIFENOCONAZOLE 12,5%, PIDIFLUMETOFEN 7,5%",II
41978,EBC XTRA,ENRIQUE M BAYA CASAL S. A.,"ALCOHOL LAURICO ETOXILADO 20%, ALCOHOL LINEAL ETOXILADO 20%",III
41977,MIRAVIS DUO UNO CON TECNOLOGÍA ADEPIDYN,SYNGENTA AGRO SOCIEDAD ANONIMA,"DIFENOCONAZOLE 12,5%, PIDIFLUMETOFEN 7,5%",II
41976,MIRAGE BIO,BIOTECH AGRO BIOBAK S. R. L.,ESTERES METILICOS DE ACIDOS GRASOS DE ACEITE DE SOJA 72%,IV
41975,"2,4D ME TOBIANO",EL TOBIANO SA,"2,4 D 30%",II
41974,"2,4-DB 93.1 BRILLIANCE",XOMEZANA SA,"2,4-DB 93,1%",III
41973,FOMESAFEN 25 SL SIGMA,SIGMA AGRO S.A,"FOMESAFEN 26,2%",III
41972,HALOX IA PRO 54,PODLESCH SOCIEDAD ANONIMA,HALOXIFOP-P METIL 54%,II
41971,PUZATE PLUS,RAINBOW AGROSCIENSES SA,"FLUMIOXAZIN 25%, IMAZETAPIR 53%",III
41970,ETIL ME 30,MS AGRO S.R.L.,"2,4 D 30%",II
41969,"2,4 D NOVA MICRO",NOVA S. A. U.,"2,4 D 30%",II
41968,"2,4D TOP ME LANTHER",LANTHER QUIMICA S. A.,"2,4 D 30%",II
41967,RUMBA EBC,ENRIQUE M BAYA CASAL S. A.,"EPOXICONAZOLE 5%, PIRACLOSTROBIN 13,3%",IV
41966,GLUFON IA 20 SL,PODLESCH SOCIEDAD ANONIMA,GLUFOSINATO DE AMONIO 20%,III
41965,GAL-G SLC,GONZALEZ DEL PINO S.R.L.,"ALCOHOL GRASO ETOXILADO 40%, ALCOHOL LINEAL ETOXILADO 40%, ALCOHOLES GRASOS 40%",IV
41964,"2,4 EXILON",ARANAMI INDUSTRIAL S.A.,"2,4 D 89%",III
41963,FGA TOP CONTACT,ALLTEC S A,"ALCOHOL GRASO ETOXILADO 35%, ALCOHOL LINEAL ETOXILADO 35%",IV
41962,CLOXADEN ACTION,WECAN AGRO SA,PINOXADEN 5%,III
41961,GLUFOSINATO 50 ACTION,WECAN AGRO SA,GLUFOSINATO DE AMONIO 50%,III
41960,FIXER,DARUMA AGRO S.R.L.,ALCOHOL LAURICO ETOXILADO 15%,IV
41959,BENZURON ANGIRU,AGRICULTORES FEDERADOS ARGENTINOS SOC COOP LTDA,"BENZOATO DE EMAMECTINA 4%, LUFENURON 16%",II
41958,GENDARME XTRA,INSUMOS AGROQUIMICOS SOCIEDAD ANONIMA,"BENZOATO DE EMAMECTINA 4%, LUFENURON 16%",II
41957,UPRIMA,NOVA S. A. U.,"BENZOATO DE EMAMECTINA 4%, LUFENURON 16%",III
41956,PRENZIN,RAINBOW AGROSCIENSES SA,"FLUMIOXAZIN 15%, PIROXASULFONE 34,5%",III
41955,PYROXAZIN,RAINBOW AGROSCIENSES SA,"FLUMIOXAZIN 15%, PIROXASULFONE 34,5%",III
41954,NUTAR 35 SC,SUMITOMO CHEMICAL ARGENTINA S.A.,TIAMETOXAM 35%,III
41953,NUTAR FS 35,SUMITOMO CHEMICAL ARGENTINA S.A.,TIAMETOXAM 35%,III
41952,LAMBDA 25 ME CHEMOTECNICA,CHEMOTECNICA S. A.,LAMBDA-CIALOTRINA 25%,II
41951,FIDRESA,FMC QUIMICA S. A.,"FLUINDAPYR 9%, PROTIOCONAZOLE 11%",IV
41950,CARBEN IA 50 SC,PODLESCH SOCIEDAD ANONIMA,CARBENDAZIM 50%,III
41949,EILAT,SOUTH AGRO S. R. L.,"PROTIOCONAZOLE 17,5%, TRIFLOXISTROBIN 15%",IV
41948,DUO TRIGO DELTA,AGROINSUMOS B Y L S.A.,"DIFENOCONAZOLE 9,2%, METALAXIL 4,6%",IV
41947,ELATUS ACE DOS CON TECNOLOGÍA SOLATENOL,SYNGENTA AGRO SOCIEDAD ANONIMA,"BENZOVINDIFLUPIR 4%, PROPICONAZOLE 25%",II
41946,ELATUS ACE UNO CON TECNOLOGÍA SOLATENOL,SYNGENTA AGRO SOCIEDAD ANONIMA,"BENZOVINDIFLUPIR 4%, PROPICONAZOLE 25%",II
41945,COURIER,SYNTECH RESEARCH S.A.U.,BUPROFEZIN 25%,III
41944,SUCENTO,RAINBOW AGROSCIENSES SA,CLORANTRANILIPROLE 40%,IV
41943,KNORE,RAINBOW AGROSCIENSES SA,CLORANTRANILIPROLE 40%,IV
41942,ECO ACTION,WECAN AGRO SA,"ALCOHOL GRASO ETOXILADO 15%, ALCOHOL LAURICO ETOXILADO 15%",IV
41941,HERCULES II,PHILAGRO S.A,"2,4 D 89%",III
41940,"2,4 D CONTROLER EH TECH",RIBOLDI S A,"2,4 D 89%",III
41939,"2,4 D ETIL HEXIL 89% MACRO PROTECT",LDC ARGENTINA S.A.,"2,4 D 89%",III
41938,PODIUM,RAINBOW AGROSCIENSES SA,CLORANTRANILIPROLE 40%,IV
41937,PERIMETRO 30 ME,CHEMOTECNICA S. A.,"2,4 D 30%",II
41936,POLMITIC,RAINBOW AGROSCIENSES SA,CLORANTRANILIPROLE 40%,IV
41935,GALGO 30 ME,CHEMOTECNICA S. A.,"2,4 D 30%",II
41934,"2,4 D CORE ME 30%",LABORATORIOS PEYTE S.A.,"2,4 D 30%",III
41933,CTPR 40% AGROTERRUM,AGROTERRUM S. A.,CLORANTRANILIPROLE 40%,IV
41932,"FORZA 2,4D ME 30%",ADECO AGROPECUARIA S. A.,"2,4 D 30%",III
41931,ZENSHIN,SUMMIT AGRO ARGENTINA S A,GLUFOSINATO DE AMONIO 20%,III
41930,VOLERIS ME,CHEMOTECNICA S. A.,"2,4 D 30%",II
41929,IMAZAPIR 25 SL BRILLIANCE,AGROREGISTROS PROFESIONALES S.R.L.,"IMAZAPIR 30,65%",IV
41928,EPOLIER 125,AGROREGISTROS PROFESIONALES S.R.L.,"EPOXICONAZOLE 12,5%",III
41927,FLOXCON SC,AGROCAC S.R.L.,"TEBUCONAZOLE 20%, TRIFLOXISTROBIN 10%",III
41926,CLOMACAPS,SULPHUR MILLS SA,CLOMAZONE 36%,III
41925,GOMIDE,RAINBOW AGROSCIENSES SA,FLUBENDIAMIDE 48%,III
41924,LEXONE 48 SC,FARM CHEMICALS ARGENTINA S.R.L,METRIBUZIN 48%,III
41923,MAIZCARE XTRA,RAINBOW AGROSCIENSES SA,"ATRAZINA 76%, MESOTRIONE 12%",IV
41922,PILARQUICK,PILARQUIM ARGENTINA S. R. L.,FLUMIOXAZIN 50%,III
41921,DORAM PS,RAINBOW AGROSCIENSES SA,"2,4 D 72%, PICLORAM 18%",III
41920,MAXPORT,DE SANGOSSE LATIN AMERICA S.A.,"ACIDO GIBERELICO ,005%, ACIDO INDOL 3 BUTIRICO ,005%, KINETINA ,009%",IV
41919,LEBLAT SEMILLERO,FARMCHEM SA,"CLORANTRANILIPROLE 62,5%",IV
41918,ATANOR CLETODIM 24 EC HK,ATANOR SOCIEDAD EN COMANDITA POR ACCIONES,CLETODIM 24%,III
41917,CLOPYRALID DELTA AGRO,AGROINSUMOS B Y L S.A.,"CLOPYRALID 59,89%",III
41916,"GLIFOSATO 75,7% WG DELTA AGRO",AGROINSUMOS B Y L S.A.,"GLIFOSATO 75,7%",III
41915,MAXIMO F+M,DARUMA AGRO S.R.L.,"FLUDIOXONIL 2,5%, METALAXIL 1%",IV
41914,PIXAR 48% SC,LABORATORIOS PEYTE S.A.,PIROXASULFONE 48%,IV
41913,PYRA SIGMA,SIGMA AGRO S.A,PIRACLOSTROBIN 25%,II
41912,ACTION SEED,WECAN AGRO SA,"FLUDIOXONIL 2,5%, METALAXIL -M 1%",IV
41911,AGROBELL,NGC AGROSCIENCES ARGENTINA S.A.,"BOSCALID 25,2%, PIRACLOSTROBIN 12,8%",III
41910,AGROEPICO SC,NGC AGROSCIENCES ARGENTINA S.A.,"LAMBDA-CIALOTRINA 10,6%, TIAMETOXAM 14,1%",II
41909,ENOIL DRIVE,BIO PRODUCTOS SRL,ESTERES METILICOS DE ACIDOS GRASOS DE ACEITE DE SOJA 79%,IV
41908,MICROCAP,BIO PRODUCTOS SRL,"ESTERES METILICOS DE ACIDOS GRASOS DE ACEITE DE SOJA 77,8%",IV
41907,VIATUDE FUSION,CORTEVA AGRISCIENCE ARGENTINA SRL,"PICOXISTROBIN 10%, PROTIOCONAZOLE 11,67%",III
41906,ATANOR PINOXADEN 5 EC,ATANOR SOCIEDAD EN COMANDITA POR ACCIONES,PINOXADEN 5%,III
41905,ATANOR CLORANTRANILIPROLE 40 SC,ATANOR SOCIEDAD EN COMANDITA POR ACCIONES,CLORANTRANILIPROLE 40%,IV
41904,STAMPA,SIPCAM ARGENTINA S.R.L.,TERBUTILAZINA 60%,II
41903,ROYAL,PROQUIMUR SA,METOXIFENOCIDE 24%,IV
41902,ZUKA MAX,GLEBA S A,"DIFENOCONAZOLE 9,2%, METALAXIL 4,6%",IV
41901,HANCO,SAL ARGENTINA S.R.L.,GLIFOSATO 48%,IV
41900,METRIBUZIN 48 INSUAGRO,INSUMOS AGROQUIMICOS SOCIEDAD ANONIMA,METRIBUZIN 48%,II
41899,BADATRINA 25 CS,FALCROP S. A.,LAMBDA-CIALOTRINA 25%,II
41898,GLIFOMAT,LA MAGNIFICA S A,"GLIFOSATO 75,7%",III
41896,EFECTUM,CAMPO CROP S.A.,CLORANTRANILIPROLE 75%,IV
41895,SHUTDOWN ULTRA,UPL ARGENTINA S. A.,"METRIBUZIN 13,5%, S-METOLACLORO 40,5%, SULFENTRAZONE 7,2%",III
41894,ADAMA CARTADO,ADAMA ARGENTINA SOCIEDAD ANONIMA,CLORANTRANILIPROLE 20%,III
41893,VERDAN,PRO CROP S.A.,CLORANTRANILIPROLE 20%,IV
41892,VIOVAN,CORTEVA AGRISCIENCE ARGENTINA SRL,"PICOXISTROBIN 10%, PROTIOCONAZOLE 11,67%",III
41891,MULCHEN TOP 75.7 WG,MULCHEN AGROTOTAL SOCIEDAD ANONIMA,"GLIFOSATO 75,7%",III
41890,LAPID,SINER S A,"IMIDACLOPRID 20%, LAMBDA-CIALOTRINA 10%",II
41889,SPRUCE,UPL ARGENTINA S. A.,PIROXASULFONE 85%,IV
41888,BIOACKER SUPREMO,BIOACKER S.A.,ESTERES METILICOS DE ACIDOS GRASOS DE ACEITE DE SOJA 70%,IV
41886,HORMIFAV F DP,F A V S. A.,"FIPRONIL ,1%",IV
41885,CLORFENAPIR 24 SC DELTA AGRO,AGROINSUMOS B Y L S.A.,CLORFENAPIR 24%,III
41884,ARANYA PLUS 8.4%,LABORATORIOS PEYTE S.A.,"ABAMECTINA 8,4%",II
41883,EVERGREEN FULL MASTER,WOHR QUIMICA SOCIEDAD DE RESPONSABILIDAD LIMITADA,ESTERES METILICOS DE ACIDOS GRASOS DE ACEITE DE SOJA 70%,IV
41882,YAPUDIM,REGISTROS AGROPECUARIOS SRL,CLETODIM 24%,III
41881,FLYER 10 EC,CHEMOTECNICA S. A.,BIFENTRIN 10%,II
41880,FUMETIL SSO,NEOPHOS S.A.,PIRIMIFOS METIL 50%,III
41879,AICON ACA,ASOCIACION DE COOPERATIVAS ARGENTINAS - COOP. LTDA.,"FLUMIOXAZIN 15%, PIROXASULFONE 34,5%",III
41878,"2,4 D NEO 30",ASOCIACION DE COOPERATIVAS ARGENTINAS - COOP. LTDA.,"2,4 D 30%",III
41877,PROPIC SL,PROTEGRAN S A,IMAZAPIC 57%,IV
41876 BIO,BETK-03,TERRABIO S.A.S.,"BACILLUS THURINGIENSIS var. KURSTAKI cepa N1 ,603%, BACILLUS THURINGIENSIS var. KURSTAKI cepa N2 ,603%, BACILLUS THURINGIENSIS var. KURSTAKI cepa N3 ,603%",IV
41875,GLIFOSATO SAN PABLO,LABORATORIO SAN PABLO PRODUCTOS BIOLOGICOS S.R.L.,"GLIFOSATO 75,7%",III
41874,GLIFOSATO MACRO PROTEC MAX,LDC ARGENTINA S.A.,"GLIFOSATO 75,7%",III
41873,CLORANTRA CONTROLER,AGROFACIL S A,CLORANTRANILIPROLE 20%,IV
41872,EVERGOL PRIME,AGRO BAYER S. R. L.,PENFLUFEN 24%,III
41871,FOMESAFEN 25 FORMULAGRO,FORMULAGRO SOCIEDAD RESPONSABILIDAD LIMITADA,"FOMESAFEN 26,25%",III
41870,GLIFOSATO ACTION DMA,WECAN AGRO SA,"GLIFOSATO 60,8%",IV
41869,HACKER SEED,DARUMA AGRO S.R.L.,TIAMETOXAM 60%,III
41868,"2,4-D ETHIL HEXIL 97% MACRO PROTEC",LDC ARGENTINA S.A.,"2,4 D 97%",II
41867,AGRODUAL-S 96 EC,NGC AGROSCIENCES ARGENTINA S.A.,S-METOLACLORO 96%,III
41866,"ADARVE 2,4D 30ME",HIDRUM TECNOLOGIA QUIMICA SRL,"2,4 D 30%",II
41865,SPROUT NIP ULTRA MC,MC CAIN ARGENTINA S. A.,CLORPROPHAM (CIPC) 50%,III
41864,AXIAL PLUS DOS,SYNGENTA AGRO SOCIEDAD ANONIMA,"CLOQUINTOCET MEXIL 1,25%, PINOXADEN 5%",III
41863,FIDEMAX PICLORAM 24,AGRICULTORES FEDERADOS ARGENTINOS SOC COOP LTDA,"PICLORAM 27,8%",IV
41862,FIDEMAX 2.4 D EHE,AGRICULTORES FEDERADOS ARGENTINOS SOC COOP LTDA,"2,4 D 89%",II
41861,GLUFOSINATO MACRO PROTECT,LDC ARGENTINA S.A.,GLUFOSINATO DE AMONIO 20%,III
41860,DICLOSULAM 84 WG CORTEVA,CORTEVA AGRISCIENCE ARGENTINA SRL,DICLOSULAM 84%,III
41859,COMMIT,CORTEVA AGRISCIENCE ARGENTINA SRL,"LAMBDA-CIALOTRINA 15%, SULFOXAFLOR 10%",II
41858,ACUSEC,RAINBOW AGROSCIENSES SA,BICICLOPIRONA 20%,IV
41857,PINOXA 10 EC AGROTERRUM,AGROTERRUM S. A.,PINOXADEN 10%,III
41856,FLORIDE,RAINBOW AGROSCIENSES SA,FLUROCLORIDONA 25%,IV
41855,BROCAN,RAINBOW AGROSCIENSES SA,"BROMOXINIL 34,9%",II
41854,TADEO 23,PODLESCH SOCIEDAD ANONIMA,FLUDIOXONIL 23%,IV
41853,ADAMA TRIVOR,ADAMA ARGENTINA SOCIEDAD ANONIMA,"ACETAMIPRID 18,6%, PIRIPROXIFEN 12,4%",II
41852,BIODROP,MOLISOLES S.A.,"ESTERES METILICOS DE ACIDOS GRASOS DE ACEITE DE SOJA 70%, ESTERES METILICOS DE ACIDOS GRASOS DE ACEITE VEGETAL 70%",IV
41851,PILARCLEAR,PILARQUIM ARGENTINA S. R. L.,"FLUMIOXAZIN 3,2%, S-METOLACLORO 31,8%",III
41850,"CONSECT I 62,5 FS",TAGROS ARGENTINA S.R.L.,"CLORANTRANILIPROLE 62,5%",III
41849,FULLTEC MAX,FERTILIZANTES FULLTEC SRL,"ACIDO FOSFORICO 12%, ALCOHOL GRASO ETOXILADO 3%",III
41848 BIO,XENTARI,SUMITOMO CHEMICAL ARGENTINA S.A.,BACILLUS THURINGIENSIS var AIZAWAI 54%,IV
41847,IDATEN,SUMMIT AGRO ARGENTINA S A,"FLUXAMETAMIDE 10,3%",III
41846,BLAZE,TORT VALLS S.A.,"OXIDO CUPROSO 56,3%",II
41845,TERBUZIN XTRA,RAINBOW AGROSCIENSES SA,TERBUTILAZINA 75%,III
41844,NAFITCH,RAINBOW AGROSCIENSES SA,"LUFENURON 5%, PROFENOFOS 50%",II
41843,BENBAL,RAINBOW AGROSCIENSES SA,BENAZOLIN ETIL 50%,IV
41842,TERBUZIN,RAINBOW AGROSCIENSES SA,TERBUTILAZINA 75%,III
41841,CLETODIM NOVA,NOVA S. A. U.,CLETODIM 24%,III
41840,CLORANTRANILIPROLE SIGMA,SIGMA AGRO S.A,CLORANTRANILIPROLE 20%,III
41839,CLOMAFIN CS,RAINBOW AGROSCIENSES SA,CLOMAZONE 36%,III
41838,PIROXASULFONE 48 SC BRILLIANCE,XOMEZANA SA,PIROXASULFONE 48%,IV
41837,ADAMA IMATRON,ADAMA ARGENTINA SOCIEDAD ANONIMA,"IMAZAPIR 58,9%",III
41836,FLUDIONEB ACTION,WECAN AGRO SA,"FLUDIOXONIL 9,5%",IV
41835,"2,4D EHE 89% AGROTERRUM",AGROTERRUM S. A.,"2,4 D 89%",III
41834,FULLGUARD XTRA,RAINBOW AGROSCIENSES SA,CARFENTRAZONE ETIL 40%,III
41833,KILLIGAN,RAINBOW AGROSCIENSES SA,CLORFENAPIR 24%,II
41832,RACBUL XTRA,RAINBOW AGROSCIENSES SA,TERBUTILAZINA 75%,III
41831,BUNKER ZC,RAINBOW AGROSCIENSES SA,"LAMBDA-CIALOTRINA 10,6%, TIAMETOXAM 14,1%",II
41830,THIACER,RAINBOW AGROSCIENSES SA,TIACLOPRID 48%,II
41829,"2,4 D 45 ME PROCHEM",PROCHEM BIO SA.,"2,4 D 45%",II
41828,SYNERGYCIDE,H 2 0 CONTROL SOCIEDAD DE RESPONSABILIDAD LIMITADA,ALCOHOL GRASO ETOXILADO 48%,III
41827,RAINCOZEB,RAINBOW AGROSCIENSES SA,MANCOZEB 80%,III
41826,DULCIZIN SC,RAINBOW AGROSCIENSES SA,TERBUTILAZINA 50%,II
41825,WEEDSHOOT FULL,RAINBOW AGROSCIENSES SA,FLUROXIPIR MEPTIL 48%,III
41824,SENOP,RAINBOW AGROSCIENSES SA,"FENOXAPROP-P ETIL 6,9%",IV
41823,FIDEMAX TERBUTILAZINA,AGRICULTORES FEDERADOS ARGENTINOS SOC COOP LTDA,TERBUTILAZINA 50%,II
41822,BALBOA SC,CORTEVA AGRISCIENCE ARGENTINA SRL,SPINOSAD 24%,IV
41821 BIO,BIOTRINSIC D3 WD,INDIGO AGRICULTURE ARGENTINA S.R.L.,,IV
41820,ROTADEN,RAINBOW AGROSCIENSES SA,CLORFENAPIR 24%,II
41819,MESTRONG,RAINBOW AGROSCIENSES SA,MESOTRIONE 48%,III
41818,TOLLER 72,CHEMOTECNICA S. A.,CLOROTALONIL 72%,III
41817,MUT,PROQUIMUR SA,CLORANTRANILIPROLE 20%,IV
41816,TORPEDO SUPER FACYT,FACYT I + D SA,"BIFENTRIN 5%, LUFENURON 5%",II
41815,PROPIR 53 SL,PROTEGRAN S A,IMAZAPIR 62%,IV
41814,GRO STOP FOG LWAMSA,LAMB WESTON ALIMENTOS MODERNOS S.A.,CLORPROPHAM (CIPC) 30%,III
41813,FLUMICROPS,SURCROPS SRL,FLUMIOXAZIN 50%,IV
41812,METALAXIL AFA 35,AGRICULTORES FEDERADOS ARGENTINOS SOC COOP LTDA,METALAXIL 35%,II
41811,"CONSECT II 62,5 FS",TAGROS ARGENTINA S.R.L.,"CLORANTRANILIPROLE 62,5%",III
41810,QUIJOTE,NITRAP SOCIEDAD DE RESPONSABILIDAD LIMITADA,"ALCOHOL GRASO ETOXILADO 48%, ALCOHOL LAURICO ETOXILADO 48%, ALCOHOL LINEAL ETOXILADO 48%",IV
41809,DUKSTON,RAINBOW AGROSCIENSES SA,DIFLUFENICAN 50%,III
41808,CLONAPROLE,SINER S A,CLORANTRANILIPROLE 20%,IV
41807,RELIPRO II 35 WG,TAGROS ARGENTINA S.R.L.,CLORANTRANILIPROLE 35%,III
41806,RELIPRO I 35 WG,TAGROS ARGENTINA S.R.L.,CLORANTRANILIPROLE 35%,III
41805,PILARVICTOR,PILARQUIM ARGENTINA S. R. L.,"LAMBDA-CIALOTRINA 8%, LUFENURON 8%",II
41804,DICLOSULAM 84 EBC,ENRIQUE M BAYA CASAL S. A.,DICLOSULAM 84%,IV
41803,IMAZETAPIR 70 WDG BRILLIANCE,XOMEZANA SA,IMAZETAPIR 70%,III
41802,EPYCO SIGMA,SIGMA AGRO S.A,"EPOXICONAZOLE 5%, PIRACLOSTROBIN 13,3%",II
41801,KEEPER MICRO I,PRO CROP S.A.,ESTERES METILICOS DE ACIDOS GRASOS DE ACEITE VEGETAL 54%,IV
41800,CELSIUM 85 ACA,ASOCIACION DE COOPERATIVAS ARGENTINAS - COOP. LTDA.,PIROXASULFONE 85%,III
41799,"PIROXIN 15-34,5",LABORATORIOS PEYTE S.A.,"FLUMIOXAZIN 15%, PIROXASULFONE 34,5%",IV
41798,SUMIZIN Z MAX,SUMITOMO CHEMICAL ARGENTINA S.A.,"FLUMIOXAZIN 5%, IMAZETAPIR 5,3%, S-METOLACLORO 57,6%",III
41797,DIFENO 3 PRODINSA,PRODINSA ARGENTINA S A,DIFENOCONAZOLE 3%,III
41796,CLETOS 24% EC,LABORATORIOS PEYTE S.A.,CLETODIM 24%,IV
41795,LEDOMIX,SAL ARGENTINA S.R.L.,"LAMBDA-CIALOTRINA 10,6%, TIAMETOXAM 14,1%",II
41794,IDAHO,PROQUIMUR SA,"BOSCALID 25,2%, PIRACLOSTROBIN 12,8%",IV
41793,XISTROVIN 25 SC,CIBELES ARGENTINA S.A.,AZOXISTROBINA 25%,II
41791,SCORPIO,PALAVERSICH Y CIA S AC,"LAMBDA-CIALOTRINA 10,6%, TIAMETOXAM 14,1%",II
41790,DIQUAT SIGMA,SIGMA AGRO S.A,"DIQUAT DIBROMURO 37,4%",II
41789,CLEFANDIM PLUS,EFEL SAS,CLETODIM 36%,III
41788,MIOXAZ 50 SC,AGROCAC S.R.L.,FLUMIOXAZIN 50%,IV
41787,AKO OIL,AKO S.R.L.,ESTERES METILICOS DE ACIDOS GRASOS DE ACEITE DE SOJA 82%,IV
41786,PIROMAX 85% EBC,ENRIQUE M BAYA CASAL S. A.,PIROXASULFONE 85%,III
41785,BIFENTRIN 25 CHEMOTECNICA,CHEMOTECNICA S. A.,BIFENTRIN 25%,II
41784,ARAGEN PODLESCH IA,PODLESCH SOCIEDAD ANONIMA,CLORANTRANILIPROLE 20%,IV
41782,COJONES 20,FARM CHEMICALS ARGENTINA S.R.L,CLORANTRANILIPROLE 20%,IV
41781,HAVOC MAXX 36,SUMITOMO CHEMICAL ARGENTINA S.A.,CLETODIM 36%,III
41780,TALIS PLUS,AGROFINA S A,"FLUROCLORIDONA 37,5%",III
41779,"ABAMECTINA 3,6 EBC",ENRIQUE M BAYA CASAL S. A.,"ABAMECTINA 3,6%",II
41778,ATRAZINA 90 EBC,ENRIQUE M BAYA CASAL S. A.,ATRAZINA 90%,IV
41777,SHUTDOWN 50 SC,UPL ARGENTINA S. A.,SULFENTRAZONE 50%,III
41776,NEMESIS,CHEMOTECNICA S. A.,LUFENURON 5%,IV
41775,R-MAZ METILADO,MUHTRON S. A.,ESTERES METILICOS DE ACIDOS GRASOS DE ACEITE DE SOJA 70%,IV
41774,R-MAZ HIGH TECH,MUHTRON S. A.,ESTERES METILICOS DE ACIDOS GRASOS DE ACEITE DE SOJA 70%,IV
41773,MARCH MAX A,AGROFINA S A,"GLIFOSATO 75,7%",III
41772,EITO II,AGROCAC S.R.L.,"PROTIOCONAZOLE 17,5%, TRIFLOXISTROBIN 15%",III
41771,ATRAZINA 90 WG I,NUTRIEN AG SOLUTIONS ARGENTINA S. A.,ATRAZINA 90%,IV
41770,CRUZE,CHEMOTECNICA S. A.,"AZOXISTROBINA 20%, CIPROCONAZOLE 8%",IV
41769,GLUFOPROCHEM 90,PROCHEM BIO SA.,GLUFOSINATO DE AMONIO 90%,III
41768,PICLORAM 24 SL CORTEVA,CORTEVA AGRISCIENCE ARGENTINA SRL,"PICLORAM 27,7%",III
41767,MANCOZEB WG 75,SUMITOMO CHEMICAL ARGENTINA S.A.,MANCOZEB 75%,III
41766,MICRO WINNOW,LABORATORIO QUIMECO S.R.L.,ESTERES METILICOS DE ACIDOS GRASOS DE ACEITE DE SOJA 82%,IV
41765,IMIDA 35 SC DELTA AGRO,AGROINSUMOS B Y L S.A.,IMIDACLOPRID 35%,II
41764,PROTIOFLOX SIGMA,SIGMA AGRO S.A,"PROTIOCONAZOLE 17,5%, TRIFLOXISTROBIN 15%",III
41763,GLUFAN PLUS,AGROFINA S A,GLUFOSINATO DE AMONIO 40%,III
41762,"ATANOR ABAMECTINA 3,6 ME",ATANOR SOCIEDAD EN COMANDITA POR ACCIONES,"ABAMECTINA 3,6%",II
41761 BIO,INBIO,TERRABIO S.A.S.,"BACILLUS THURINGIENSIS var. KURSTAKI cepa N1 ,603%, BACILLUS THURINGIENSIS var. KURSTAKI cepa N2 ,603%, BACILLUS THURINGIENSIS var. KURSTAKI cepa N3 ,603%",IV
41760,HALOXIGEN PLUS,TECNOMYL S. A.,"HALOXIFOP-P METIL 93,5%",II
41759,IMAZAMOX 70 WG BRILLIANCE,XOMEZANA SA,IMAZAMOX 70%,III
41758,ACTION ME,WECAN AGRO SA,"2,4 D 30%",II
41757,ACADEMIX ELITE,CHEMOTECNICA S. A.,"2,4 D 30%",II
41756,CLEVEROLE FULL,RAINBOW AGROSCIENSES SA,CLORANTRANILIPROLE 40%,IV
41755,PINAR ELITE,SURCOS S.A.,PICLORAM 8%,III
41754,"2,4-D ME 30 DELTA AGRO",AGROINSUMOS B Y L S.A.,"2,4 D 30%",III
41753,STRATUS,SINER S A,"2,4 D 30%",III
41752,CEVYA,BASF AGRICULTURAL SOLUTIONS ARGENTINA S.A.,MEFENTRIFLUCONAZOLE 40%,III
41751,EXIMIA,NOVA S. A. U.,"METALAXIL 1,33%, METIL TIOFANATO 10%",IV
41750,LOCSUFON PLUS,RAINBOW AGROSCIENSES SA,"FLUMIOXAZIN 15%, PIROXASULFONE 34,5%",III
41749,TEMBOTRI SC,AGROCAC S.R.L.,TEMBOTRIONE 42%,III
41748,BQ MAX,FRAGARIA S.A.,"ALCOHOL GRASO ETOXILADO 15%, ALCOHOL LAURICO ETOXILADO 15%",IV
41747,FOMECROPS,SURCROPS SRL,"FOMESAFEN 26,25%",III
41746,HALOXICROPS,SURCROPS SRL,HALOXIFOP-P METIL 54%,II
41745,CLORANTRA20 ZAMBA,COFCO INTERNATIONAL ARGENTINA S.A.,CLORANTRANILIPROLE 20%,IV
41744,EPICO,CHEMOTECNICA S. A.,CLORANTRANILIPROLE 20%,IV
41743,ALQUIMIA SIGMA,SIGMA AGRO S.A,"ALCOHOL GRASO ETOXILADO 10%, ALCOHOL LAURICO ETOXILADO 10%",III
41742,CONVISO ONE,AGRO BAYER S. R. L.,"FORAMSULFURON 5%, TIENCARBAZONE METIL 3%",III
41741,VULCARUS,BASF AGRICULTURAL SOLUTIONS ARGENTINA S.A.,TRIFLUDIMOXAZIN 50%,III
41740,PRO ECO EW,PROTEGRAN S A,"2,4 D 53%",III
41739,"TECTAR,",SINER S A,TIABENDAZOL 50%,IV
41738,IMIDA SAN PABLO,LABORATORIO SAN PABLO PRODUCTOS BIOLOGICOS S.R.L.,IMIDACLOPRID 60%,II
41737,TREPAK DUO,AGRIA ARGENTINA S.A.,"CIMOXANIL 5%, PROPAMOCARB CLORHIDRATO 40%",IV
41736,LOCSUFON XTRA,RAINBOW AGROSCIENSES SA,PIROXASULFONE 85%,III
41735,TIEMBLA,AGROFINA S A,"LAMBDA-CIALOTRINA 10,6%, TIAMETOXAM 14,1%",III
41734,FEROMATE,GLEBA S A,"(E,Z)7,9-DODECADIENIL ACETATO 9,6%",IV
41733,CKC GOLD,LABORATORIOS C.K.C. ARGENTINA S.A.,"FLUDIOXONIL 2,5%, METALAXIL 1%",IV
41732,BIODAB TWIN,COMPAÑIA DAB S.R.L.,ACIDO FOSFORICO 50%,III
41731,FLUMI 48 DELTA AGRO,AGROINSUMOS B Y L S.A.,FLUMIOXAZIN 48%,III
41730,DICLO 84 WG DELTA AGRO,AGROINSUMOS B Y L S.A.,DICLOSULAM 84%,IV
41729,KEEPER METIL I,PRO CROP S.A.,"ESTERES METILICOS DE ACIDOS GRASOS DE ACEITE DE SOJA 0%, ESTERES METILICOS DE ACIDOS GRASOS DE ACEITE VEGETAL 82%",IV
41728,KEEPER SILICON I,PRO CROP S.A.,"ESTERES METILICOS DE ACIDOS GRASOS DE ACEITE DE SOJA 0%, ESTERES METILICOS DE ACIDOS GRASOS DE ACEITE VEGETAL 66%",IV
41727,TOUCHDOWN PLUS,SYNGENTA AGRO SOCIEDAD ANONIMA,"GLIFOSATO 66,2%",IV
41726,FRUCTO,INSUMOS AGROQUIMICOS SOCIEDAD ANONIMA,"AZOXISTROBINA 20%, CIPROCONAZOLE 8%",III
41725,TEMPUS MAX,ASOCIACION DE COOPERATIVAS ARGENTINAS - COOP. LTDA.,"AZOXISTROBINA 16%, PROTIOCONAZOLE 17,5%",IV
41724 BIO,RIZOVERIA,RIZOBACTER ARGENTINA S A,"BEAUVERIA BASSIANA ,1%",IV
41723,PERICON 35 FOLIAR,PRODINSA ARGENTINA S A,IMIDACLOPRID 35%,II
41722,NANOSIL SIGMA,SIGMA AGRO S.A,"ESTERES METILICOS DE ACIDOS GRASOS DE ACEITE DE SOJA 76,6%",IV
41721,METOMIL 90 EBC,ENRIQUE M BAYA CASAL S. A.,METOMIL 90%,Ib
41720,TBZ F,3 LOMAS S.A.,TERBUTILAZINA 50%,II
41719,TBZ E,3 LOMAS S.A.,TERBUTILAZINA 50%,II
41718,TERBUTILAZINA 50 NEXORA,3 LOMAS S.A.,TERBUTILAZINA 50%,II
41716,TERBUCHEM 50 SC,CHEMOTECNICA S. A.,TERBUTILAZINA 50%,II
41715,MENTOR 20 ACA,ASOCIACION DE COOPERATIVAS ARGENTINAS - COOP. LTDA.,CLORANTRANILIPROLE 20%,III
41714,TARPAN MAX,GLEBA S A,"FLUDIOXONIL 2,5%, METALAXIL 7,5%",III
41713,AZZIX,SIPCAM ARGENTINA S.R.L.,"CARFENTRAZONE ETIL 1,5%, TERBUTILAZINA 55%",II
41712,CHEMODIM 24,CHEMOTECNICA S. A.,CLETODIM 24%,III
41711,FIDEMAX 2.4 D ME,AGRICULTORES FEDERADOS ARGENTINOS SOC COOP LTDA,"2,4 D 30%",II
41710,EMPERA NEO,SUMITOMO CHEMICAL ARGENTINA S.A.,"EPYRIFENACIL 5,5%",III
41709,EMPERACIL,SUMITOMO CHEMICAL ARGENTINA S.A.,"EPYRIFENACIL 5,5%",III
41708,EMPERA MAX,SUMITOMO CHEMICAL ARGENTINA S.A.,"EPYRIFENACIL 5,5%",III
41707,FLUMIOXAZIN 48 B,REGISTROS AGROPECUARIOS SRL,FLUMIOXAZIN 48%,III
41706,AMIGUITO FACYT,FACYT I + D SA,"ESTERES METILICOS DE ACIDOS GRASOS DE ACEITE DE SOJA 0%, ESTERES METILICOS DE ACIDOS GRASOS DE ACEITE VEGETAL 37%",III
41705,SAGITARIO,NOVA S. A. U.,"PIRACLOSTROBIN 13,3%, PROPICONAZOLE 15%, PROTIOCONAZOLE 6%",II
41704,PARAQUAT III KEMSURE,AGROEMPRESA COLON S.A.,"PARAQUAT DICLORURO 27,6%",II
41703,MESOMYL T,TECNOMYL S. A.,MESOTRIONE 48%,IV
41702,ADAMA MAXENTIS,ADAMA ARGENTINA SOCIEDAD ANONIMA,"AZOXISTROBINA 20%, PROTIOCONAZOLE 15%",II
41700,VOLGA,AGROFINA S A,FLUROCLORIDONA 25%,III
41699,CLOMAZONE 80 EC BRILLIANCE,AGROREGISTROS PROFESIONALES S.R.L.,CLOMAZONE 80%,III
41698,FINACLOR,AGROFINA S A,"2,4 D 78,1%",II
41697,GLENN,CHEMOTECNICA S. A.,LACTOFEN 36%,III
41696,TREVOR,AGROFINA S A,CLORANTRANILIPROLE 20%,IV
41695,ARAGEN 20,ARANAMI INDUSTRIAL S.A.,CLORANTRANILIPROLE 20%,IV
41694,GLIFOSATO CLEAN GOLD,3 LOMAS S.A.,"GLIFOSATO 60,8%",IV
41693,CURAMI XL,ARANAMI INDUSTRIAL S.A.,"FLUDIOXONIL 2,5%, METALAXIL 1%",IV
41692,SULFENTRAZONE SINO-AGRI,SAL ARGENTINA S.R.L.,SULFENTRAZONE 50%,III
41691,GOLDROLE,RAINBOW AGROSCIENSES SA,FLUBENDIAMIDE 48%,III
41690,GENAPIR,NGC AGROSCIENCES ARGENTINA S.A.,"IMAZAPIR 58,9%",IV
41689,PIROFLUM,XOMEZANA SA,"FLUMIOXAZIN 15%, PIROXASULFONE 34,5%",IV
41688,PIROXASULFONE 85 WG BRILLIANCE,XOMEZANA SA,PIROXASULFONE 85%,III
41687,BOKKEN,SUMMIT AGRO ARGENTINA S A,"BIFENTRIN 9%, DINOTEFURAN 18%",II
41682,BIFENTRIN 25 PRODINSA,PRODINSA ARGENTINA S A,BIFENTRIN 25%,II
41681,SURFAWET,AKTIV S.R.L.,ALCOHOL LAURICO ETOXILADO 40%,III
41680,PHILDIM 40,PHILAGRO S.A,DIMETOATO 40%,II
41679,TIAMETOXAM + LAMBDACIALOTRINA EBC,ENRIQUE M BAYA CASAL S. A.,"LAMBDA-CIALOTRINA 10,6%, TIAMETOXAM 14,1%",III
41678,KATANGA,BROMETAN S. R. L.,FOSETIL ALUMINIO 80%,III
41677,JALISCO,BROMETAN S. R. L.,HEXITIAZOX 10%,III
41676,FLUMISOYA,SINER S A,FLUMIOXAZIN 48%,IV
41675,WYNCA DICAMBA 48,REGISTROS AGROPECUARIOS SRL,"DICAMBA 57,8%",III
41674,ATRAMYL PLUS,TECNOMYL S. A.,"ATRAZINA 25%, SIMAZINA 25%",III
41673,LUAN PLUS,CHEMOTECNICA S. A.,"BENAZOLIN ETIL 20%, FOMESAFEN 13,3%",IV
41672,"POWER MAXX 75,7",ATANOR SOCIEDAD EN COMANDITA POR ACCIONES,"GLIFOSATO 75,7%",III
41671,TOUCHDOWN MAX,SYNGENTA AGRO SOCIEDAD ANONIMA,"GLIFOSATO 75,7%",III
41670,LIFELINE SYNC,UPL ARGENTINA S. A.,"GLUFOSINATO DE AMONIO 12,8%, S-METOLACLORO 30%",III
41669,FOMESAFEN CONTROLER,AGROFACIL S A,"FOMESAFEN 26,2%",III
41668,CHECKMATE CRS DISPENSER,AGRI CHECK SRL,"RESCALURE 5,86%",IV
41667,POTENZA ULTRA IV SG,NUTRIEN AG SOLUTIONS ARGENTINA S. A.,"GLIFOSATO 75,7%",III
41666,LEBLAT,FARMCHEM SA,CLORANTRANILIPROLE 20%,IV
41665,MORSH FULL,RAINBOW AGROSCIENSES SA,"M.C.P.A. 91,9%",II
41664,GRAVITON,ISK ARGENTINA BRANCH,"TIAFENACIL 33,9%",III
41663,"2,4-D 97 SIGMA",SIGMA AGRO S.A,"2,4 D 97%",II
41662,EMPERA,SUMITOMO CHEMICAL ARGENTINA S.A.,"EPYRIFENACIL 5,5%",III
41661,DESEKTOR,DVA AGRO GMBH S.E.E.,"GLIFOSATO 38,5%, GLUFOSINATO DE AMONIO 15%",III
41660 BIO,BIOKATO,AGROBIO ARGENTINA SAU,"PSEUDOMONAS FLUORESCENS + PSEUDOMONAS CHLORORAPHIS 1,8%",IV
41659,"2,4-D EHE SINO-AGRI",SAL ARGENTINA S.R.L.,"2,4 D 89%",III
41658,ADAMA ARROW 48,ADAMA ARGENTINA SOCIEDAD ANONIMA,CLETODIM 48%,III
41657,DONUM,SUMMIT AGRO ARGENTINA S A,DINOTEFURAN 70%,IV
41656,ARACLE 24,ARANAMI INDUSTRIAL S.A.,CLETODIM 24%,III
41655,MYCLO 25 IA,PODLESCH SOCIEDAD ANONIMA,MICLOBUTANIL 25%,III
41654,FIDEMAX FLUMIOXAZIN 48,AGRICULTORES FEDERADOS ARGENTINOS SOC COOP LTDA,FLUMIOXAZIN 48%,IV
41653,ATRAZINA 90 FENDER,PRO CROP S.A.,ATRAZINA 90%,IV
41652,SHERMAN MAX,SANTEX S. A.,"GLIFOSATO 75,7%",III
41651,HALOXIFOP 54 EBC,ENRIQUE M BAYA CASAL S. A.,HALOXIFOP-P METIL 54%,III
41650,FOMESA 25 EBC,ENRIQUE M BAYA CASAL S. A.,"FOMESAFEN 26,25%",III
41649,ADAMA PARAMER,ADAMA ARGENTINA SOCIEDAD ANONIMA,PIROXASULFONE 85%,III
41648,MIRAVIS OPTI CON TECNOLOGÍA ADEPIDYN,SYNGENTA AGRO SOCIEDAD ANONIMA,"CLOROTALONIL 50%, PIDIFLUMETOFEN 2,25%",III
41647,COLOSSO 20,WECAN AGRO SA,CLORANTRANILIPROLE 20%,IV
41646,HO-FUNGUS C+T,BIOCORP-HO S. A.,"CARBENDAZIM 25%, TIRAM 25%",III
41645,PARAQUAT AGROFINA,AGROFINA S A,"PARAQUAT DICLORURO 27,6%",II
41644,SAMBOY,AGROFINA S A,"2,4 D 78,1%",II
41643,ATRAZINA 90 HT JLB,JLB Y ASOCIADOS S.A,ATRAZINA 90%,III
41642,HIDROQUIM,ARGENTI LEMON S A,HIDROXIDO DE COBRE 77%,II
41641,TORPEDO FACYT,FACYT I + D SA,LUFENURON 5%,IV
41640,IMIFLUM,XOMEZANA SA,"FLUMIOXAZIN 10%, IMAZETAPIR 21,2%",IV
41639,MAXGRAVIS,AGM ARGENTINA S. A.,"ALCOHOL GRASO ETOXILADO 7,86%",IV
41638,LUXOR 24 EC,ATANOR SOCIEDAD EN COMANDITA POR ACCIONES,CLETODIM 24%,III
41637,GENSAFEN MAX,TECNOMYL S. A.,FOMESAFEN 50%,III
41636,MULSANNE,KOPPERT ARGENTINA S. A.,"ISARIA FUMOSOROSEA 8,5%",IV
41635,BB TOX X-TRA,HUAGRO S A,"ACETAMIPRID 1,6%",IV
41634,SEEDXIL,FITOQUIMICA S.A.,"FLUDIOXONIL 2,5%, METALAXIL 1%",IV
41633,"GLIFOSATO 68,8% EBC",ENRIQUE M BAYA CASAL S. A.,"GLIFOSATO 75,7%",III
41632,REVITON,HELM ARGENTINA S. R. L.,TIAFENACIL 70%,III
41631,NORTHVANT TWIN,CONTI MARTIN JOSE,ALCOHOL GRASO ETOXILADO 25%,IV
41630,PYRMAX 48,SIPCAM ARGENTINA S.R.L.,"IMAZAPIR 58,9%",IV
41629,METRIBUZIN 48% EBC,ENRIQUE M BAYA CASAL S. A.,METRIBUZIN 48%,II
41628,"CONTROLER 2,4 D BV",AGROFACIL S A,"2,4 D 89%",II
41627,PEGASO 84% WG,PROQUIMUR SA,DICLOSULAM 84%,IV
41626,GREEN II MAX,EL TOBIANO SA,"GLIFOSATO 75,7%",III
41625,TARGET 79,JLB Y ASOCIADOS S.A,M.S.M.A. 79%,II
41624,MATENO PLUS,AGRO BAYER S. R. L.,"ACLONIFEN 45%, DIFLUFENICAN 3%, FLUFENACET 12%",III
41623,ENKIL,CHEMOTECNICA S. A.,DIFLUFENICAN 50%,IV
41622,VESDUA,SYNGENTA AGRO SOCIEDAD ANONIMA,FLUMIOXAZIN 48%,IV
41621,CIPERMETRINA 25 CHEMOTECNICA,CHEMOTECNICA S. A.,CIPERMETRINA 25%,II
41620,DIMETOATO 40 IA,PODLESCH SOCIEDAD ANONIMA,DIMETOATO 40%,II
41619,STARZONE,AGRI STAR S. A.,CLOMAZONE 48%,III
41618,"GLIFO 75,7 WG DELTA AGRO",AGROINSUMOS B Y L S.A.,"GLIFOSATO 75,7%",IV
41617,MATACO BAGUAL,FACYT I + D SA,"BIFENTRIN 5%, IMIDACLOPRID 20%, LAMBDA-CIALOTRINA 7,5%",II
41616,COSAVET 80 WG,AGRI STAR S. A.,AZUFRE 80%,III
41615,KILLDAN MAX,COOPERATIVA AGROPECUARIA DE ACOPIADORES FEDERADOS LIMITADA,PIRIMIFOS METIL 50%,III
41614,pH CONTROL,H 2 0 CONTROL SOCIEDAD DE RESPONSABILIDAD LIMITADA,ACIDO FOSFORICO 40%,III
41613,OPONENTE SC,ATANOR SOCIEDAD EN COMANDITA POR ACCIONES,METOXIFENOCIDE 24%,IV
41612,PLANITY XPERT,SUMITOMO CHEMICAL ARGENTINA S.A.,"DIFENOCONAZOLE 12%, INPYRFLUXAM 6%, PICOXISTROBIN 12%",III
41611,FLUMIOXAZIN 48 CHEMOTECNICA,CHEMOTECNICA S. A.,FLUMIOXAZIN 48%,IV
41610,"GLIFOSATO 68,8% EBC DRY",ENRIQUE M BAYA CASAL S. A.,"GLIFOSATO 75,7%",IV
41609,ATINE PH,AKTIV S.R.L.,ACIDO FOSFORICO 60%,III
41608,OPTERA PRO,SUMITOMO CHEMICAL ARGENTINA S.A.,CLORANTRANILIPROLE 20%,IV
41607,CAMOUFLAGE 48 EC,FARM CHEMICALS ARGENTINA S.R.L,CLOMAZONE 48%,III
41606,TAURUS ELITE IV,SURCOS S.A.,S-METOLACLORO 45%,IV
41605,TAURUS ELITE III,SURCOS S.A.,S-METOLACLORO 45%,IV
41604,KAIROS ELITE IV,SURCOS S.A.,SULFENTRAZONE 10%,III
41603,GLIFOSATO MAX INZIRA,RINDES Y CULTIVOS DAS S.A. - FEDEA S.A. - SUMIDAS JV S.A.- DASER AGRO S.A. - AMBITO DAS S.A. - TERRAMAR JV S.A. - DESAB S.A. U. T. E.,"GLIFOSATO 75,7%",IV
41602,PROTECTA PLUS,NOVA S. A. U.,"AZOXISTROBINA ,6%, FIPRONIL 15,2%, FLUDIOXONIL 1,04%, METALAXIL 2%, METIL TIOFANATO 10%, TIAMETOXAM 28%",II
41601,BRIXTON 24,SIPCAM ARGENTINA S.R.L.,CLETODIM 24%,III
41600,INDOMAN 75,SINER S A,MANCOZEB 75%,III
41599,XPULSE MAX 90,PROCHEM BIO SA.,GLUFOSINATO DE AMONIO 90%,III
41598,TERBUMAS 50,3 LOMAS S.A.,TERBUTILAZINA 50%,II
41597,CHECKMATE CRS,NASTIA S.R.L.,"RESCALURE 5,86%",IV
41596,GRO-STOP BASIS LWAMSA,LAMB WESTON ALIMENTOS MODERNOS S.A.,CLORPROPHAM (CIPC) 30%,III
41595,KEPLER,CAMPO CROP S.A.,FLUMIOXAZIN 48%,IV
41594,ROMEL,CHEMOTECNICA S. A.,FLUROCLORIDONA 25%,III
41593,DEFERON ELITE ME,SURCOS S.A.,"2,4 D 30%",III
41592,SUPERA MIX,NOVA S. A. U.,ALCOHOL GRASO ETOXILADO 2%,IV
41591,PROTECTA TRIGO PLUS,NOVA S. A. U.,"DIFENOCONAZOLE 3,69%, IMIDACLOPRID 12%, METALAXIL ,62%",IV
41590,SEMIVIA TRIGO,NOVA S. A. U.,"IMIDACLOPRID 23,3%, TEBUCONAZOLE 1,3%",II
41588,TOMCAT,PHILAGRO S.A,METRIBUZIN 48%,II
41586,GREEN II POTASICO,EL TOBIANO SA,"GLIFOSATO 66,2%",IV
41585,FLUMIOXAZIN 48 SINO-AGRI,SAL ARGENTINA S.R.L.,FLUMIOXAZIN 48%,IV
41584,SUPERA GREEN,TROPFEN S. A.,"MEZCLA DE TRIOLEATO DE POLIGLICEROL Y SORBITAN ESTER POLIETOXILADO 96,5%",IV
41583,ARAMEC,ARANAMI INDUSTRIAL S.A.,"ABAMECTINA 1,8%",II
41582,ACADERMA,RIZOBACTER ARGENTINA S A,TRICHODERMA AFROHARZIANUM cepa Th2R199 50%,IV
41581,MESAPLEX,ADAMA ARGENTINA SOCIEDAD ANONIMA,MESOTRIONE 48%,III
41580,VORTICE,ASOCIACION DE COOPERATIVAS ARGENTINAS - COOP. LTDA.,METRIBUZIN 48%,III
41579,SALTRIN 10,SAL ARGENTINA S.R.L.,BIFENTRIN 10%,II
41578,"EITO 32,5 SC",AGROCAC S.R.L.,"PROTIOCONAZOLE 17,5%, TRIFLOXISTROBIN 15%",III
41577,BARUS 70 WG,ISK ARGENTINA BRANCH,TIAFENACIL 70%,III
41576,TERBUTILAZINA 50 EBC,ENRIQUE M BAYA CASAL S. A.,TERBUTILAZINA 50%,II
41575,CLETODIM 24 CROP,CARGILL SOCIEDAD ANONIMA COMERCIAL E INDUSTRIAL,CLETODIM 24%,III
41574,PARAQUAT AGROFINA II,AGROFINA S A,"PARAQUAT DICLORURO 27,6%",III
41573,FLUROXIPIR SIGMA,SIGMA AGRO S.A,FLUROXIPIR MEPTIL 48%,III
41572,PATTERN MYL BB,TECNOMYL S. A.,S-METOLACLORO 96%,III
41571,PATTERN MYL AA,TECNOMYL S. A.,S-METOLACLORO 96%,III
41570,AUSTAK AXIT PRO,PROTEGRAN S A,"2,4 D 30%",III
41569,"2,4-D 30 ME SIGMA",SIGMA AGRO S.A,"2,4 D 30%",III
41568,LUAN,CHEMOTECNICA S. A.,BENAZOLIN ETIL 50%,IV
41567,GLUFOSINATO INZIRA,RINDES Y CULTIVOS DAS S.A. - FEDEA S.A. - SUMIDAS JV S.A.- DASER AGRO S.A. - AMBITO DAS S.A. - TERRAMAR JV S.A. - DESAB S.A. U. T. E.,GLUFOSINATO DE AMONIO 20%,III
41566,TERBUTILAZINA FORMULAGRO,FORMULAGRO SOCIEDAD RESPONSABILIDAD LIMITADA,TERBUTILAZINA 50%,II
41565,PLANITY MAX,SUMITOMO CHEMICAL ARGENTINA S.A.,"INPYRFLUXAM 6%, TEBUCONAZOLE 20%",III
41564,PYROXASULFONE,SUMMIT AGRO ARGENTINA S A,PIROXASULFONE 48%,IV
41563,CHEMODIM 24 EC,CHEMOTECNICA S. A.,CLETODIM 24%,III
41562,HO-WETMIX,BIOCORP-HO S. A.,"ALCOHOL GRASO ETOXILADO 48%, ALCOHOL LAURICO ETOXILADO 48%, ALCOHOL LINEAL ETOXILADO 48%",IV
41561,HO-WETOIL M.E.,BIOCORP-HO S. A.,"ESTERES METILICOS DE ACIDOS GRASOS DE ACEITE DE SOJA 82%, ESTERES METILICOS DE ACIDOS GRASOS DE ACEITE VEGETAL 82%",IV
41560,CIDETRAK EGVM AR,CHEMOTECNICA S. A.,"(E,Z)7,9-DODECADIENIL ACETATO 3,5%",IV
41559,METSULFURON 60% DELTA,DELTA AGROINSUMOS S.A.,METSULFURON METIL 60%,IV
41558,FUMETRINA SSO,NEOPHOS S.A.,"DELTAMETRINA 2,5%",II
41557 BIO,COSTAR WG,SYNGENTA AGRO SOCIEDAD ANONIMA,BACILLUS THURINGIENSIS 85%,IV
41556,CAMOUFLAGE,RAINBOW AGROSCIENSES SA,CLOMAZONE 50%,III
41555,CLETODIM MACRO PROTECT 24%,LDC ARGENTINA S.A.,CLETODIM 24%,III
41554,GRAMINI ELITE III,CHIMAGRO SA,"CLETODIM 12%, HALOXIFOP-P METIL 6%",IV
41553,DEDALO DUO ELITE IV,SURCOS S.A.,"2,4 D 8%, GLIFOSATO 11%",III
41552,EFFECTUX,SIPCAM ARGENTINA S.R.L.,"2,4 D 30%, DICAMBA 4,8%",III
41550,TRICOSTAR,RIZOBACTER ARGENTINA S A,TRICHODERMA AFROHARZIANUM cepa Th2R199 50%,IV
41549,EMULSOR,RIZOBACTER ARGENTINA S A,ALCOHOL GRASO ETOXILADO 48%,III
41548,ATREVIA CEREALES,RIZOBACTER ARGENTINA S A,TRICHODERMA AFROHARZIANUM cepa Th2R199 50%,IV
41547,VENTURA SOJA,RIZOBACTER ARGENTINA S A,TRICHODERMA AFROHARZIANUM cepa Th2R199 50%,IV
41546,FULL KROM,KROMAGRO SOCIEDAD DE RESPONSABILIDAD LIMITADA,"GLIFOSATO 66,2%",IV
41545,2.4D KROM ETIL,KROMAGRO SOCIEDAD DE RESPONSABILIDAD LIMITADA,"2,4 D 89%",III
41544,FIRM,CORTEVA AGRISCIENCE ARGENTINA SRL,"CLOQUINTOCET MEXIL 1,6%, FLUROXIPIR MEPTIL 36%, HALAUXIFEN METIL 1,7%",III
41543,GLIFOSATO SINO-AGRI,SAL ARGENTINA S.R.L.,"GLIFOSATO 66,2%",IV
41542,GLUFOSINATO CHEMOTECNICA 20 SL,CHEMOTECNICA S. A.,GLUFOSINATO DE AMONIO 20%,IV
41541,DEDALO DUO ELITE II,SURCOS S.A.,"2,4 D 8%, GLIFOSATO 11%",III
41540,COWBOY ELITE IV,SURCOS S.A.,DICAMBA 20%,III
41539,DEDALO ELITE V,CHIMAGRO SA,"2,4 D 30%",III
41538,DEDALO DUO ELITE III,CHIMAGRO SA,"2,4 D 8%, GLIFOSATO 11%",III
41537,"2,4-DB 93,1 DELTA AGRO",AGROINSUMOS B Y L S.A.,"2,4-DB 93,1%",II
41536,LE QUAT,MS AGRO S.R.L.,"PARAQUAT DICLORURO 27,6%",II
41535,GLIFO GOLD FENDER,PRO CROP S.A.,GLIFOSATO 60%,IV
41534,"2,4-D 30% ME DELTA",DELTA AGROINSUMOS S.A.,"2,4 D 30%",II
41533,GLIFOSATO 48% EBC GOLD,ENRIQUE M BAYA CASAL S. A.,"GLIFOSATO 60,8%",IV
41532,FIPRO MIL,FARM CHEMICALS ARGENTINA S.R.L,FIPRONIL 25%,II
41531,PARAQUAT SOUTH AGRO,SOUTH AGRO S. R. L.,"PARAQUAT DICLORURO 27,6%",II
41530,NICOFURON 75 WG,NGC AGROSCIENCES ARGENTINA S.A.,NICOSULFURON 75%,III
41529,TARZAN,NGC AGROSCIENCES ARGENTINA S.A.,SULFENTRAZONE 50%,IV
41528,CORRECTOR DOBLE EFECTO FACYT,FACYT I + D SA,ACIDO FOSFORICO 60%,III
41527,HUAGRO HORMIX A,HUAGRO S A,"ALFACIPERMETRINA/ALFAMETRINA ,5%",IV
41526,PLEO TOP,SUMMIT AGRO ARGENTINA S A,PYRIDALIL 50%,III
41525,METRI 48 AGROTERRUM,AGROTERRUM S. A.,METRIBUZIN 48%,III
41524,ZATAKA,NUTRIEN AG SOLUTIONS ARGENTINA S. A.,FLUMIOXAZIN 48%,III
41523,AMAZING PRO STICK,FARM CHEMICALS ARGENTINA S.R.L,MANCOZEB 75%,III
41522,GASCOIN ADN,ADN AGRO S.A.,"FOMESAFEN 12%, S-METOLACLORO 51,8%",III
41521,METOMIL 90 RAINBOW,RAINBOW AGROSCIENSES SA,METOMIL 90%,Ib
41520,OPTIMIX,FERTILIZANTES FULLTEC SRL,ALCOHOL LAURICO ETOXILADO 22%,IV
41519,COWBOY ELITE III,SURCOS S.A.,DICAMBA 20%,III
41518,KAIROS ELITE III,CHIMAGRO SA,SULFENTRAZONE 10%,III
41517,MINORI 50 WG,S ANDO Y CIA SACIIF,PIMETROZINE 50%,III
41516,LEYCOSATO,MS AGRO S.R.L.,"GLIFOSATO 66,2%",IV
41515,TAURUS ELITE II,SURCOS S.A.,S-METOLACLORO 45%,IV
41514,SULFENTRAZONE SURCOS II,SURCOS S.A.,SULFENTRAZONE 10%,III
41513,UNICORN,SULPHUR MILLS SA,"AZUFRE 70%, TEBUCONAZOLE 4,5%",III
41512,RAFTER 25 ME,CHEMOTECNICA S. A.,LAMBDA-CIALOTRINA 25%,II
41511,ATRAZINA 50 FENDER I,PRO CROP S.A.,ATRAZINA 50%,III
41510,DENAZON,RAINBOW AGROSCIENSES SA,BENAZOLIN ETIL 50%,IV
41509,POZIBEN,RAINBOW AGROSCIENSES SA,"PROTIOCONAZOLE 17,5%, TRIFLOXISTROBIN 15%",IV
41508,"CONSECT 62,5 FS",TAGROS ARGENTINA S.R.L.,"CLORANTRANILIPROLE 62,5%",III
41507,RELIPRO 35 WG,TAGROS ARGENTINA S.R.L.,CLORANTRANILIPROLE 35%,III
41506,IMPEED 20 SC,TAGROS ARGENTINA S.R.L.,CLORANTRANILIPROLE 20%,IV
41505,GESAGARD A,SYNGENTA AGRO SOCIEDAD ANONIMA,PROMETRINA 50%,III
41504,CLOROTALONIL 72 DELTA,AGROINSUMOS B Y L S.A.,CLOROTALONIL 72%,III
41503,PONGA,AGRARIA54 S.R.L.,"PARAQUAT DICLORURO 27,6%",II
41502,TOPSTAR,CORTEVA AGRISCIENCE ARGENTINA SRL,FLUROXIPIR MEPTIL 48%,IV
41501,WINGER,UPL ARGENTINA S. A.,PIROXASULFONE 85%,IV
41500,TROP GREEN,TROPFEN S. A.,"MEZCLA DE TRIOLEATO DE POLIGLICEROL Y SORBITAN ESTER POLIETOXILADO 96,5%",IV
41499,FLUMIOXAZIN 48 BINNONG,REGISTROS AGROPECUARIOS SRL,FLUMIOXAZIN 48%,III
41498,OMINUS,FYO ACOPIO S.A.,ESTERES METILICOS DE ACIDOS GRASOS DE ACEITE VEGETAL 65%,IV
41497,VORAXOR,BASF AGRICULTURAL SOLUTIONS ARGENTINA S.A.,"SAFLUFENACIL 25%, TRIFLUDIMOXAZIN 12,5%",III
41496,EFIMAX BENAZOLIN,AGRICULTORES FEDERADOS ARGENTINOS SOC COOP LTDA,BENAZOLIN ETIL 50%,IV
41495,CRIPTONITA AGROTERRUM,AGROTERRUM S. A.,"PROTIOCONAZOLE 17,5%, TRIFLOXISTROBIN 15%",IV
41494,EXPLOYO VIT,M2I BIOCONTROL ARGENTINA S. A.,"(E,Z)7,9-DODECADIENIL ACETATO 2,32%",IV
41493,DIFLU 50 DELTA AGRO,AGROINSUMOS B Y L S.A.,DIFLUFENICAN 50%,III
41492,ENGAGE,CORTEVA AGRISCIENCE ARGENTINA SRL,"METOXIFENOCIDE 30%, SPINETORAM 6%",IV
41491,TROMPO ACTIVE,SURCOS S.A.,"LUFENURON 2,5%, PROFENOFOS 25%",II
41490,BENAZOLIN 50 AGROTERRUM,AGROTERRUM S. A.,BENAZOLIN ETIL 50%,IV
41489,MOENCH ACA,ASOCIACION DE COOPERATIVAS ARGENTINAS - COOP. LTDA.,BENAZOLIN ETIL 50%,IV
41488,BENAZOLIN 50 DELTA AGRO,AGROINSUMOS B Y L S.A.,BENAZOLIN ETIL 50%,IV
41487,DIURON DELTA AGRO,AGROINSUMOS B Y L S.A.,DIURON 80%,III
41486,PALIZ SG,ATANOR SOCIEDAD EN COMANDITA POR ACCIONES,DICAMBA 77%,III
41485,ROZZAR,SUMITOMO CHEMICAL ARGENTINA S.A.,"DIURON 18%, TIDIAZURON 36%",III
41484,ENTREVERO,ATANOR SOCIEDAD EN COMANDITA POR ACCIONES,BIFENTRIN 10%,II
41483,ATANOR FLUMIOXAZIN 48 SC HH,ATANOR SOCIEDAD EN COMANDITA POR ACCIONES,FLUMIOXAZIN 48%,III
41482,FENSORAX CON TECNOLOGIA PLINAZOLIN,SYNGENTA AGRO SOCIEDAD ANONIMA,"ISOCYCLOSERAM 10%, LAMBDA-CIALOTRINA 15%",II
41481,TSUKI,SUMMIT AGRO ARGENTINA S A,"ACETAMIPRID 15%, BIFENTRIN 13,5%",II
41480,SUMILEX TOP,SUMMIT AGRO ARGENTINA S A,PROCIMIDONE 50%,III
41479,RIZOSPRAY ZEN,RIZOBACTER ARGENTINA S A,ALCOHOL GRASO ETOXILADO 48%,III
41478,ECLIPSE,CHEMOTECNICA S. A.,FLUMIOXAZIN 48%,IV
41477,CLOROTALONIL 72 JLB,JLB Y ASOCIADOS S.A,CLOROTALONIL 72%,III
41476,SULFENTRAZONE PRO 75 WP,PROTEGRAN S A,SULFENTRAZONE 75%,III
41475,FLUROXIPIR 48 JLB,JLB Y ASOCIADOS S.A,FLUROXIPIR MEPTIL 48%,III
41474,PRO-D-93 ESTER LV,PROTEGRAN S A,"2,4 D 93%",III
41473,SUMIPLEO,SUMITOMO CHEMICAL ARGENTINA S.A.,PYRIDALIL 50%,III
41472,CHRONATOL MAXX,SUMITOMO CHEMICAL ARGENTINA S.A.,S-METOLACLORO 96%,III
41471,FSV-Tanalith,FORESTAL SAUCE VIEJO S A,SALES CCA 108%,Ia
41470,TOPSTAR FUSION,CORTEVA AGRISCIENCE ARGENTINA SRL,"HALAUXIFEN METIL 7,14%",III
41469,ARAGIB 10,ARANAMI INDUSTRIAL S.A.,ACIDO GIBERELICO 10%,IV
41468,CLOZONE,RAINBOW AGROSCIENSES SA,CLOMAZONE 50%,III
41467,SORFENTUDO,RAINBOW AGROSCIENSES SA,SULFENTRAZONE 50%,III
41466,S-CASPER EC,CARGILL SOCIEDAD ANONIMA COMERCIAL E INDUSTRIAL,S-METOLACLORO 96%,III
41465,MESOTRIONE 48% EBC,ENRIQUE M BAYA CASAL S. A.,MESOTRIONE 48%,III
41464,ZARBEMA,SYNGENTA AGRO SOCIEDAD ANONIMA,BICICLOPIRONA 20%,IV
41463,RID GONE XTRA,RAINBOW AGROSCIENSES SA,"GLIFOSATO 88,8%",III
41462,PICLO DELTA AGRO,AGROINSUMOS B Y L S.A.,"PICLORAM 27,8%",IV
41461,NEOGREEN,BROMETAN S. R. L.,PIMETROZINE 50%,III
41460,FLASH,CORTEVA AGRISCIENCE ARGENTINA SRL,"HALAUXIFEN METIL 7,14%",III
41459,LOBESIA PRO,AEROTEC ARGENTINA S. A.,"(E,Z)7,9-DODECADIENIL ACETATO 2,32%",IV
41458,GLIFOSATO FULL SIGMA,SIGMA AGRO S.A,"GLIFOSATO 66,2%",IV
41457,TRINEXAPAC 25 FALCROP,FALCROP S. A.,TRINEXAPAC-ETIL 25%,III
41456,MUTICUS,ASOCIACION DE COOPERATIVAS ARGENTINAS - COOP. LTDA.,CLOMAZONE 36%,IV
41455,ZAWE 36,AGM ARGENTINA S. A.,CLETODIM 36%,III
41454,JADE,PHILAGRO S.A,"EPOXICONAZOLE 5%, PIRACLOSTROBIN 13,3%",IV
41452,METSULFURON MULTIAGRO,MULTIAGRO S. A.,METSULFURON METIL 60%,III
41451,UDELICA,RAINBOW AGROSCIENSES SA,FLUROXIPIR MEPTIL 48%,III
41450,NICORONY,RAINBOW AGROSCIENSES SA,NICOSULFURON 75%,III
41449,EDENTICE,RAINBOW AGROSCIENSES SA,DIFLUFENICAN 50%,III
41448,PLADIUS XPERT,SUMITOMO CHEMICAL ARGENTINA S.A.,"DIFENOCONAZOLE 12%, INPYRFLUXAM 6%, PICOXISTROBIN 12%",III
41447,IMAZAFEN,NOVA S. A. U.,"FOMESAFEN 26,25%, IMAZAPIC 18,36%",III
41446,PROTIO + TRIFLOX DELTA AGRO,AGROINSUMOS B Y L S.A.,"PROTIOCONAZOLE 17,5%, TRIFLOXISTROBIN 15%",IV
41445,PLUTON EBC,ENRIQUE M BAYA CASAL S. A.,"PROTIOCONAZOLE 17,5%, TRIFLOXISTROBIN 15%",IV
41444,SULFENTRAZONE 50 CROP,CARGILL SOCIEDAD ANONIMA COMERCIAL E INDUSTRIAL,SULFENTRAZONE 50%,III
41443,IMIDA 60 AGROTERRUM,AGROTERRUM S. A.,IMIDACLOPRID 60%,II
41442,"PARAQUAT 27,6 EBC",ENRIQUE M BAYA CASAL S. A.,"PARAQUAT DICLORURO 27,6%",III
41441,BLOWOUT SL,CARGILL SOCIEDAD ANONIMA COMERCIAL E INDUSTRIAL,"PARAQUAT DICLORURO 27,6%",III
41440,FIDEMAX GLUFOSINATO DE AMONIO,AGRICULTORES FEDERADOS ARGENTINOS SOC COOP LTDA,GLUFOSINATO DE AMONIO 20%,III
41439,COFULLIN,RAINBOW AGROSCIENSES SA,BIFENTRIN 10%,II
41438,TERBUTILAZINA 50 FORMULAGRO,FORMULAGRO SOCIEDAD RESPONSABILIDAD LIMITADA,TERBUTILAZINA 50%,II
41437,MUSSON,RAINBOW AGROSCIENSES SA,"2,4 D 89%",III
41436,SMETO AGROTERRUM,AGROTERRUM S. A.,S-METOLACLORO 96%,III
41435,SULFENTRAZONE 50 SINO-AGRI,SAL ARGENTINA S.R.L.,SULFENTRAZONE 50%,III
41434,FENTRA,SINER S A,SULFENTRAZONE 50%,III
41433,CALCULATE,SYNGENTA AGRO SOCIEDAD ANONIMA,"CLORANTRANILIPROLE 10%, LAMBDA-CIALOTRINA 5%",II
41432,TSUNAMI 20 SL,SPEEDAGRO S.R.L.,GLUFOSINATO DE AMONIO 20%,III
41431,PRO-D-93 SBV,PROTEGRAN S A,"2,4 D 93%",III
41430,BAR IPRO MAX,PALAVERSICH Y CIA S AC,IPRODIONE 35%,III
41429,KAISER,PALAVERSICH Y CIA S AC,"FLUDIOXONIL 2,5%, METALAXIL -M 1%",IV
41428,TABATA,PALAVERSICH Y CIA S AC,"DIFENOCONAZOLE 2,5%, FLUDIOXONIL 2,5%",IV
41427,S-METOLACLOR 96 BINNONG,REGISTROS AGROPECUARIOS SRL,S-METOLACLORO 96%,III
41426,CIBRANIL 72 VERTISOLES,VERTISOLES S.R.L,CLOROTALONIL 72%,III
41425,FLUROXIPIR 48 KEMSURE,AGROEMPRESA COLON S.A.,FLUROXIPIR MEPTIL 48%,III
41424,AVGURON EXTRA,SUMITOMO CHEMICAL ARGENTINA S.A.,"DIURON 18%, TIDIAZURON 36%",III
41423,"DICAMBA 57,8 JLB",JLB Y ASOCIADOS S.A,"DICAMBA 57,8%",II
41422,MANGANEL,SYNGENTA AGRO SOCIEDAD ANONIMA,BICICLOPIRONA 20%,IV
41421,ACADEMIX ELITE ME,CHEMOTECNICA S. A.,"2,4 D 30%",II
41420,TIOGLEX SEMILLERO INCOLORO,GLEBA S A,TIODICARB 35%,II
41419,"2,4 D MICROCONTROLER",AGROFACIL S A,"2,4 D 30%",II
41418,GLIFOSATO MACRO PROTECT 66.2%,LDC ARGENTINA S.A.,"GLIFOSATO 66,2%",IV
41417,SMARTFRESH INBOX,AGROFRESH ARGENTINA S.R.L.,"METIL CICLOPROPENO ,014%",IV
41416,FRONTIER,DVA AGRO GMBH S.E.E.,"PICLORAM 38,8%",III
41415,"2,4D ETIL HEXIL LANTHER",LANTHER QUIMICA S. A.,"2,4 D 89%",III
41414,ASCARISCER APACHE,COMPAÑIA ASCARISCER S.A.,PIRIMIFOS METIL 50%,III
41413,GENESIS DUO AA,TECNOMYL S. A.,"AZOXISTROBINA 20%, CIPROCONAZOLE 8%",III
41412,COWBOY SURCOS II,CHIMAGRO SA,DICAMBA 20%,III
41411,DZE,ESPEL SA I C A,SALES CCA 108%,Ia
41410,VERTENTO con Tecnología PLINAZOLIN,SYNGENTA AGRO SOCIEDAD ANONIMA,ISOCYCLOSERAM 40%,IV
41409,S-METOLACLORO EBC 96%,ENRIQUE M BAYA CASAL S. A.,S-METOLACLORO 96%,III
41408,NUBLAR,DVA AGRO GMBH S.E.E.,CLETODIM 24%,III
41407,PAXEO,CORTEVA AGRISCIENCE ARGENTINA SRL,"DICLOSULAM 58%, HALAUXIFEN METIL 11,5%",IV
41406,ACCORD,CORTEVA AGRISCIENCE ARGENTINA SRL,"GLIFOSATO 60,8%",IV
41405,SANRLON,RAINBOW AGROSCIENSES SA,DIFLUFENICAN 50%,III
41404,STRONGARM,CORTEVA AGRISCIENCE ARGENTINA SRL,DICLOSULAM 84%,III
41403,STARCHER,AGRI STAR S. A.,CIALOFOP-BUTIL 18%,III
41402,FLUR X-TRA 48,LABORATORIOS PEYTE S.A.,FLUROXIPIR MEPTIL 48%,III
41401,TECNO-GAS,TECNOPHOS SERVICES S.A.,FOSFINA 97%,Ia
41400,CREAVIS CON TECNOLOGÍA ADEPIDYN,SYNGENTA AGRO SOCIEDAD ANONIMA,PIDIFLUMETOFEN 20%,III
41399,CLETODIM 24 CHIMAGRO,CHIMAGRO SA,CLETODIM 24%,III
41398,SEPONAM CON TECNOLOGIA PLINAZOLIN,SYNGENTA AGRO SOCIEDAD ANONIMA,"ISOCYCLOSERAM 10%, LAMBDA-CIALOTRINA 15%",II
41397,SUPER ONE STAR,AGRI STAR S. A.,"FLUAZIFOP-P BUTIL 12,5%",III
41396,STARTOP,AGRI STAR S. A.,"AZOXISTROBINA 20%, DIFENOCONAZOLE 12,5%",III
41395,ADERYN,AGROFINA S A,DINOTEFURAN 70%,IV
41394,GLIFO 88.8 SG AGNEO,TAEPING S.A.,"GLIFOSATO 88,8%",IV
41393,S-METOLACLORO 96 EBC,ENRIQUE M BAYA CASAL S. A.,S-METOLACLORO 96%,II
41392,ACOPISPRAY EXTREM,COOPERATIVA AGROPECUARIA DE ACOPIADORES FEDERADOS LIMITADA,"ESTERES METILICOS DE ACIDOS GRASOS DE ACEITE DE SOJA 82%, ESTERES METILICOS DE ACIDOS GRASOS DE ACEITE VEGETAL 82%",IV
41391,ACOPI PH,COOPERATIVA AGROPECUARIA DE ACOPIADORES FEDERADOS LIMITADA,"ALCOHOL GRASO ETOXILADO 12%, ALCOHOL LAURICO ETOXILADO 12%",III
41390,GLUFOSINATO HUAGRO,HUAGRO S A,GLUFOSINATO DE AMONIO 20%,III
41389,GLUFOSINATO DE AMONIO 20% EBC,ENRIQUE M BAYA CASAL S. A.,GLUFOSINATO DE AMONIO 20%,III
41388,BENRAPEL,RAINBOW AGROSCIENSES SA,BENAZOLIN ETIL 50%,IV
41387,CLOMAZONE 48 EC BRILLIANCE,XOMEZANA SA,CLOMAZONE 48%,III
41386,PATTERN MYL,TECNOMYL S. A.,S-METOLACLORO 96%,III
41385,TANKE 50,GLEBA S A,PENDIMETALIN 50%,III
41384,ACOPIECO,COOPERATIVA AGROPECUARIA DE ACOPIADORES FEDERADOS LIMITADA,"ALCOHOL GRASO ETOXILADO 48%, ALCOHOL LAURICO ETOXILADO 48%, ALCOHOL LINEAL ETOXILADO 48%",IV
41383,DULCIZIN XTRA,RAINBOW AGROSCIENSES SA,TERBUTILAZINA 75%,III
41382,WEEDIE,RAINBOW AGROSCIENSES SA,FLUMIOXAZIN 48%,III
41381,RECORTE,RAINBOW AGROSCIENSES SA,FLUROXIPIR MEPTIL 48%,III
41380,RAINCLOM,RAINBOW AGROSCIENSES SA,CLOMAZONE 50%,III
41379,CARITEK,RAINBOW AGROSCIENSES SA,"DIURON 10%, PARAQUAT DICLORURO 27,6%",II
41378,CLETODIM 24 TOBIANO,EL TOBIANO SA,CLETODIM 24%,III
41377,MESOTRIONE 48 AGROTERRUM,AGROTERRUM S. A.,MESOTRIONE 48%,III
41376,MACHOLE,RAINBOW AGROSCIENSES SA,METOXIFENOCIDE 24%,IV
41375,PARAKIN,RAINBOW AGROSCIENSES SA,"PARAQUAT DICLORURO 27,6%",III
41374,DAKLIN,RAINBOW AGROSCIENSES SA,DIFLUFENICAN 50%,III
41373,MAISLOR,RAINBOW AGROSCIENSES SA,"ATRAZINA 12%, MESOTRIONE 3,2%, S-METOLACLORO 32%",III
41372,CLOMAZONE 50 AGROTERRUM,AGROTERRUM S. A.,CLOMAZONE 50%,III
41371,"2,4D ETIL HEXIL 89 MACRO PROTECT",LDC ARGENTINA S.A.,"2,4 D 89%",III
41370,"2,4D EH 89% EBC",ENRIQUE M BAYA CASAL S. A.,"2,4 D 89%",III
41369,EFIMAX PROMETRINA,AGRICULTORES FEDERADOS ARGENTINOS SOC COOP LTDA,PROMETRINA 50%,III
41368,VULTUR 50,ASOCIACION DE COOPERATIVAS ARGENTINAS - COOP. LTDA.,TERBUTILAZINA 50%,II
41367,PICLORAM MULTIAGRO,MULTIAGRO S. A.,"PICLORAM 27,8%",III
41366,SEMAR XTRA,RAINBOW AGROSCIENSES SA,"IMAZAPIC 17,5%, IMAZAPIR 52,5%",III
41365,DIFCAN 50 SC,RAINBOW AGROSCIENSES SA,DIFLUFENICAN 50%,III
41364,YPF AGRO TERBUTILAZINA HF,RAINBOW AGROSCIENSES SA,TERBUTILAZINA 75%,III
41363,TERBUZINA,RAINBOW AGROSCIENSES SA,TERBUTILAZINA 75%,III
41362,FLUCOSMO,RAINBOW AGROSCIENSES SA,FLUMIOXAZIN 48%,III
41361,MET 60 WDG PEYTE,LABORATORIOS PEYTE S.A.,METSULFURON METIL 60%,III
41360,DIUPAX,RAINBOW AGROSCIENSES SA,"DIURON 10%, PARAQUAT DICLORURO 27,6%",II
41359,PARALELO 25 EC,CHEMOTECNICA S. A.,BIFENTRIN 25%,II
41358,HUNDUR,DVA AGRO GMBH S.E.E.,"PICLORAM 38,8%",III
41357,CRACK,SIPCAM ARGENTINA S.R.L.,ESTERES METILICOS DE ACIDOS GRASOS DE ACEITE VEGETAL 65%,IV
41356,TERBYNE 50 SIP EE,SIPCAM ARGENTINA S.R.L.,TERBUTILAZINA 50%,III
41355,AR WATER ACONDICIONADOR DE AGUAS,SERV - QUIM S.A.,ACIDO FOSFORICO 40%,III
41354,IMPLASH con Tecnología PLINAZOLIN,SYNGENTA AGRO SOCIEDAD ANONIMA,ISOCYCLOSERAM 40%,IV
41353,BORJA TRES,SYNGENTA AGRO SOCIEDAD ANONIMA,BICICLOPIRONA 20%,IV
41352,MIRAVIS UNO CON TECNOLOGÍA ADEPIDYN,SYNGENTA AGRO SOCIEDAD ANONIMA,PIDIFLUMETOFEN 20%,III
41351,STARZOATO,AGRI STAR S. A.,BENZOATO DE EMAMECTINA 5%,II
41350,CLOROTALONIL 72 JLB,JLB Y ASOCIADOS S.A,CLOROTALONIL 72%,III
41349,QURA EZ SIGMA,SIGMA AGRO S.A,"AZOXISTROBINA 20%, CIPROCONAZOLE 8%",IV
41348,CLETO SIGMA,SIGMA AGRO S.A,CLETODIM 24%,III
41347,CHLOROTHALONIL 50 SC CAC,AGROCAC S.R.L.,CLOROTALONIL 50%,III
41346,TERBYNE 50 SIP FF,SIPCAM ARGENTINA S.R.L.,TERBUTILAZINA 50%,III
41345,TERBUTILAZINA 50 EBC,ENRIQUE M BAYA CASAL S. A.,TERBUTILAZINA 50%,III
41344,TERBUTILAZINA 75 WG FORMULAGRO,FORMULAGRO SOCIEDAD RESPONSABILIDAD LIMITADA,TERBUTILAZINA 75%,III
41343,PROMETRINA 50 EBC,ENRIQUE M BAYA CASAL S. A.,PROMETRINA 50%,III
41342,LIDER 50% EBC,ENRIQUE M BAYA CASAL S. A.,SULFENTRAZONE 50%,III
41341,GARCITH,RAINBOW AGROSCIENSES SA,DIFLUFENICAN 50%,III
41340,FULL ADYUVANT MX,SERV - QUIM S.A.,ALCOHOL GRASO ETOXILADO 49%,III
41339,FLUMIOXA 48 CAMPO,PROCHEM BIO SA.,FLUMIOXAZIN 48%,IV
41338,GLUFOSINATO SP,LABORATORIO SAN PABLO PRODUCTOS BIOLOGICOS S.R.L.,GLUFOSINATO DE AMONIO 20%,III
41337,PRO-D SBV,PROTEGRAN S A,"2,4 D 93%",III
41336,AXIAL PLUS UNO,SYNGENTA AGRO SOCIEDAD ANONIMA,"CLOQUINTOCET MEXIL 1,25%, PINOXADEN 5%",III
41335,AXIAL PLUS TRES,SYNGENTA AGRO SOCIEDAD ANONIMA,"CLOQUINTOCET MEXIL 1,25%, PINOXADEN 5%",III
41334,CLETODIM FENDER III,PRO CROP S.A.,CLETODIM 24%,III
41333,NICOSULFURON AGROTERRUM,AGROTERRUM S. A.,NICOSULFURON 75%,III
41332,ONORE,CORTEVA AGRISCIENCE ARGENTINA SRL,METOXIFENOCIDE 24%,IV
41331,CARITEK PLUS,RAINBOW AGROSCIENSES SA,"DIURON 10%, PARAQUAT DICLORURO 27,6%",II
41330,GLUFOSINATO 20% SL AGROTERRUM,AGROTERRUM S. A.,GLUFOSINATO DE AMONIO 20%,III
41329,NICOSULFURON 75 WG LUXIA,JLB Y ASOCIADOS S.A,NICOSULFURON 75%,III
41328,DIFLUFENICAN EBC 50%,ENRIQUE M BAYA CASAL S. A.,DIFLUFENICAN 50%,III
41327,ARPEGIO ACA,ASOCIACION DE COOPERATIVAS ARGENTINAS - COOP. LTDA.,"LAMBDA-CIALOTRINA 10,6%, TIAMETOXAM 14,1%",II
41326,TIAMLA AGROTERRUM,AGROTERRUM S. A.,"LAMBDA-CIALOTRINA 10,6%, TIAMETOXAM 14,1%",II
41325,MOYASU,SUMMIT AGRO ARGENTINA S A,"FLUMIOXAZIN 15%, PIROXASULFONE 34,5%",IV
41324,KURIBO,ARANAMI INDUSTRIAL S.A.,S-METOLACLORO 96%,III
41323,ZAP,ARANAMI INDUSTRIAL S.A.,"GLIFOSATO 66,2%",IV
41322,SHERMAN PF,FALCROP S. A.,"LUFENURON 5%, PROFENOFOS 50%",II
41321,"YPF AGRO 2,4-D ETHEX ESTER HT",YPF SOCIEDAD ANONIMA,"2,4 D 89%",III
41320,"YPF AGRO 2,4D ME III",YPF SOCIEDAD ANONIMA,"2,4 D 30%",III
41319,PHARAON 35 FS CIBELES,CIBELES ARGENTINA S.A.,TIAMETOXAM 35%,III
41318,BIFENTRIN 25 EC KEMSURE,AGROEMPRESA COLON S.A.,BIFENTRIN 25%,II
41317,LUXOR A,ATANOR SOCIEDAD EN COMANDITA POR ACCIONES,CLETODIM 24%,III
41316,ISHAYI,SUMMIT AGRO ARGENTINA S A,"FLUMIOXAZIN 15%, PIROXASULFONE 34,5%",IV
41315,FUMETRINA F,FUGRAN COMERCIAL E INDUSTRIAL SA,"DELTAMETRINA 2,5%",II
41314,HALOXIFOP 54 CHEMOTECNICA,CHEMOTECNICA S. A.,HALOXIFOP-P METIL 54%,II
41313,CLETODIM 24 KEMSURE,AGROEMPRESA COLON S.A.,CLETODIM 24%,III
41312,SPIREEL,RAINBOW AGROSCIENSES SA,"PROTIOCONAZOLE 17,5%, TRIFLOXISTROBIN 15%",IV
41311,BREAK-THRU GREEN,EVONIK ARGENTINA S.A,"MEZCLA DE TRIOLEATO DE POLIGLICEROL Y SORBITAN ESTER POLIETOXILADO 96,5%",IV
41310,PARACROPS,SURCROPS SRL,"PARAQUAT DICLORURO 27,6%",III
41309,PARAQUAGRO I,HUAGRO S A,"PARAQUAT DICLORURO 27,6%",III
41308,FIGHTING 48,PHILAGRO S.A,FLUROXIPIR MEPTIL 48%,III
41307,AB-PHOS,ASTOUL BONORINO GROUP SRL,FOSFINA 97%,Ia
41306,DE CAMPO BV III,PROCHEM BIO SA.,"2,4 D 89%",II
41305,"2,4D EH 89% MACRO PROTECT",LDC ARGENTINA S.A.,"2,4 D 89%",II
41304,FRELIZEK CON TECNOLOGÍA ADEPIDYN,CORTEVA AGRISCIENCE ARGENTINA SRL,PIDIFLUMETOFEN 20%,III
41303,MASTER FENDER MIX,PRO CROP S.A.,"LAMBDA-CIALOTRINA 10,6%, TIAMETOXAM 14,1%",III
41302,PERFECTWET,NUPROAGRO S.A.,ALCOHOL LAURICO ETOXILADO 48%,IV
41301,SATIVIS EC,BASF AGRICULTURAL SOLUTIONS ARGENTINA S.A.,S-METOLACLORO 96%,III
41300,ARATERBUTILAZINA,ARANAMI INDUSTRIAL S.A.,TERBUTILAZINA 50%,II
41299,"2,4D EHE PHILAGRO",PHILAGRO S.A,"2,4 D 89%",III
41298,VITAL,FITOQUIMICA S.A.,IMIDACLOPRID 60%,II
41297,KELU,ATANOR SOCIEDAD EN COMANDITA POR ACCIONES,"DICAMBA 57,8%",III
41296,IMIDA 35 LANTHER,LANTHER QUIMICA S. A.,IMIDACLOPRID 35%,II
41295,HORMIFAV FIPRO,F A V S. A.,"FIPRONIL ,003%",IV
41294,PILARMIX,PILARQUIM ARGENTINA S. R. L.,"AZOXISTROBINA 10%, CLOROTALONIL 50%",III
41293,IMAZAPYR 48 LOMAS,3 LOMAS S.A.,"IMAZAPIR 58,9%",IV
41292,SULFENTRA 50 AGROTERRUM,AGROTERRUM S. A.,SULFENTRAZONE 50%,III
41291,RESOLUT,POST COSECHA S R L,PIRIMIFOS METIL 50%,II
41290,GRADUAL,SINER S A,"AZOXISTROBINA 23,8%, FLUDIOXONIL 23,8%",II
41289,ACCOLADE EC VEGETALES,AMERICAN SEED S.R.L,"DIMETIL DISULFURO 98,5%",II
41288,LAMPO UY,PROQUIMUR SA,"FIPRONIL ,003%",IV
41287,COLT,DARUMA AGRO S.R.L.,"FLUDIOXONIL 2,5%, METALAXIL 1%",IV
41286,RIZOLEX TOP,SUMMIT AGRO ARGENTINA S A,TOLCLOFOS METIL 50%,III
41285,AG PRO XLERATOR,BORTOLOTTI GABRIEL ADRIAN,ALCOHOL LAURICO ETOXILADO 48%,IV
41284,X-CYTE,STOLLER ARGENTINA S. A. U.,"KINETINA ,04%",IV
41283,MAXCEL BIORATIONAL,SUMMIT AGRO ARGENTINA S A,"6 BENCILADENINA 1,9%",IV
41282,LOBESIA PRO SPRAY,M2I BIOCONTROL ARGENTINA S. A.,"(E,Z)7,9-DODECADIENIL ACETATO 2,32%",IV
41281,SHARFLUROXYPYR,SHARDA CROPCHEM LIMITED SUC.EMP.EXT.,FLUROXIPIR MEPTIL 48%,III
41280,SOLITUDE,NOVA S. A. U.,FLUMIOXAZIN 51%,IV
41279,SOUL 25,TRAPALCO S.A.,FLUROCLORIDONA 25%,III
41278,"ATANOR PROTIOCONAZOLE + AZOXISTROBINA 17,5 + 16 SC",ATANOR SOCIEDAD EN COMANDITA POR ACCIONES,"AZOXISTROBINA 16%, PROTIOCONAZOLE 17,5%",IV
41277,DANJIRI PRO,SUMMIT AGRO ARGENTINA S A,ETABOXAM 10%,IV
41276,EPINGLE ECO,SUMMIT AGRO ARGENTINA S A,PIRIPROXIFEN 10%,IV
41275,RETAIN BIORATIONAL,SUMMIT AGRO ARGENTINA S A,AMINOETOXIVINILGLICINA 15%,IV
41274,SHAULA 20 SL,EFEL SAS,GLUFOSINATO DE AMONIO 20%,II
41273,AGROGILL CLETHODIM 36 EC,AGROGILL CHEMICALS SRL,CLETODIM 36%,III
41272,OLASOJA WG,REGISTROS AGROPECUARIOS SRL,FLUMIOXAZIN 50%,IV
41271,FORUM CIB 35 FS,CIBELES ARGENTINA S.A.,TIAMETOXAM 35%,III
41270,SHENZI 40 SC,UPL ARGENTINA S. A.,CLORANTRANILIPROLE 40%,IV
41269,COSTAR,MITSUI & CO. (ARGENTINA) S. A.,BACILLUS THURINGIENSIS 85%,IV
41268,PIROXA DVA 48,AGM ARGENTINA S. A.,PIROXASULFONE 48%,IV
41266,OLABARBECHO MAX,REGISTROS AGROPECUARIOS SRL,CARFENTRAZONE ETIL 40%,III
41265,LANAY,CAMPO CROP S.A.,DICLOSULAM 84%,IV
41263,NEXT 25 EC,SHARDA CROPCHEM LIMITED SUC.EMP.EXT.,TRINEXAPAC-ETIL 25%,III
41262,METRO 50 WG,SHARDA CROPCHEM LIMITED SUC.EMP.EXT.,PIMETROZINE 50%,III
41261,ROBUST 43,FITOQUIMICA S.A.,TEBUCONAZOLE 43%,III
41260,RESOLUTOR 36 ACA,ASOCIACION DE COOPERATIVAS ARGENTINAS - COOP. LTDA.,CLETODIM 36%,III
41259,FOMESAFEN 25 LANTHER,LANTHER QUIMICA S. A.,"FOMESAFEN 26,25%",III
41258,FIDEPLUS BENZURON,AGRICULTORES FEDERADOS ARGENTINOS SOC COOP LTDA,"BENZOATO DE EMAMECTINA 4%, LUFENURON 16%",II
41257,S-METOLACLORO CONTROLER,AGROFACIL S A,S-METOLACLORO 96%,III
41256,PIROXAMAS 48,3 LOMAS S.A.,PIROXASULFONE 48%,IV
41255,FLU AGROMAR48,AGROMARKET S.A.S.,FLUMIOXAZIN 48%,IV
41254,SILOKEEP,FARMCHEM SA,PIRIMIFOS METIL 50%,III
41253,GLUFOSINATO SINO-AGRI,SAL ARGENTINA S.R.L.,GLUFOSINATO DE AMONIO 20%,IV
41252,TERBU 75 WG AGROTERRUM,AGROTERRUM S. A.,TERBUTILAZINA 75%,III
41251,METSULFURON 60 AGROTERRUM,AGROTERRUM S. A.,METSULFURON METIL 60%,III
41250,"TRIFLOW 17,5 - 15",LABORATORIOS PEYTE S.A.,"PROTIOCONAZOLE 17,5%, TRIFLOXISTROBIN 15%",IV
41249,TIALOXIN,LABORATORIOS PEYTE S.A.,"LAMBDA-CIALOTRINA 10,6%, TIAMETOXAM 14,1%",III
41247,MATECOR,BROMETAN S. R. L.,METRIBUZIN 70%,III
41246,R-MAZ,MUHTRON S. A.,ESTERES METILICOS DE ACIDOS GRASOS DE ACEITE DE SOJA 70%,IV
41245,VERDAVIS CON TECNOLOGIA PLINAZOLIN,SYNGENTA AGRO SOCIEDAD ANONIMA,"ISOCYCLOSERAM 10%, LAMBDA-CIALOTRINA 15%",II
41244,LINUCHEM,CHEMOTECNICA S. A.,LINURON 50%,III
41243,GLIFOCHEMO ULTRA SL,CHEMOTECNICA S. A.,"GLIFOSATO 66,2%",IV
41242,DICAMBA PREMIUM KEMSURE,AGROEMPRESA COLON S.A.,DICAMBA 20%,IV
41241,ANVIL 50 SC,INSUMOS AGROQUIMICOS SOCIEDAD ANONIMA,SULFENTRAZONE 50%,III
41240,ADAMA SARAMAX,ADAMA ARGENTINA SOCIEDAD ANONIMA,S-METOLACLORO 96%,III
41239,ALTIMA,ISK ARGENTINA BRANCH,FLUAZINAM 50%,IV
41238,XIMCO,RURALCO SOLUCIONES S.A.,SULFENTRAZONE 50%,III
41237,PILARJUDO,AGROEMPRESA COLON S.A.,LAMBDA-CIALOTRINA 25%,II
41236,CONQUER XL,RIZOBACTER ARGENTINA S A,"FLUDIOXONIL 2,5%, METALAXIL -M 1%",IV
41235,CROPIUM XL,RIZOBACTER ARGENTINA S A,"FLUDIOXONIL 2,5%, METALAXIL -M 1%",IV
41234,HALLMARK TOP,SUMMIT AGRO ARGENTINA S A,ESFENVALERATO 15%,II
41233,HELIOS PLUS BB,TECNOMYL S. A.,GLUFOSINATO DE AMONIO 60%,III
41232,HELIOS PLUS AA,TECNOMYL S. A.,GLUFOSINATO DE AMONIO 60%,III
41231,"HELIANTHUS 30,6 SIGMA",SIGMA AGRO S.A,"IMAZAPIR 30,6%",IV
41230,IMAZETAPIR LANTHER,LANTHER QUIMICA S. A.,"IMAZETAPIR 10,6%",IV
41229,CLORI 75 WDG PEYTE,LABORATORIOS PEYTE S.A.,CLORIMURON ETIL 75%,III
41228,DICLOSULAM CONTROLER,AGROFACIL S A,DICLOSULAM 84%,IV
41227,"2,4D ME CROPENCY I",PRO CROP S.A.,"2,4 D 30%",II
41226,"2,4-D NOVA ME 30",NOVA S. A. U.,"2,4 D 30%",II
41225,PARAQUAT PLUS AGROTERRUM,AGROTERRUM S. A.,"DIURON 10%, PARAQUAT DICLORURO 27,6%",II
41224,TEKOVE ALB,ATANOR SOCIEDAD EN COMANDITA POR ACCIONES,MESOTRIONE 48%,IV
41223,FROWNCIDE SC 50%,ISK ARGENTINA BRANCH,FLUAZINAM 50%,IV
41222,LA TIJERETA BOX W,AGRO BAYER S. R. L.,"GLIFOSATO 79,2%",IV
41221,SNIPER DRY W,AGRO BAYER S. R. L.,"GLIFOSATO 79,2%",IV
41220,ROUNDUP FG W,AGRO BAYER S. R. L.,"GLIFOSATO 79,2%",IV
41219,WEEDAR ULTRA,SURCOS S.A.,"2,4 D 30%",III
41218,TERBU 50 SC AGROTERRUM,AGROTERRUM S. A.,TERBUTILAZINA 50%,II
41217,CLOROTAL AGROTERRUM,AGROTERRUM S. A.,CLOROTALONIL 72%,III
41216,TODYM PLUS AA,TECNOMYL S. A.,CLETODIM 48%,III
41215,"ABAMEC 3,6 SIGMA",SIGMA AGRO S.A,"ABAMECTINA 3,6%",II
41214,TODYM PLUS BB,TECNOMYL S. A.,CLETODIM 48%,III
41213,DICAMBA LV FENDER,PRO CROP S.A.,"DICAMBA 70,8%",IV
41212,ESCORIAL 25 SC,CIBELES ARGENTINA S.A.,TIAMETOXAM 25%,IV
41211,KURAFOS,GLEBA S A,PIRIMIFOS METIL 50%,II
41210,IMAZETAPIR 10.6 XIAN,SIGMA AGRO S.A,"IMAZETAPIR 10,6%",III
41209,MICRO-D,QUMEX S.A.,"2,4 D 30%",III
41208,LANDA 25 ME,SINER S A,LAMBDA-CIALOTRINA 25%,II
41207,PICLO LANTHER,LANTHER QUIMICA S. A.,"PICLORAM 27,8%",IV
41206,DIQUAT FORMULAGRO,FORMULAGRO SOCIEDAD RESPONSABILIDAD LIMITADA,"DIQUAT 37,4%",II
41205,TIAMETRIN,SINER S A,"BIFENTRIN 16,6%, TIAMETOXAM 23,4%",II
41204,TROBIN 25,SINER S A,AZOXISTROBINA 25%,III
41203,TUXAM 35%,SINER S A,TIAMETOXAM 35%,III
41202,ZARCO,ADAMA ARGENTINA SOCIEDAD ANONIMA,"AZOXISTROBINA 4%, CLOROTALONIL 50%, DIFENOCONAZOLE 4%",III
41201,AKURIA,SUMMIT AGRO ARGENTINA S A,PIROXASULFONE 48%,IV
41200,BIFEN 40% EC AGROTERRUM,AGROTERRUM S. A.,BIFENTRIN 40%,II
41199,PRO D-30 ME,PROTEGRAN S A,"2,4 D 30%",III
41198,ARKADIA,NOVA S. A. U.,"ISOXAFLUTOLE 8%, MESOTRIONE 16%",IV
41197,LAMBDA + TIAMETO DELTA AGRO,AGROINSUMOS B Y L S.A.,"LAMBDA-CIALOTRINA 10,6%, TIAMETOXAM 14,1%",II
41196,PATRIOT,INSUMOS AGROQUIMICOS SOCIEDAD ANONIMA,"LAMBDA-CIALOTRINA 10,6%, TIAMETOXAM 14,1%",II
41195,YPF AGRO MANCOZEB,RAINBOW AGROSCIENSES SA,MANCOZEB 80%,III
41194,TEBUCO LANTHER,LANTHER QUIMICA S. A.,TEBUCONAZOLE 43%,III
41193,KOLOSS,AGRO BAYER S. R. L.,"CIPROSULFAMIDE 15%, ISOXAFLUTOLE 22,5%, TIENCARBAZONE METIL 9%",III
41192,LAMBDA SP MAX,LABORATORIO SAN PABLO PRODUCTOS BIOLOGICOS S.R.L.,LAMBDA-CIALOTRINA 25%,II
41191,CLORFENAPIR 24 DELTA AGRO,AGROINSUMOS B Y L S.A.,CLORFENAPIR 24%,II
41190,PELKE,R&D AGRO CONSULTORA S.A.,"GLIFOSATO 66,2%",III
41189,BIFENTRIN 10 JLB,JLB Y ASOCIADOS S.A,BIFENTRIN 10%,II
41188,CLOMAZONE 36 CS BRILLIANCE,XOMEZANA SA,CLOMAZONE 36%,IV
41187,AZOXISTROBINA 25 JLB,JLB Y ASOCIADOS S.A,AZOXISTROBINA 25%,III
41186,"ABAMECTINA 1,8 JLB",JLB Y ASOCIADOS S.A,"ABAMECTINA 1,8%",II
41185,METOMIL 90 JLB,JLB Y ASOCIADOS S.A,METOMIL 90%,Ib
41184,BIORETARD,BIOINSECT SRL,MEZCLA DE ESTERES Y JABONES PROVENIENTES DE ACIDOS GRASOS DE ACEITES VEGETALES TRANSESTERIFICADOS CON GLICERINA. Contiene SUCROGLICERIDOS 80%,IV
41183,DEFENDER 20-8 ABL,LABORATORIOS PEYTE S.A.,"AZOXISTROBINA 20%, CIPROCONAZOLE 8%",II
41182,LOGGOX BB,SIPCAM ARGENTINA S.R.L.,CARFENTRAZONE ETIL 40%,III
41181,BIFEN 25 DELTA AGRO,AGROINSUMOS B Y L S.A.,BIFENTRIN 25%,II
41180,HARKAY,TECNOAGRO SRL,PIRIMETANIL 40%,III
41179,INSECTO BIO SP,LABORATORIO SAN PABLO PRODUCTOS BIOLOGICOS S.R.L.,"BACILLUS THURINGIENSIS 3,5%",IV
41178,SAPPER,NOVA S. A. U.,"BENZOATO DE EMAMECTINA 4%, LUFENURON 16%",III
41177,CARFENTRA 40 EC DELTA AGRO,AGROINSUMOS B Y L S.A.,CARFENTRAZONE ETIL 40%,III
41176,VIA GOTA,BAHNSA S.A.,"ESTERES METILICOS DE ACIDOS GRASOS DE ACEITE DE SOJA 37,8%, ESTERES METILICOS DE ACIDOS GRASOS DE ACEITE VEGETAL 37,8%",IV
41175,BAGUAL CIMARRON,FACYT I + D SA,"AZOXISTROBINA 12%, TEBUCONAZOLE 20%",IV
41174,LASH SP ALB,ATANOR SOCIEDAD EN COMANDITA POR ACCIONES,METOMIL 43%,II
41173,METRO,SINER S A,METRIBUZIN 48%,III
41172,ATRAX 50,SANTEX S. A.,ATRAZINA 50%,III
41171,SYNERGIC LANTHER,LANTHER QUIMICA S. A.,"BIFENTRIN 3%, IMIDACLOPRID 10%",III
41170,EXCALIA MAX,SUMITOMO CHEMICAL ARGENTINA S.A.,"INPYRFLUXAM 6%, TEBUCONAZOLE 20%",III
41169,YPF AGRO FLUMIOXAZIN HF,RAINBOW AGROSCIENSES SA,FLUMIOXAZIN 48%,III
41168,ZYNION PLUS,BASF ARGENTINA S. A.,CLETODIM 24%,IV
41167,PILARGOLD,PILARQUIM ARGENTINA S. R. L.,S-METOLACLORO 48%,III
41166,YPF AGRO PENDI 50,YPF SOCIEDAD ANONIMA,PENDIMETALIN 50%,III
41165,ADAMA APRESA,ADAMA ARGENTINA SOCIEDAD ANONIMA,"FLUMIOXAZIN 4,2%, S-METOLACLORO 84%",III
41164,CIBRANIL 72 CIBELES,COMPAÑIA DE INSUMOS Y GRANOS S A,CLOROTALONIL 72%,III
41163,BEXFOND FA,PROTERGIUM AGROCIENCIAS S. A.,"Bacillus Velezensis 1,7%",IV
41162,METRIBUZINA 48% EBC,ENRIQUE M BAYA CASAL S. A.,METRIBUZIN 48%,III
41161,FLUMIOXAZIN 48% EBC,ENRIQUE M BAYA CASAL S. A.,FLUMIOXAZIN 48%,IV
41160,FOMESA LANTHER,LANTHER QUIMICA S. A.,"FOMESAFEN 26,25%",III
41159,ENROLL,ATANOR SOCIEDAD EN COMANDITA POR ACCIONES,"AZOXISTROBINA 16%, PROTIOCONAZOLE 17,5%",IV
41158,NICO SOL,VERTISOLES S.R.L,NICOSULFURON 75%,III
41157,PRO TECHXIA,AGM ARGENTINA S. A.,"AZOXISTROBINA 16%, PROTIOCONAZOLE 17,5%",IV
41156,GUERRERO FACYT 24,FACYT I + D SA,CLETODIM 24%,III
41155,PRO S CLOR 96,PROTEGRAN S A,S-METOLACLORO 96%,III
41154,ADAMA BANJO FORTE,ADAMA ARGENTINA SOCIEDAD ANONIMA,"DIMETOMORF 20%, FLUAZINAM 20%",III
41153,FUSSA,GLEBA S A,MESOTRIONE 48%,III
41152,OLASOJA SC 48,SYNGENTA AGRO SOCIEDAD ANONIMA,FLUMIOXAZIN 48%,IV
41151,DICAMBA 48% EBC,ENRIQUE M BAYA CASAL S. A.,"DICAMBA 57,8%",III
41150,VEST,GLEBA S A,METOXIFENOCIDE 24%,IV
41149,YOGA,GLEBA S A,DIFLUFENICAN 50%,III
41148,DELTA MAX,AGROINSUMOS B Y L S.A.,"ESTERES METILICOS DE ACIDOS GRASOS DE ACEITE DE SOJA 82%, ESTERES METILICOS DE ACIDOS GRASOS DE ACEITE VEGETAL 82%",IV
41147,MYRMEC MATA BICHO BOLITA FIPRO,TECNO SENDA S.R.L.,"FIPRONIL ,02%",IV
41146,MYRMEC FIPRO,TECNO SENDA S.R.L.,"FIPRONIL ,003%",IV
41145,TIAMETOXAM 35 LANTHER,LANTHER QUIMICA S. A.,TIAMETOXAM 35%,IV
41144,KUMITE BE GREEN,SUMMIT AGRO ARGENTINA S A,CLETODIM 24%,IV
41143,CLOMAZONE 36 DELTA AGRO,AGROINSUMOS B Y L S.A.,CLOMAZONE 36%,III
41142,ASCARISCER GASKILL,COMPAÑIA ASCARISCER S.A.,FOSFINA 97%,Ia
41141,TECNOFLUMYL AA,TECNOMYL S. A.,FLUMIOXAZIN 48%,IV
41140,EFIMAX METSULFURON 60 WG,AGRICULTORES FEDERADOS ARGENTINOS SOC COOP LTDA,METSULFURON METIL 60%,III
41139,PROTESULFURON 60 WP,PROTEGRAN S A,METSULFURON METIL 60%,III
41137,BROADSTRIKE,CORTEVA AGRISCIENCE ARGENTINA SRL,FLUMETSULAM 12%,III
41136,PERZAVO 50 FS con Tecnología TYMIRIUM,SYNGENTA AGRO SOCIEDAD ANONIMA,CYCLOBUTRIFLURAM 50%,IV
41135,ONVIVIS 50 FS con Tecnología TYMIRIUM,SYNGENTA AGRO SOCIEDAD ANONIMA,CYCLOBUTRIFLURAM 50%,IV
41134,THIODICARB 35 JLB,JLB Y ASOCIADOS S.A,TIODICARB 35%,II
41132,THIOSPIKE,SULPHUR MILLS SA,TIAMETOXAM 25%,III
41130,BELYAN,BASF AGRICULTURAL SOLUTIONS ARGENTINA S.A.,"FLUXAPIROXAD 8,9%, MEFENTRIFLUCONAZOLE 13,3%, PIRACLOSTROBIN 17,8%",III
41129,MELYRA,BASF AGRICULTURAL SOLUTIONS ARGENTINA S.A.,"MEFENTRIFLUCONAZOLE 20%, PIRACLOSTROBIN 20%",II
41128,BEAUVERIA SP,LABORATORIO SAN PABLO PRODUCTOS BIOLOGICOS S.R.L.,BEAUVERIA BASSIANA 14%,IV
41127,MULCHEN SILICONADO,MULCHEN AGROTOTAL SOCIEDAD ANONIMA,ESTERES METILICOS DE ACIDOS GRASOS DE ACEITE VEGETAL 62%,IV
41126,MULCHEN ANTIDERIVA,MULCHEN AGROTOTAL SOCIEDAD ANONIMA,ESTERES METILICOS DE ACIDOS GRASOS DE ACEITE VEGETAL 62%,IV
41125,HALOX ABL,LABORATORIOS PEYTE S.A.,HALOXIFOP-P METIL 54%,II
41124,BIOFIX,MULCHEN AGROTOTAL SOCIEDAD ANONIMA,ESTERES METILICOS DE ACIDOS GRASOS DE ACEITE VEGETAL 62%,IV
41123,PROTECTOR ABL,LABORATORIOS PEYTE S.A.,"BIFENTRIN 3%, IMIDACLOPRID 10%",II
41122,SULFENTRAZONE INZIRA,RINDES Y CULTIVOS DAS S.A. - FEDEA S.A. - SUMIDAS JV S.A.- DASER AGRO S.A. - AMBITO DAS S.A. - TERRAMAR JV S.A. - DESAB S.A. U. T. E.,SULFENTRAZONE 50%,III
41121,FOMESA ABL,LABORATORIOS PEYTE S.A.,"FOMESAFEN 26,25%",III
41120,MADERAS INALTERABLES,GARRUCHOS S. A.,SALES CCA 108%,Ia
41119,PARAQUAT SAN PABLO,LABORATORIO SAN PABLO PRODUCTOS BIOLOGICOS S.R.L.,"PARAQUAT DICLORURO 27,6%",II
41118,ZYRA 20,DVA AGRO GMBH S.E.E.,DINOTEFURAN 20%,III
41117,REDEC,GRUPO APC SA,ESTERES METILICOS DE ACIDOS GRASOS DE ACEITE VEGETAL 63%,IV
41116,SINATRA,SINER S A,GLUFOSINATO DE AMONIO 20%,III
41115,CREPITUS 17 SL,SPEEDAGRO S.R.L.,"ALCOHOL GRASO ETOXILADO 17%, ALCOHOLES GRASOS 17%",IV
41114,RICEFOP ELITE,SURCOS S.A.,"CIALOFOP-BUTIL 12,5%",III
41113,EFIMAX METRIBUZIN 48 SC,AGRICULTORES FEDERADOS ARGENTINOS SOC COOP LTDA,METRIBUZIN 48%,III
41112,BARBIO TRICHODERMA,PALAVERSICH Y CIA S AC,"TRICHODERMA HARZIANUM 3,24%",IV
41111,INDIGO PRO MAX,INDIGO AGRICULTURE ARGENTINA S.R.L.,"TRICHODERMA HARZIANUM 3,24%",IV
41110,PRIDE 35%,LABORATORIOS PEYTE S.A.,IMIDACLOPRID 35%,II
41109,SAFEGUARD,BAHNSA S.A.,"ESTERES METILICOS DE ACIDOS GRASOS DE ACEITE DE SOJA 37,8%, ESTERES METILICOS DE ACIDOS GRASOS DE ACEITE VEGETAL 37,8%",IV
41108,DIPEL DF SEIPRO,SUMMIT AGRO ARGENTINA S A,BACILLUS THURINGIENSIS 54%,IV
41107,PROMALINA BIORATIONAL,SUMMIT AGRO ARGENTINA S A,"6 BENCILADENINA 2%, GIBERELINA A4 Y A7 2%",IV
41106,CORRECT ALTEI,PRODINSA ARGENTINA S A,"ALCOHOL GRASO ETOXILADO 12%, ALCOHOL LAURICO ETOXILADO 12%",III
41105,NICO 75 WG DELTA AGRO,AGROINSUMOS B Y L S.A.,NICOSULFURON 75%,III
41104,LIGIER BLEND REVO,BAHNSA S.A.,"ESTERES METILICOS DE ACIDOS GRASOS DE ACEITE DE SOJA 76,6%, ESTERES METILICOS DE ACIDOS GRASOS DE ACEITE VEGETAL 76,6%",IV
41103,METILADO ARATIRI,AGRICULTORES FEDERADOS ARGENTINOS SOC COOP LTDA,"ESTERES METILICOS DE ACIDOS GRASOS DE ACEITE DE SOJA 76,6%, ESTERES METILICOS DE ACIDOS GRASOS DE ACEITE VEGETAL 76,6%",IV
41102,"ABAMECTINA 1,8 LANTHER",LANTHER QUIMICA S. A.,"ABAMECTINA 1,8%",II
41101,CORRECTOR DUO,GURAIIB EDUARDO JESUS,ACIDO FOSFORICO 75%,IV
41100,BIOHERB,BIOINSECT SRL,MEZCLA DE ESTERES Y JABONES PROVENIENTES DE ACIDOS GRASOS DE ACEITES VEGETALES TRANSESTERIFICADOS CON GLICERINA. Contiene SUCROGLICERIDOS 80%,IV
41099,ECO KEEP ACTIVE,AGROSS S.R.L.,ALCOHOL LAURICO ETOXILADO 48%,III
41098,BIFENTRIN ARATIRI,AGRICULTORES FEDERADOS ARGENTINOS SOC COOP LTDA,BIFENTRIN 10%,II
41097,BIFENTRIN LEMBU,AGRICULTORES FEDERADOS ARGENTINOS SOC COOP LTDA,BIFENTRIN 10%,II
41096,TERBUTILAZINA XIAN,SIGMA AGRO S.A,TERBUTILAZINA 50%,II
41095,BROMURO INTECH,SURFIELDS AGRODEVELOPERS SOCIEDAD ANONIMA,BROMURO DE METILO 100%,Ia
41094,WORTHIDE XTRA,RAINBOW AGROSCIENSES SA,PIMETROZINE 50%,III
41093,EVERGOL ENERGY SEMILLERO,AGRO BAYER S. R. L.,"METALAXIL 6,14%, PENFLUFEN 3,84%, PROTIOCONAZOLE 7,68%",III
41092,CANOPY STS,CORTEVA AGRISCIENCE ARGENTINA SRL,"CLORIMURON ETIL 20%, SULFOMETURON METIL 15%",IV
41091,KINGSTONE,NOVA S. A. U.,"HALOXIFOP-P METIL 6%, S-METOLACLORO 48%",III
41090,ATERIX,RIZOBACTER ARGENTINA S A,TRICHODERMA AFROHARZIANUM cepa Th2R199 50%,IV
41089,AZUGRO,FMC QUIMICA S. A.,BIXLOZONE 40%,III
41088,LAMBDA 25 ME CROPENCY,PRO CROP S.A.,LAMBDA-CIALOTRINA 25%,II
41087,KEIGO,SUMMIT AGRO ARGENTINA S A,"ESTERES METILICOS DE ACIDOS GRASOS DE ACEITE VEGETAL 62,3%",IV
41086,CIPER FENDER,PRO CROP S.A.,CIPERMETRINA 25%,II
41085,SKOL,SINER S A,FLUDIOXONIL 23%,IV
41084,KROMQUAT,KROMAGRO SOCIEDAD DE RESPONSABILIDAD LIMITADA,"PARAQUAT DICLORURO 27,6%",II
41083,"2,4D LV 89 EZ SIGMA",SIGMA AGRO S.A,"2,4 D 89%",III
41082,GLUFOSINATO FENDER I,PRO CROP S.A.,GLUFOSINATO DE AMONIO 20%,III
41081,SUPERNOVA,NOVA S. A. U.,ALCOHOL GRASO ETOXILADO 40%,IV
41080,S-METO 96 DELTA AGRO,AGROINSUMOS B Y L S.A.,S-METOLACLORO 96%,III
41079,SPRAY PLUS,ARROWWS ARGENTINA S. R. L.,ACEITE DE SOJA 48%,IV
41078,SPRAY PREMIUM,ARROWWS ARGENTINA S. R. L.,ACIDO FOSFORICO 23%,III
41077,GLUFO TOBI,EL TOBIANO SA,GLUFOSINATO DE AMONIO 20%,III
41076,HUAGRO HORMIX C,HUAGRO S A,"CIPERMETRINA ,5%",III
41075,S-METOLACLORO FENDER II,PRO CROP S.A.,S-METOLACLORO 96%,III
41074,PILARICH 72 SC,PILARQUIM ARGENTINA S. R. L.,CLOROTALONIL 72%,III
41073,FLUMIOXAZIN FENDER I,PRO CROP S.A.,FLUMIOXAZIN 48%,IV
41072,ABISCO,SAL ARGENTINA S.R.L.,CARFENTRAZONE ETIL 40%,III
41071,CARFENMAX,INSUMOS AGROQUIMICOS SOCIEDAD ANONIMA,CARFENTRAZONE ETIL 40%,III
41070,FUNSERV I,SERV - QUIM S.A.,"CARBENDAZIM 30%, TIRAM 30%",III
41069,MABYN,AGROFINA S A,"2,4 D 78,1%",II
41068,NUGEN PRO,GRUPO APC SA,ESTERES METILICOS DE ACIDOS GRASOS DE ACEITE VEGETAL 63%,IV
41067,"2,4D LV 89 CHEMOTECNICA",CHEMOTECNICA S. A.,"2,4 D 89%",III
41066,CROPPA TECH FLUMIOXAZIN,RIBOLDI S A,FLUMIOXAZIN 48%,IV
41065,PIPER 20,PHILAGRO S.A,GLUFOSINATO DE AMONIO 20%,III
41064,LIGIER GRASS,BAHNSA S.A.,"ESTERES METILICOS DE ACIDOS GRASOS DE ACEITE DE SOJA 37,8%, ESTERES METILICOS DE ACIDOS GRASOS DE ACEITE VEGETAL 37,8%",IV
41063,FIDEMAX FLUMIOXAZIN,AGRICULTORES FEDERADOS ARGENTINOS SOC COOP LTDA,FLUMIOXAZIN 48%,IV
41062,HUAGRO ABA,HUAGRO S A,"ABAMECTINA 1,8%",II
41061,LUFEN+PROFEN DELTA AGRO,AGROINSUMOS B Y L S.A.,"LUFENURON 5%, PROFENOFOS 50%",II
41060,SUSTENTOR 36,BORCHES Y CIA S A,CLETODIM 36%,III
41059,GLICINPRO 25 WP,PROTEGRAN S A,CLORIMURON ETIL 25%,III
41058,CLIPEUS MAX,FORMULAGRO SOCIEDAD RESPONSABILIDAD LIMITADA,LAMBDA-CIALOTRINA 25%,III
41057,SPRAY MAX,ARROWWS ARGENTINA S. R. L.,"ALCOHOL LAURICO ETOXILADO 32,7%",IV
41056,TropTANK,TROPFEN S. A.,"ALCOHOL LAURICO ETOXILADO 32,7%",IV
41055,FAST BIO+,FRAGARIA S.A.,ESTERES METILICOS DE ACIDOS GRASOS DE ACEITE VEGETAL 76%,IV
41054,"2,4D 89 LV FENDER I",PRO CROP S.A.,"2,4 D 89%",III
41052,"WEEDER MAX 2,4-D",LARTIRIGOYEN Y CIA S A,"2,4 D 89%",III
41051,HELIOS PLUS,TECNOMYL S. A.,GLUFOSINATO DE AMONIO 60%,III
41050,TODYM PLUS,TECNOMYL S. A.,CLETODIM 48%,III
41049,LAMBDA 25 ME INSUAGRO,INSUMOS AGROQUIMICOS SOCIEDAD ANONIMA,LAMBDA-CIALOTRINA 25%,II
41048,CLETODIM PLUS SIGMA,SIGMA AGRO S.A,CLETODIM 36%,III
41047,TERBU 50 PHILAGRO,PHILAGRO S.A,TERBUTILAZINA 50%,III
41046,TERBUTILAZINA SUMAGRO,SIPCAM ARGENTINA S.R.L.,TERBUTILAZINA 50%,III
41045,DELTA TC 10 + 10,PRODINSA ARGENTINA S A,"CARBENDAZIM 10%, TIRAM 10%",II
41044,ACTISEAL IMA EC,AGROFRESH ARGENTINA S.R.L.,IMAZALIL 50%,II
41043,ACTISEAL PYR 40,AGROFRESH ARGENTINA S.R.L.,PIRIMETANIL 40%,III
41042,BATTLESTAR ALB,ATANOR SOCIEDAD EN COMANDITA POR ACCIONES,"FOMESAFEN 7,1%, GLIFOSATO 32,5%",IV
41041,SULFENTRA FENDER I,PRO CROP S.A.,SULFENTRAZONE 50%,III
41040,PICLOFARM,FARMCHEM SA,"PICLORAM 38,8%",III
41039,BIOSINTER PRIME,R.B. AGRONEGOCIOS S.R.L.,ESTERES METILICOS DE ACIDOS GRASOS DE ACEITE DE SOJA 70%,IV
41038,FOLIARMAX OIL METILADO S,FOLIARMAX S.A.,"ESTERES METILICOS DE ACIDOS GRASOS DE ACEITE DE SOJA 76,6%",IV
41037,FIDEMAX S-METOLACLOR 96,AGRICULTORES FEDERADOS ARGENTINOS SOC COOP LTDA,S-METOLACLORO 96%,III
41036,CLETODIM 36 SINO-AGRI,SAL ARGENTINA S.R.L.,CLETODIM 36%,III
41035,EUDOR C,HELM ARGENTINA S. R. L.,CLETODIM 24%,III
41034,BAUNDAP ELITE I,PROCHEM BIO SA.,"GLIFOSATO 75,7%",IV
41033,PROMETRINA 50 AGROTERRUM,AGROTERRUM S. A.,PROMETRINA 50%,III
41032,"2,4 D 89% EBC",ENRIQUE M BAYA CASAL S. A.,"2,4 D 89%",III
41030,ERAWAN,CHEMOTECNICA S. A.,PENDIMETALIN 33%,IV
41029,NANOMIC SIGMA,SIGMA AGRO S.A,"ESTERES METILICOS DE ACIDOS GRASOS DE ACEITE DE SOJA 76,6%",IV
41028,IMPERIUM MAX,SPEEDAGRO S.R.L.,"ALCOHOL GRASO ETOXILADO 25%, ALCOHOLES GRASOS 25%",IV
41027,CREPITUS PLUS,SPEEDAGRO S.R.L.,"ALCOHOL GRASO ETOXILADO 17%, ALCOHOLES GRASOS 17%",IV
41026,IMPERIUM HUB,SPEEDAGRO S.R.L.,"ALCOHOL GRASO ETOXILADO 25%, ALCOHOLES GRASOS 25%",IV
41025,IMPERIUM ACTIVE,SPEEDAGRO S.R.L.,"ALCOHOL GRASO ETOXILADO 25%, ALCOHOLES GRASOS 25%",IV
41024,VALIENTE PRO,PROQUIMUR SA,"AZOXISTROBINA 16%, PROTIOCONAZOLE 17,5%",IV
41023,FLORANE 25,ASOCIACION DE COOPERATIVAS ARGENTINAS - COOP. LTDA.,FLUROCLORIDONA 25%,III
41022,MEGACIDE B 30 SC,BROMETAN S. R. L.,PIRIMETANIL 30%,III
41021,SUPERWET D,ILARI DANIEL CARLOS,"ESTERES METILICOS DE ACIDOS GRASOS DE ACEITE DE SOJA 76,6%",IV
41020,AG FORCE,BORTOLOTTI GABRIEL ADRIAN,"ESTERES METILICOS DE ACIDOS GRASOS DE ACEITE DE SOJA 82%, ESTERES METILICOS DE ACIDOS GRASOS DE ACEITE VEGETAL 82%",IV
41019,PICLORAM 24% EBC,ENRIQUE M BAYA CASAL S. A.,"PICLORAM 27,8%",IV
41018,SUPERB,CAMPO CROP S.A.,GLIFOSATO 83%,IV
41017,CLETODIM 36 ANGIRU,AGRICULTORES FEDERADOS ARGENTINOS SOC COOP LTDA,CLETODIM 36%,III
41016,FLUMYZIN 50 SC,SUMITOMO CHEMICAL ARGENTINA S.A.,FLUMIOXAZIN 50%,III
41015,PLEDGE SC,SUMITOMO CHEMICAL ARGENTINA S.A.,FLUMIOXAZIN 50%,III
41014,BIFFO 20 SL,SUMITOMO CHEMICAL ARGENTINA S.A.,GLUFOSINATO DE AMONIO 20%,III
41013,BIOINSECT,BIOINSECT SRL,MEZCLA DE ESTERES Y JABONES PROVENIENTES DE ACIDOS GRASOS DE ACEITES VEGETALES TRANSESTERIFICADOS CON GLICERINA. Contiene SUCROGLICERIDOS 80%,IV
41012,MASTEROIL,ALIATS SRL,ESTERES METILICOS DE ACIDOS GRASOS DE ACEITE DE SOJA 76%,IV
41011,ASCARISCER BITRACK,COMPAÑIA ASCARISCER S.A.,PIRIMIFOS METIL 25%,IV
41010,SCRAUM,COMPAÑIA ASCARISCER S.A.,PIRIMIFOS METIL 25%,IV
41009,CLETODIM SINO-AGRI,SAL ARGENTINA S.R.L.,CLETODIM 24%,III
41008,"BAUNDAP MAX 79,2",PROCHEM BIO SA.,"GLIFOSATO 79,2%",III
41007,IMIDACLOPRID FARM CHEMICALS 60 FS,FARM CHEMICALS ARGENTINA S.R.L,IMIDACLOPRID 60%,III
41006,SANGUINARIUM,FARM CHEMICALS ARGENTINA S.R.L,FLUMIOXAZIN 48%,IV
41005,TERZIM XTRA,RAINBOW AGROSCIENSES SA,TERBUTILAZINA 75%,III
41004,TERZIM,RAINBOW AGROSCIENSES SA,TERBUTILAZINA 50%,II
41003,GLIFOSATO GOLD XIAN,SIGMA AGRO S.A,GLIFOSATO 60%,IV
41001,CLARON 36,AGROFINA S A,CIALOFOP BUTIL 36%,IV
41000,CLOROTALONIL SIGMA,SIGMA AGRO S.A,CLOROTALONIL 72%,III
40999,CEBO L LANTHER,LANTHER QUIMICA S. A.,"FIPRONIL ,2%",IV
40998,CREPITUS DROP,SPEEDAGRO S.R.L.,"ALCOHOL GRASO ETOXILADO 17%, ALCOHOLES GRASOS 17%",IV
40997,LAMTIA JLB,JLB Y ASOCIADOS S.A,"LAMBDA-CIALOTRINA 10,6%, TIAMETOXAM 14,1%",II
40996,S-METOLACLOR JLB PLUS,JLB Y ASOCIADOS S.A,S-METOLACLORO 96%,III
40995,FINATO,SINER S A,GLUFOSINATO DE AMONIO 28%,IV
40994,"2,4-D EHE 97% EC CAC",AGROCAC S.R.L.,"2,4 D 97%",II
40993,DE CAMPO BV I,PROCHEM BIO SA.,"2,4 D 89%",II
40992,ASSAIL XLT,SUMMIT AGRO ARGENTINA S A,"ACETAMIPRID 7%, PIRIPROXIFEN 6%",III
40991,MACH EVOLUTION,PHILAGRO S.A,DICAMBA 20%,IV
40990,THOR,SINER S A,"QUIZALOFOP-P ETIL 10,8%",III
40989,PRIMERO ALB,ATANOR SOCIEDAD EN COMANDITA POR ACCIONES,NICOSULFURON 75%,III
40988,"DC 48,0 BV",TRAPALCO S.A.,"DICAMBA 70,8%",III
40987,APLACADOR,RAINBOW AGROSCIENSES SA,BIFENTRIN 10%,II
40986,GERMINER,RAINBOW AGROSCIENSES SA,FLUMIOXAZIN 48%,III
40985,MUTATICA,RAINBOW AGROSCIENSES SA,FLUMIOXAZIN 48%,III
40984,"2,4D CAS BV 60",TRAPALCO S.A.,"2,4 D 82%",II
40983,"2,4D CAS COLINA",TRAPALCO S.A.,"2,4 D 66,9%",II
40982,S-METOLACLORO 96% KEMSURE,AGROEMPRESA COLON S.A.,S-METOLACLORO 96%,III
40981,SHERMAN,SANTEX S. A.,"GLIFOSATO 60,8%",IV
40980,S-METOLACLORO 96 SA,SIGMA AGRO S.A,S-METOLACLORO 96%,III
40979,BURNER 40,TECNOMYL S. A.,GLUFOSINATO DE AMONIO 40%,III
40978,EGEMON,TECNOMYL S. A.,GLUFOSINATO DE AMONIO 40%,III
40977,PLANTER 10,SPEEDAGRO S.R.L.,"IMAZETAPIR 10,6%",III
40976,S-METOLACLOR 96 HT JLB,JLB Y ASOCIADOS S.A,S-METOLACLORO 96%,II
40975,ACEITE METILADO DELTA AGRO,AGROINSUMOS B Y L S.A.,"ESTERES METILICOS DE ACIDOS GRASOS DE ACEITE DE SOJA 82%, ESTERES METILICOS DE ACIDOS GRASOS DE ACEITE VEGETAL 82%",IV
40974,PICLORAM 24 JLB,JLB Y ASOCIADOS S.A,"PICLORAM 38,8%",III
40973,PARAQAMPO II,PROCHEM BIO SA.,"PARAQUAT DICLORURO 27,6%",II
40972,"PARAQUAT MACRO PROTECT 27,6%",LDC ARGENTINA S.A.,"PARAQUAT DICLORURO 27,6%",II
40971,FORMAX NEO,AGROFINA S A,"BOSCALID 10%, DIFENOCONAZOLE 15%",IV
40970,ELUMIS,SYNGENTA AGRO SOCIEDAD ANONIMA,"MESOTRIONE 7,5%, NICOSULFURON 3%",III
40969,PRO MAX M,PRODINSA ARGENTINA S A,"ESTERES METILICOS DE ACIDOS GRASOS DE ACEITE DE SOJA 82%, ESTERES METILICOS DE ACIDOS GRASOS DE ACEITE VEGETAL 82%",IV
40968,ENTREVERO PLUS,ATANOR SOCIEDAD EN COMANDITA POR ACCIONES,"ABAMECTINA 5%, BIFENTRIN 25%",II
40967,ASTRIS ALB,ATANOR SOCIEDAD EN COMANDITA POR ACCIONES,LUFENURON 5%,III
40966,CLETO 24 EC DELTA AGRO,AGROINSUMOS B Y L S.A.,CLETODIM 24%,III
40965,SAKE,SUMMIT AGRO ARGENTINA S A,"FLUMIOXAZIN 3%, TERBUTILAZINA 45%",II
40964,KURANTO,UPL ARGENTINA S. A.,"FIPRONIL 17,5%, TIAMETOXAM 35%",II
40963,OLADISM,REGISTROS AGROPECUARIOS SRL,DICLOSULAM 84%,IV
40961,BGT,AGROCHEM CONSULTORES S.R.L,"GLIFOSATO 24,3%",IV
40960,"BAUNDAP 79,2",PROCHEM BIO SA.,"GLIFOSATO 79,2%",III
40959,"2,4-D ME JLB",JLB Y ASOCIADOS S.A,"2,4 D 30%",II
40958,FLUMEYT +,GLEBA S A,FLUMIOXAZIN 48%,IV
40957,FUNDA PLUS CON STICKER,GLEBA S A,CLOROTALONIL 72%,III
40956,CLOFENAPIR 25% AGROTERRUM,AGROTERRUM S. A.,CLORFENAPIR 24%,II
40955,FLUROXIPIR AGROTERRUM,AGROTERRUM S. A.,FLUROXIPIR MEPTIL 48%,III
40954,BIFENTRIN MAX MAD 40 XL,FARM CHEMICALS ARGENTINA S.R.L,BIFENTRIN 40%,II
40953,ASCARISCER TUCKSON,COMPAÑIA ASCARISCER S.A.,PIRIMIFOS METIL 25%,IV
40952,TERBYNE 60,SIPCAM ARGENTINA S.R.L.,TERBUTILAZINA 60%,II
40951,PARAQUAT II ZAMBA,COFCO INTERNATIONAL ARGENTINA S.A.,"PARAQUAT DICLORURO 27,6%",II
40950,FIDEPLUS DIFIMET,AGRICULTORES FEDERADOS ARGENTINOS SOC COOP LTDA,"DIFENOCONAZOLE 3,69%, IMIDACLOPRID 12%, METALAXIL ,62%",III
40949,GS METILADO,EMFAG S.A,"ESTERES METILICOS DE ACIDOS GRASOS DE ACEITE DE SOJA 76,6%",IV
40948,CLETODIM RURALCO 24 EC,RURALCO SOLUCIONES S.A.,CLETODIM 24%,III
40947,AMBASSADOR,KOPPERT ARGENTINA S. A.,ESTERES METILICOS DE ACIDOS GRASOS DE ACEITE VEGETAL 75%,IV
40946,GLIFOBAGUAL,FACYT I + D SA,"2,4 D 13,7%, DICAMBA 4,5%, GLIFOSATO 32,4%",III
40945,"REFUSILO 2,4D BAGUAL",FACYT I + D SA,"2,4 D 30%",II
40944,PARÚ,R&D AGRO CONSULTORA S.A.,"GLIFOSATO 74,7%",III
40942,POWER XIAN,SIGMA AGRO S.A,"ESTERES METILICOS DE ACIDOS GRASOS DE ACEITE DE SOJA 76,6%",IV
40941,KORITSU,SUMMIT AGRO ARGENTINA S A,TERBUTILAZINA 50%,III
40940,TAURO 25 EC,CHEMOTECNICA S. A.,CIPERMETRINA 25%,II
40939,"ABAMECTINA 3,6 CROPENCY",PRO CROP S.A.,"ABAMECTINA 3,6%",II
40938,S-MILLION,AGROFINA S A,LACTOFEN 36%,III
40937,FOMESAFEN CHEMOTECNICA,CHEMOTECNICA S. A.,"FOMESAFEN 26,25%",III
40936,EMAMECTINA 5G EL HUARPISMO,EL HUARPISMO SOCIEDAD ANONIMA,BENZOATO DE EMAMECTINA 5%,II
40935,"PARAQUAT 27,6% SL AGROTERRUM",AGROTERRUM S. A.,"PARAQUAT DICLORURO 27,6%",III
40934,GLUFOSINATO KEMSURE,AGROEMPRESA COLON S.A.,GLUFOSINATO DE AMONIO 20%,III
40933,HALOXIFOP 54 EZ SIGMA,SIGMA AGRO S.A,HALOXIFOP-P METIL 54%,II
40932,S-METOLACLORO MACRO PROTECT,LDC ARGENTINA S.A.,S-METOLACLORO 96%,III
40930,BIFENTRIN 25 PLUS JLB,JLB Y ASOCIADOS S.A,BIFENTRIN 25%,II
40929,SILICONE SHIELD,ARANAMI INDUSTRIAL S.A.,"ESTERES METILICOS DE ACIDOS GRASOS DE ACEITE DE SOJA 76,6%",IV
40928,BIOSHIELD,ARANAMI INDUSTRIAL S.A.,"ESTERES METILICOS DE ACIDOS GRASOS DE ACEITE DE SOJA 76,6%",IV
40927,MAX OIL,GURAIIB EDUARDO JESUS,ACEITE DE SOJA 78%,IV
40926,YAMATO WG,SUMMIT AGRO ARGENTINA S A,PIROXASULFONE 85%,III
40925,CORAGEN EVO,FMC QUIMICA S. A.,CLORANTRANILIPROLE 60%,IV
40924,ELENQUO,BASF AGRICULTURAL SOLUTIONS ARGENTINA S.A.,EXTRACTO DE QUILLAY 35%,IV
40923,PROWET SILICONADO,FARMCHEM SA,ESTERES METILICOS DE ACIDOS GRASOS DE ACEITE DE SOJA 76%,IV
40922,CONTACT MAX MSO,FARMCHEM SA,ESTERES METILICOS DE ACIDOS GRASOS DE ACEITE DE SOJA 76%,IV
40921,METSULFURON 60 WG FALCROP,FALCROP S. A.,METSULFURON METIL 60%,III
40920,TERBUTILAZIN 50 BINNONG,REGISTROS AGROPECUARIOS SRL,TERBUTILAZINA 50%,II
40919,LEQUIUM,SPEEDAGRO S.R.L.,"2,4 D 89%",III
40918,CREAVIS DUO con Tecnología ADEPIDYN,SYNGENTA AGRO SOCIEDAD ANONIMA,"DIFENOCONAZOLE 12,5%, PIDIFLUMETOFEN 7,5%",III
40917,VOLERIS,SYNGENTA AGRO SOCIEDAD ANONIMA,"2,4 D 89%",III
40916,CEBO B LANTHER,LANTHER QUIMICA S. A.,METALDEHIDO 4%,IV
40915,ANGIRU METILADO,AGRICULTORES FEDERADOS ARGENTINOS SOC COOP LTDA,"ESTERES METILICOS DE ACIDOS GRASOS DE ACEITE DE SOJA 76,6%, ESTERES METILICOS DE ACIDOS GRASOS DE ACEITE VEGETAL 76,6%",IV
40914,PENDIMETALIN SIGMA,SIGMA AGRO S.A,PENDIMETALIN 33%,III
40913,ATRAZINA 50 SIGMA,SIGMA AGRO S.A,ATRAZINA 50%,III
40912,TRUSINATE,RAINBOW AGROSCIENSES SA,GLUFOSINATO DE AMONIO 20%,III
40911,PICLORAM 24 SIGMA,SIGMA AGRO S.A,"PICLORAM 27,8%",IV
40910,TSUNAMI,SPEEDAGRO S.R.L.,GLUFOSINATO DE AMONIO 20%,IV
40909,MSMA PROCHEM BIO,PROCHEM BIO SA.,"M.S.M.A. 79,2%",II
40908,ATRAPLUS I ZAMBA,COFCO INTERNATIONAL ARGENTINA S.A.,ATRAZINA 90%,III
40907,"2,4-D LV 89 DELTA AGRO",AGROINSUMOS B Y L S.A.,"2,4 D 89%",III
40906,RAVEN 96,PHILAGRO S.A,S-METOLACLORO 96%,III
40905,"ABAMECTINA 3,6 DELTA AGRO",AGROINSUMOS B Y L S.A.,"ABAMECTINA 3,6%",II
40904,HO-INSECTUM BT,BIOCORP-HO S. A.,"BACILLUS THURINGIENSIS 3,5%",IV
40903,"ARANYA 3,6% EC",LABORATORIOS PEYTE S.A.,"ABAMECTINA 3,6%",II
40902,SULFENTRAZONE CHEMOTECNICA,CHEMOTECNICA S. A.,SULFENTRAZONE 50%,III
40900,YPF AGRO SULFENTRAZONE HT,YPF SOCIEDAD ANONIMA,SULFENTRAZONE 50%,III
40899,DELENTE MIREX,DELENTE S. R. L.,"FIPRONIL ,003%",III
40898,LAMBDA 25 ME DELTA AGRO,AGROINSUMOS B Y L S.A.,LAMBDA-CIALOTRINA 25%,II
40897,POWER MAXX D,ATANOR SOCIEDAD EN COMANDITA POR ACCIONES,"GLIFOSATO 74,7%",IV
40896,PROMETRINA 50 SIP AA,SIPCAM ARGENTINA S.R.L.,PROMETRINA 50%,III
40895,TERBYNE MAX SIP AA,SIPCAM ARGENTINA S.R.L.,"FLUMIOXAZIN 3,8%, TERBUTILAZINA 50%",II
40894,ETILHEXIL SIP,SIPCAM ARGENTINA S.R.L.,"2,4 D 89%",II
40893,METSULFURON FENDER,PRO CROP S.A.,METSULFURON METIL 60%,IV
40892,"GLIFOSATO 66,2 ARN EBC",ENRIQUE M BAYA CASAL S. A.,"GLIFOSATO 66,2%",IV
40891,ADAMA SECAFOL,ADAMA ARGENTINA SOCIEDAD ANONIMA,"PARAQUAT DICLORURO 27,6%",III
40890,SAITAMA,SUMITOMO CHEMICAL ARGENTINA S.A.,TERBUTILAZINA 50%,III
40889,MARANDU ALB,ATANOR SOCIEDAD EN COMANDITA POR ACCIONES,TIODICARB 80%,II
40888,TRENCH 84 WG BB,TECNOMYL S. A.,DICLOSULAM 84%,IV
40887,IDRIS,AGROFINA S A,FLUBENDIAMIDE 48%,IV
40886,"ESTRELLA SG 74,7",ASOCIACION DE COOPERATIVAS ARGENTINAS - COOP. LTDA.,"GLIFOSATO 74,7%",IV
40885,FLUMINENS 48 ACA,ASOCIACION DE COOPERATIVAS ARGENTINAS - COOP. LTDA.,FLUMIOXAZIN 48%,IV
40884,TOBIANO S-METOLACLOR,EL TOBIANO SA,S-METOLACLORO 96%,III
40883,SUREN MAXX,SYNGENTA AGRO SOCIEDAD ANONIMA,"FLUDIOXONIL 1,2%, METALAXIL -M 3,6%, SEDAXANE 1,2%, TIAMETOXAM 24%",III
40882,CLETODIM 24 NEXORA,3 LOMAS S.A.,CLETODIM 24%,III
40881,FLUMIOXAZIN 48 SC BRILLIANCE,XOMEZANA SA,FLUMIOXAZIN 48%,IV
40880,ADAMA BURNER,ADAMA ARGENTINA SOCIEDAD ANONIMA,GLUFOSINATO DE AMONIO 20%,III
40879,OLIMPO MAXX,CHEMOTECNICA S. A.,"ABAMECTINA 3,6%",II
40878,TALONIL 72 SC,HELM ARGENTINA S. R. L.,CLOROTALONIL 72%,III
40876,METSUCHEM,CHEMOTECNICA S. A.,METSULFURON METIL 60%,IV
40874,S-METOLACLORO 96% MACRO PROTECT,LDC ARGENTINA S.A.,S-METOLACLORO 96%,III
40873,KANOPUS,HELM ARGENTINA S. R. L.,CLORFENAPIR 24%,II
40872,PICCOLO,ARANAMI S.A.,"PICLORAM 38,8%",III
40871,METSUCHEM 60,CHEMOTECNICA S. A.,METSULFURON METIL 60%,IV
40870,YPF AGRO GLIFOSATO CONCENTRADO HT,YPF SOCIEDAD ANONIMA,"GLIFOSATO 66,2%",IV
40869,BESSER OIL,TROPFEN S. A.,ESTERES METILICOS DE ACIDOS GRASOS DE ACEITE VEGETAL 75%,IV
40868,SILICONADO DELTA AGRO,AGROINSUMOS B Y L S.A.,"ALCOHOL GRASO ETOXILADO 48%, ALCOHOL LAURICO ETOXILADO 48%, ALCOHOL LINEAL ETOXILADO 48%",IV
40867,METALAXIL 35 DELTA AGRO,AGROINSUMOS B Y L S.A.,METALAXIL 35%,II
40866,KAISER FULL III,HELM ARGENTINA S. R. L.,"GLIFOSATO 66,2%",IV
40865,S-META CROP,CARGILL SOCIEDAD ANONIMA COMERCIAL E INDUSTRIAL,S-METOLACLORO 96%,III
40864,AGROGEN X-TREME,AKTIV S.R.L.,ESTERES METILICOS DE ACIDOS GRASOS DE ACEITE VEGETAL 72%,IV
40863,AGROGEN METIL,AKTIV S.R.L.,ESTERES METILICOS DE ACIDOS GRASOS DE ACEITE VEGETAL 72%,IV
40862,EFIMAX BENZURON,NOVA S. A. U.,"BENZOATO DE EMAMECTINA 4%, LUFENURON 16%",III
40861,"2,4 D ME 30 DELTA AGRO",PHILAGRO S.A,"2,4 D 30%",III
40859,HURRICANE,SOUTH AGRO S. R. L.,"2,4 D 30%",III
40858,PINGO,INDUAGRO SRL,DICLOSULAM 84%,IV
40857,DICLOSULAM YOLOO WG,SYNTECH RESEARCH S.A.U.,DICLOSULAM 84%,IV
40856,DOMO TURBO,BIOCEN S.A.,ALCOHOL LAURICO ETOXILADO 15%,IV
40855,HARMETRY,UPL ARGENTINA S. A.,GLUFOSINATO DE AMONIO 50%,III
40854,FOMESA 25 SL,INSUMOS AGROQUIMICOS SOCIEDAD ANONIMA,"FOMESAFEN 26,25%",III
40853,YPF AGRO CLETODIM HT,YPF SOCIEDAD ANONIMA,CLETODIM 24%,III
40852,TERBUTILAZINA SIGMA,SIGMA AGRO S.A,TERBUTILAZINA 50%,II
40851,TERBYNE XTREME,SIPCAM ARGENTINA S.R.L.,"MESOTRIONE 8,1%, TERBUTILAZINA 55%",III
40850,HUMECTAGRO SL,NUPROAGRO S.A.,ALCOHOL LAURICO ETOXILADO 48%,IV
40849,YPF AGRO TILAM IF,RAINBOW AGROSCIENSES SA,"LAMBDA-CIALOTRINA 10,6%, TIAMETOXAM 14,1%",II
40848,HUNKY,CHEMOTECNICA S. A.,"IMAZAPIR 30,6%",IV
40847,AZBANY MAX,SUMITOMO CHEMICAL ARGENTINA S.A.,FLUROXIPIR MEPTIL 48%,IV
40846,DICOL,FARMCHEM SA,"DICAMBA 70,8%",IV
40845,SPLAT LOBESIA,ISCA TECH ARGENTINA,"(E,Z)7,9-DODECADIENIL ACETATO 3,6%",IV
40844,COSAVET EDGE,FALCROP S. A.,AZUFRE 80%,III
40843,ZEEK,SPEEDAGRO S.R.L.,BIFENTRIN 10%,II
40842,FIDEMAX CLOMAZONE 50,AGRICULTORES FEDERADOS ARGENTINOS SOC COOP LTDA,CLOMAZONE 50%,II
40841,VANIVA 45 SC con Tecnología TYMIRIUM,SYNGENTA AGRO SOCIEDAD ANONIMA,CYCLOBUTRIFLURAM 45%,IV
40840,VICTRATO 50 FS con Tecnología TYMIRIUM,SYNGENTA AGRO SOCIEDAD ANONIMA,CYCLOBUTRIFLURAM 50%,IV
40839,PRO OPTIMUS,PRODINSA ARGENTINA S A,"ALCOHOL GRASO ETOXILADO 48%, ALCOHOL LAURICO ETOXILADO 48%, ALCOHOL LINEAL ETOXILADO 48%",IV
40838,ACTIVATE TOTAL MIX,LABORATORIO QUIMECO S.R.L.,"ALCOHOL LAURICO ETOXILADO 20%, ALCOHOL LINEAL ETOXILADO 20%",III
40837,"2,4D ME 30%",TRAPALCO S.A.,"2,4 D 30%",II
40836,BIFFO MAXX,SUMITOMO CHEMICAL ARGENTINA S.A.,"GLUFOSINATO DE AMONIO 24,5%",III
40835,CONTROL QUAT,AGROFACIL S A,"PARAQUAT DICLORURO 27,6%",II
40833,GLUFOSINATO RURALCO,RURALCO SOLUCIONES S.A.,GLUFOSINATO DE AMONIO 20%,III
40832,LAMBDA 25 DELTA AGRO,AGROINSUMOS B Y L S.A.,LAMBDA-CIALOTRINA 25%,II
40831,PRO D-102,PROTEGRAN S A,"2,4 D 102%",II
40830,VEROSIL 40 SL,AGROFINA S A,"IMAZETAPIR 44,1%",III
40829,METSULFURON BAYER II,AGRO BAYER S. R. L.,METSULFURON METIL 60%,III
40828,COFENRIN,RAINBOW AGROSCIENSES SA,BIFENTRIN 40%,II
40827,FAST BIO NANO,NUPROAGRO S.A.,ESTERES METILICOS DE ACIDOS GRASOS DE ACEITE DE SOJA 80%,IV
40826,FAST BIO,NUPROAGRO S.A.,ESTERES METILICOS DE ACIDOS GRASOS DE ACEITE DE SOJA 80%,IV
40825,VANDER,COMPAÑIA ASCARISCER S.A.,MERCAPTOTION 100%,II
40824,CAMPOQUAT I,PROCHEM BIO SA.,"PARAQUAT DICLORURO 27,6%",II
40823,PARAQUAT RURALCO,RURALCO SOLUCIONES S.A.,"PARAQUAT DICLORURO 27,6%",II
40822,NICOSULFURON FENDER,PRO CROP S.A.,NICOSULFURON 75%,III
40821,DIFOC,FITOQUIMICA S.A.,DIFENOCONAZOLE 3%,III
40820,DEFENDER,FITOQUIMICA S.A.,"IMIDACLOPRID 23,3%, TEBUCONAZOLE 1,3%",III
40819,SULFENTRAZONE 50 JLB,JLB Y ASOCIADOS S.A,SULFENTRAZONE 50%,III
40818,CHICOTE,INDUAGRO SRL,GLUFOSINATO DE AMONIO 20%,III
40817,ASTRIS GOLD ALB,ATANOR SOCIEDAD EN COMANDITA POR ACCIONES,"LAMBDA-CIALOTRINA 10%, LUFENURON 10%",II
40816,PORCEL ALB,ATANOR SOCIEDAD EN COMANDITA POR ACCIONES,PIRIPROXIFEN 10%,III
40815,PLANTER,SPEEDAGRO S.R.L.,"IMAZETAPIR 10,6%",IV
40814,LUMINE,INSUMOS AGROQUIMICOS SOCIEDAD ANONIMA,"EPOXICONAZOLE 5%, PIRACLOSTROBIN 13,3%",IV
40813,REVENGE XTREME,INSUMOS AGROQUIMICOS SOCIEDAD ANONIMA,"2,4 D 30%, CARFENTRAZONE ETIL 3%, DICAMBA 4,8%",II
40812,KAMBA DUO,SUMITOMO CHEMICAL ARGENTINA S.A.,"2,4 D 30%, DICAMBA 4,8%",III
40811,FLUMARA,FARMCHEM SA,FLUMIOXAZIN 48%,IV
40810,OIL MET TOP,MICROVIDAS SRL,ESTERES METILICOS DE ACIDOS GRASOS DE ACEITE DE SOJA 76%,IV
40809,BIOSINTER ECO,R.B. AGRONEGOCIOS S.R.L.,ESTERES METILICOS DE ACIDOS GRASOS DE ACEITE DE SOJA 76%,IV
40808,SPRAY OIL M,NUPROFER S. A.,ESTERES METILICOS DE ACIDOS GRASOS DE ACEITE DE SOJA 76%,IV
40807,SPRAY OIL SILICONADO,NUPROFER S. A.,ESTERES METILICOS DE ACIDOS GRASOS DE ACEITE DE SOJA 76%,IV
40806,CLETODIM FENDER II,PRO CROP S.A.,CLETODIM 24%,III
40805,STARON,AGRI STAR S. A.,LINURON 50%,III
40804,SULFENTRAZONE ANGIRU 50,AGRICULTORES FEDERADOS ARGENTINOS SOC COOP LTDA,SULFENTRAZONE 50%,III
40803,BAGUAL ECO,FACYT I + D SA,"ESTERES METILICOS DE ACIDOS GRASOS DE ACEITE DE SOJA 78%, ESTERES METILICOS DE ACIDOS GRASOS DE ACEITE VEGETAL 78%",IV
40802,AMIGUITO – ECOMAX FACYT,FACYT I + D SA,"ESTERES METILICOS DE ACIDOS GRASOS DE ACEITE DE SOJA 78%, ESTERES METILICOS DE ACIDOS GRASOS DE ACEITE VEGETAL 78%",IV
40801,ELATUS TRIO CON TECNOLOGÍA SOLATENOL,SYNGENTA AGRO SOCIEDAD ANONIMA,"AZOXISTROBINA 18%, BENZOVINDIFLUPIR 9%, DIFENOCONAZOLE 22,5%",II
40800,FENOMYL 30 ME,TECNOMYL S. A.,"2,4 D 30%",II
40799,SHITA,SUMMIT AGRO ARGENTINA S A,FLUMIOXAZIN 48%,IV
40798,BIOMAGNET AMBER,AGRI CHECK SRL,"DELTAMETRINA ,03%",IV
40797,"IMACIDE 7,5 SL",AGRO LAJITAS S.A.,IMAZALIL 10%,III
40796,KIER III PLUS,AGROFINA S A,"ABAMECTINA ,9%, BIFENTRIN 9%, LUFENURON 7,5%",II
40795,CLARO 72,SINER S A,CLOROTALONIL 72%,III
40794,ATANOR PIROXASULFONE 48 SC HP,ATANOR SOCIEDAD EN COMANDITA POR ACCIONES,PIROXASULFONE 48%,IV
40793,CORRECTOR SECUESTRANTE DELTA AGRO,AGROINSUMOS B Y L S.A.,ALCOHOL LAURICO ETOXILADO 12%,III
40792,MANCOSTAR,AGRI STAR S. A.,"MANCOZEB 64%, METALAXIL 8%",III
40791,STARQUAT,AGRI STAR S. A.,"PARAQUAT DICLORURO 27,6%",II
40790,ONSUVA,FMC QUIMICA S. A.,"DIFENOCONAZOLE 30%, FLUINDAPYR 24%",II
40789,IMPACTUS BB,TECNOMYL S. A.,LAMBDA-CIALOTRINA 25%,IV
40788,NICO 75 DELTA AGRO,AGROINSUMOS B Y L S.A.,NICOSULFURON 75%,III
40787,SIN CLAVEL,HAVERNICK CLAUDIA,SULFATO DE COBRE PENTAHIDRATADO 98%,II
40786,TERMEX,RAINBOW AGROSCIENSES SA,"ATRAZINA 12%, MESOTRIONE 3,2%, S-METOLACLORO 32%",III
40785,STARTION,AGRI STAR S. A.,MALATION 100%,II
40784,DIFLUFENICAN 50 SIGMA,SIGMA AGRO S.A,DIFLUFENICAN 50%,IV
40782,CROPMAX MET 60 WG,CROPMAX S.A,METSULFURON METIL 60%,III
40781,IMIDA 35 SIGMA,SIGMA AGRO S.A,IMIDACLOPRID 35%,II
40780,DICAMBA FENDER I,PRO CROP S.A.,"DICAMBA 57,8%",III
40779,SUNSET SC,CHEMOTECNICA S. A.,METRIBUZIN 48%,II
40778,GLUFOSINATO 20 SL KEMSURE,AGROEMPRESA COLON S.A.,GLUFOSINATO DE AMONIO 20%,III
40776,ELEVORE,CORTEVA AGRISCIENCE ARGENTINA SRL,"HALAUXIFEN METIL 7,14%",III
40775,TERBUTILAZINA INSUAGRO,INSUMOS AGROQUIMICOS SOCIEDAD ANONIMA,TERBUTILAZINA 50%,III
40774,TERBU DELTA AGRO,AGROINSUMOS B Y L S.A.,TERBUTILAZINA 50%,III
40773,TELIRON 50 SC,SIPCAM ARGENTINA S.R.L.,TERBUTILAZINA 50%,III
40772,TECNOFLUMYL TOP,TECNOMYL S. A.,FLUMIOXAZIN 48%,IV
40771,"GLIFO 66,2 FENDER",PRO CROP S.A.,"GLIFOSATO 66,2%",IV
40770,"GLIFO 66,2 FENDER I",PRO CROP S.A.,"GLIFOSATO 66,2%",IV
40769,NATO 20 SL,DASER AGRO S.A.,GLUFOSINATO DE AMONIO 20%,III
40768,FORTEC F,LOBATO RODOLFO ANIBAL,"FIPRONIL ,003%",IV
40767,IMIDA 35 FENDER I,PRO CROP S.A.,IMIDACLOPRID 35%,II
40766,VEILIG,BAHNSA S.A.,"ESTERES METILICOS DE ACIDOS GRASOS DE ACEITE DE SOJA 37,8%, ESTERES METILICOS DE ACIDOS GRASOS DE ACEITE VEGETAL 37,8%",IV
40765,KUMITE,SUMMIT AGRO ARGENTINA S A,CLETODIM 24%,III
40764,FLUROXIPIR 48 DELTA AGRO,AGROINSUMOS B Y L S.A.,FLUROXIPIR MEPTIL 48%,III
40763,THUNDER MAX,RIZOBACTER ARGENTINA S A,ACEITE MINERAL 69%,IV
40762,ANGLAT,CHEMOTECNICA S. A.,HALOXIFOP-P METIL 54%,II
40761,IMAZAPIR 48 DELTA AGRO,AGROINSUMOS B Y L S.A.,"IMAZAPIR 58,9%",III
40760,EQUILIBRIUM,NUPROAGRO S.A.,ESTERES METILICOS DE ACIDOS GRASOS DE ACEITE DE SOJA 80%,IV
40759,KERON SIL,NEXUS SRL,"ALCOHOL LAURICO ETOXILADO 32,7%",IV
40758,REDSHIELD WG,S.A SAN MIGUEL A G I C I Y F,"OXIDO CUPROSO 84,4%",III
40757,GLUFOSINATO DE AMONIO INSUAGRO,INSUMOS AGROQUIMICOS SOCIEDAD ANONIMA,GLUFOSINATO DE AMONIO 20%,III
40756,ESE LACLORO 96%,LABORATORIOS PEYTE S.A.,S-METOLACLORO 96%,III
40755,S-METOLASHAR,SHARDA CROPCHEM LIMITED SUC.EMP.EXT.,S-METOLACLORO 96%,II
40754,"PARAQUAT JLB ULTRA 27,6",JLB Y ASOCIADOS S.A,"PARAQUAT DICLORURO 27,6%",III
40753,THORM,LABORATORIOS PEYTE S.A.,"PICLORAM 38,8%",III
40751,CLETODIM 24 JLB,JLB Y ASOCIADOS S.A,CLETODIM 24%,III
40750,CORRECTOR PLUS SIGMA,LABORATORIOS PEYTE S.A.,ACIDO FOSFORICO 30%,III
40749,IPRO 50,NUTRIEN AG SOLUTIONS ARGENTINA S. A.,IPRODIONE 50%,III
40748,XEVELO,CORTEVA AGRISCIENCE ARGENTINA SRL,"CIALOFOP BUTIL 16%, FLORPIRAUXIFEN -BENCIL 1,2%",III
40747,HUAGRO LAMBDA,HUAGRO S A,LAMBDA-CIALOTRINA 5%,II
40746,DIMETOATO SIGMA,SIGMA AGRO S.A,DIMETOATO 40%,II
40744,"HUAGRO 2,4 D",HUAGRO S A,"2,4 D 60%",II
40743,IMIDA 60 SIGMA,SIGMA AGRO S.A,IMIDACLOPRID 60%,III
40742,DE CAMPO BLUE,PROCHEM BIO SA.,"2,4 D 89%",III
40741,DICAMBA FENDER,PRO CROP S.A.,"DICAMBA 57,8%",III
40740,PICK 24,SINER S A,"PICLORAM 38,8%",III
40739,METRO 48,SINER S A,METRIBUZIN 48%,III
40738,HO WetQUALIS,BIOCORP-HO S. A.,"ALCOHOL GRASO ETOXILADO 12%, ALCOHOL LAURICO ETOXILADO 12%",III
40737,MILENIAL 50,ATANOR SOCIEDAD EN COMANDITA POR ACCIONES,SULFENTRAZONE 50%,III
40736,ACARAMIK XTRA,ROTAM DE ARGENTINA AGROQUIMICA SRL,"ABAMECTINA 5,4% p/v",II
40735,CONDUCTOR,RAINBOW AGROSCIENSES SA,CLOMAZONE 50%,III
40734,LUFEN 40 + BENZO 10 DELTA AGRO,TECNOMYL S. A.,"BENZOATO DE EMAMECTINA 10%, LUFENURON 40%",II
40733,STARXIFOP R LPU,AGRI STAR S. A.,"HALOXIFOP-P METIL 3,11%",III
40732,ADELFOS PRO,HELM ARGENTINA S. R. L.,"S-METOLACLORO 60%, SULFENTRAZONE 10%",III
40730,SEDONA,SYNGENTA AGRO SOCIEDAD ANONIMA,FOMESAFEN 25%,III
40729,BLONTER,SYNGENTA AGRO SOCIEDAD ANONIMA,"METRIBUZIN 14,9%, S-METOLACLORO 62,8%",III
40728,HAUL,ARROWWS ARGENTINA S. R. L.,ACIDO FOSFORICO 23%,III
40727,PARAQUAT FENDER II,PRO CROP S.A.,"PARAQUAT DICLORURO 27,6%",II
40726,CLETO SURCROPS,SURCROPS SRL,CLETODIM 24%,III
40725,AZOXCHEM,AGROFACIL S A,AZOXISTROBINA 25%,III
40724,AZOXCHEM 25,CHEMOTECNICA S. A.,AZOXISTROBINA 25%,III
40723,TropBio DERMA,TROPFEN S. A.,"TRICHODERMA HARZIANUM 3,24%",IV
40722,PATHER MAX,NEXUS SRL,ACIDO FOSFORICO 23%,III
40721,PYRA 25,SINER S A,PIRACLOSTROBIN 25%,II
40720,"2,4-D 96,3 SG CAC",AGROCAC S.R.L.,"2,4 D 96,3%",II
40719,HALOXI 54 FENDER,PRO CROP S.A.,HALOXIFOP-P METIL 54%,II
40718,"GLIFO 75,7 FENDER",PRO CROP S.A.,"GLIFOSATO 75,7%",IV
40717,ATRAZINA 50 FENDER,PRO CROP S.A.,ATRAZINA 50%,III
40716,APTIVIS con Tecnología Adepydin,SYNGENTA AGRO SOCIEDAD ANONIMA,PIDIFLUMETOFEN 20%,III
40715,AGRIMEK,SYNGENTA AGRO SOCIEDAD ANONIMA,"ABAMECTINA 8,4%",II
40714,VELOGY ACE CON TECNOLOGIA SOLATENOL,SYNGENTA AGRO SOCIEDAD ANONIMA,"BENZOVINDIFLUPIR 4%, PROPICONAZOLE 25%",II
40713,META UNO,BIORDOÑEZ S.A.U.,"ESTERES METILICOS DE ACIDOS GRASOS DE ACEITE DE SOJA 76,6%",IV
40712,SABIZEB 75 WG,FALCROP S. A.,MANCOZEB 75%,III
40711,LIGIER SPOT,BAHNSA S.A.,"ESTERES METILICOS DE ACIDOS GRASOS DE ACEITE DE SOJA 37,8%, ESTERES METILICOS DE ACIDOS GRASOS DE ACEITE VEGETAL 37,8%",IV
40710,LIGIER MIX,BAHNSA S.A.,ALCOHOL GRASO ETOXILADO 25%,IV
40708,ABSOLUT 25% ME,LABORATORIOS PEYTE S.A.,"ESTERES METILICOS DE ACIDOS GRASOS DE ACEITE DE SOJA 25%, ESTERES METILICOS DE ACIDOS GRASOS DE ACEITE VEGETAL 25%",IV
40707,IMAZETA DELTA AGRO,AGROINSUMOS B Y L S.A.,"IMAZETAPIR 10,6%",III
40706,METIL X-TREM,FAGROS S.R.L.,"ESTERES METILICOS DE ACIDOS GRASOS DE ACEITE DE SOJA 76,6%",IV
40705,PRO D-93 ÉSTER”,PROTEGRAN S A,"2,4 D 93%",III
40704,BUZZ,ARANAMI S.A.,METRIBUZIN 48%,II
40703,"ATANOR FLUBENDIAMIDE 22,2 SC",ATANOR SOCIEDAD EN COMANDITA POR ACCIONES,"FLUBENDIAMIDE 22,2%",III
40702,CLEANTIUM FUSION,CORTEVA AGRISCIENCE ARGENTINA SRL,"DICLOSULAM 58%, HALAUXIFEN METIL 11,5%",IV
40701,FLUMIOXAZIN 48% KEMSURE,AGROEMPRESA COLON S.A.,FLUMIOXAZIN 48%,IV
40700,HARPON 66 WG,BROMETAN S. R. L.,"CIMOXANIL 33%, ZOXAMIDA 33%",II
40699,PRONTOGEN MYL,TECNOMYL S. A.,"FOMESAFEN 12%, S-METOLACLORO 51,8%",III
40698,TERBYNE 50,SIPCAM ARGENTINA S.R.L.,TERBUTILAZINA 50%,III
40697,DOGO ACA,ASOCIACION DE COOPERATIVAS ARGENTINAS - COOP. LTDA.,"PARAQUAT DICLORURO 27,6%",II
40696,FLUMIOXA 48 AGROTERRUM,AGROTERRUM S. A.,FLUMIOXAZIN 48%,III
40695,DIFFIER,EL TOBIANO SA,DIFLUFENICAN 50%,IV
40694,CLETODIM 24 EC BRILLIANCE,AGROREGISTROS PROFESIONALES S.R.L.,CLETODIM 24%,III
40691,MASTER PRO,PROQUIMUR SA,"EPOXICONAZOLE 5%, PIRACLOSTROBIN 13,3%",IV
40690,ATANOR CLOROTALONIL 72 SC,ATANOR SOCIEDAD EN COMANDITA POR ACCIONES,CLOROTALONIL 72%,III
40689,SUMYZIN T-MAX,SUMITOMO CHEMICAL ARGENTINA S.A.,"FLUMIOXAZIN 3,8%, TERBUTILAZINA 50%",II
40688,"2,4 D LV 89 XIAN",SIGMA AGRO S.A,"2,4 D 89%",III
40687,BIONITROSEM CURASEMILLAS,LABORATORIO BIOTECH SA,"CARBENDAZIM 25%, TIRAM 25%",III
40686,MIRAVIS PRIME CON TECNOLOGIA ADEPIDYN,SYNGENTA AGRO SOCIEDAD ANONIMA,"FLUDIOXONIL 25%, PIDIFLUMETOFEN 15%",III
40685,"FIDEMAX DELTAMETRINA 2,5",AGRICULTORES FEDERADOS ARGENTINOS SOC COOP LTDA,"DELTAMETRINA 2,5%",II
40684,FIDEMAX HALOXIFOP 54,AGRICULTORES FEDERADOS ARGENTINOS SOC COOP LTDA,HALOXIFOP-P METIL 54%,II
40683,"2,4-D EXCEL",ASOCIACION DE COOPERATIVAS ARGENTINAS - COOP. LTDA.,"2,4 D 89%",III
40682,BENZOMYL EMA AA,TECNOMYL S. A.,BENZOATO DE EMAMECTINA 25%,II
40681,EMBEDDIX,CORTEVA AGRISCIENCE ARGENTINA SRL,"2,4 D 66,9%",II
40680,HALOXIGEN MAX BB,TECNOMYL S. A.,HALOXIFOP-P METIL 54%,II
40679,ActiMist PYR,AGROFRESH ARGENTINA S.R.L.,PIRIMETANIL 16%,IV
40678,ROUNDUP TOP,AGRO BAYER S. R. L.,"GLIFOSATO 70,5%",IV
40677,PROTECTOR B 40 SC,BROMETAN S. R. L.,PIRIMETANIL 40%,III
40676,RICE PROTECTOR,PROTEGRAN S A,"IMAZAPIC 5%, IMAZAPIR 15%",IV
40675,RAINICO XTRA,RAINBOW AGROSCIENSES SA,NICOSULFURON 75%,III
40673,ZAVOBIA,TECNOMYL S. A.,HALOXIFOP-P METIL 54%,II
40672,FANAVIS FLOWABLE FARM CHEMICALS,FARM CHEMICALS ARGENTINA S.R.L,"OXICLORURO DE COBRE 67,2%",III
40671,ATRAZINA 50 JLB,JLB Y ASOCIADOS S.A,ATRAZINA 50%,III
40670,TASUTA,UPL ARGENTINA S. A.,GLUFOSINATO DE AMONIO 28%,III
40669,TEKARIUM CON TECNOLOGIA PLINAZOLIN,SYNGENTA AGRO SOCIEDAD ANONIMA,ISOCYCLOSERAM 40%,IV
40668,CLETODIM 36 EC BRILLIANCE,XOMEZANA SA,CLETODIM 36%,III
40667,"ABA 3,6 SOUTH AGRO",SOUTH AGRO S. R. L.,"ABAMECTINA 3,6%",II
40666,RIZOSPRAY PRO MANI,RIZOBACTER ARGENTINA S A,ESTERES METILICOS DE ACIDOS GRASOS DE ACEITE VEGETAL 48%,IV
40665,GLIFO AMONIO JLB,JLB Y ASOCIADOS S.A,"GLIFOSATO 39,1%",IV
40664,PARAQUAT I ZAMBA,COFCO INTERNATIONAL ARGENTINA S.A.,"PARAQUAT DICLORURO 27,6%",II
40663,BLOCONTROL,QUIMICA BLOEMENDAAL S. R. L.,MEZCLA DE ESTERES Y JABONES PROVENIENTES DE ACIDOS GRASOS DE ACEITES VEGETALES TRANSESTERIFICADOS CON GLICERINA. Contiene SUCROGLICERIDOS 80%,III
40662,PICLORAM FENDER I,PRO CROP S.A.,"PICLORAM 38,8%",III
40661,LAMBDA 25 ME,LANTHER QUIMICA S. A.,LAMBDA-CIALOTRINA 25%,II
40660,CIALOTRIN 25 ME,LABORATORIOS PEYTE S.A.,LAMBDA-CIALOTRINA 25%,II
40659,DEDALO DUO ELITE,SURCOS S.A.,"2,4 D 8%, GLIFOSATO 11%",III
40658,YAMATO TOP,SUMMIT AGRO ARGENTINA S A,PIROXASULFONE 48%,IV
40657,AGROXAM 25 WDG,NGC AGROSCIENCES ARGENTINA S.A.,TIAMETOXAM 25%,IV
40656,IMAZETAPIR 10.6 SL BRILLIANCE,XOMEZANA SA,"IMAZETAPIR 10,6%",IV
40655,TRICOMIL,FITOQUIMICA S.A.,"TRICHODERMA HARZIANUM 3,24%",IV
40654,BOVEL,BPANALITYCAL SOCIEDAD ANONIMA,"BEAUVERIA BASSIANA 8,2%",IV
40653,CRONOS XL,RIZOBACTER ARGENTINA S A,"FLUDIOXONIL 2,5%, METALAXIL -M 1%",IV
40652,GIBREL,AGRIMARKETING SA,ACIDO GIBERELICO 10%,IV
40651,ACADEMIX LV EC,CHEMOTECNICA S. A.,"2,4 D 89%",III
40650,TERBUTILAZINA SIP,SIPCAM ARGENTINA S.R.L.,TERBUTILAZINA 75%,III
40649,BIFENTRIN MAX MAD,FARM CHEMICALS ARGENTINA S.R.L,BIFENTRIN 25%,II
40647,TUKEN SC,ATANOR SOCIEDAD EN COMANDITA POR ACCIONES,DIFLUFENICAN 50%,IV
40646,ROZOX,CORTEVA AGRISCIENCE ARGENTINA SRL,"CIPROCONAZOLE 8%, PICOXISTROBIN 20%",III
40645,ABAMECTINA FENDER I,PRO CROP S.A.,"ABAMECTINA 1,8%",II
40644,"2,4D 30 ME DELTA AGRO",AGROINSUMOS B Y L S.A.,"2,4 D 30%",III
40643,RAK 2 DOBLE,BASF AGRICULTURAL SOLUTIONS ARGENTINA S.A.,"(E,Z)7,9-DODECADIENIL ACETATO + N-DODECIL ACETATO 56%",IV
40642,TEBUCO 43 NITRAP,NITRAP SOCIEDAD DE RESPONSABILIDAD LIMITADA,TEBUCONAZOLE 43%,III
40641,VERDICT MAX FUSION,CORTEVA AGRISCIENCE ARGENTINA SRL,"HALOXIFOP-P METIL 93,46%",II
40640,MIRAGE MAX,CORTEVA AGRISCIENCE ARGENTINA SRL,"HALOXIFOP-P METIL 93,46%",II
40639,SUPERA OIL,NOVA S. A. U.,"ESTERES METILICOS DE ACIDOS GRASOS DE ACEITE DE SOJA 76%, ESTERES METILICOS DE ACIDOS GRASOS DE ACEITE VEGETAL 76%",IV
40638,METSULFURON 60 FORMULAGRO,FORMULAGRO SOCIEDAD RESPONSABILIDAD LIMITADA,METSULFURON METIL 60%,IV
40637,FLUMIOXAZIN FORMULAGRO,FORMULAGRO SOCIEDAD RESPONSABILIDAD LIMITADA,FLUMIOXAZIN 48%,IV
40636,KIMIE,TECNOMYL S. A.,BENZOATO DE EMAMECTINA 25%,II
40635,MANFAL 80 FALCROP,FALCROP S. A.,MANCOZEB 80%,III
40634,VORATE SEMILLERO,UPL ARGENTINA S. A.,TIAMETOXAM 35%,IV
40633,CUPRODUL FLO,BASF AGRICULTURAL SOLUTIONS ARGENTINA S.A.,"OXIDO CUPROSO 92,2%",II
40632,BRUJO ELITE,SURCOS S.A.,"2,4 D 15%, PICLORAM 5%",II
40631,DIFCAN,RAINBOW AGROSCIENSES SA,DIFLUFENICAN 50%,III
40630,HALOXY 54 NGC,NGC AGROSCIENCES ARGENTINA S.A.,HALOXIFOP-P METIL 54%,II
40628,CHUMBO,INDUAGRO SRL,CLETODIM 24%,III
40627,DEFENSOR,PHILAGRO S.A,LUFENURON 5%,IV
40626,FANAVID FARM CHEMICALS,FARM CHEMICALS ARGENTINA S.R.L,OXICLORURO DE COBRE 84%,II
40625,"2,4 D 60 XIAN",SIGMA AGRO S.A,"2,4 D 60%",II
40624,S-METOLACLORO FENDER,PRO CROP S.A.,S-METOLACLORO 96%,III
40623,METOLACLORO FENDER,PRO CROP S.A.,METOLACLORO 96%,III
40622,KEEPER WET,PRO CROP S.A.,"ALCOHOL GRASO ETOXILADO 85,8%",IV
40621,DICAMBA XIAN,SIGMA AGRO S.A,"DICAMBA 57,8%",III
40620,VIRANTRA CON TECNOLOGIA PLINAZOLIN,SYNGENTA AGRO SOCIEDAD ANONIMA,ISOCYCLOSERAM 40%,IV
40619,METTOXAM 25,SIPCAM ARGENTINA S.R.L.,TIAMETOXAM 25%,IV
40618,GLUFOSINATO DE AMONIO EBC,ENRIQUE M BAYA CASAL S. A.,GLUFOSINATO DE AMONIO 20%,III
40617,FOMESAFEN XIAN,SIGMA AGRO S.A,"FOMESAFEN 26,25%",III
40616,MUTUO 24 EC,SPEEDAGRO S.R.L.,CLETODIM 24%,III
40615,CONTACT MAX WG ABL,AGRO-BIO LATAM S. A.,"GLIFOSATO 75,7%",IV
40614,"GLIFOSATO GRANULADO 68,8% EBC",ENRIQUE M BAYA CASAL S. A.,"GLIFOSATO 75,7%",IV
40611,STUNNER,CORTEVA AGRISCIENCE ARGENTINA SRL,"HALOXIFOP-P METIL 93,46%",II
40610,PILARMD,PILARQUIM ARGENTINA S. R. L.,LAMBDA-CIALOTRINA 25%,II
40609,"PQT 27,6 SIGMA AGRO",SIGMA AGRO S.A,"PARAQUAT DICLORURO 27,6%",III
40608,MIRAI ULV,S ANDO Y CIA SACIIF,METIL TIOFANATO 50%,III
40607,GLUFOLC 20,AGROREGISTROS PROFESIONALES S.R.L.,GLUFOSINATO DE AMONIO 20%,III
40606,PALA OLEO MSO MAX SILICONADO,PALAVERSICH Y CIA S AC,ESTERES METILICOS DE ACIDOS GRASOS DE ACEITE VEGETAL 70%,IV
40605,PALA ACTIVE TOTAL SILICONADO,PALAVERSICH Y CIA S AC,ALCOHOL GRASO ETOXILADO 48%,II
40604,NO BROT,BIOMEN TECHNOLOGY SA,ALCOHOLES GRASOS 75%,III
40603,PROTOP 50,ASOCIACION DE COOPERATIVAS ARGENTINAS - COOP. LTDA.,PROMETRINA 50%,III
40602,METOLACLORO XIAN,SIGMA AGRO S.A,METOLACLORO 96%,III
40601,CLETODIM XIAN,SIGMA AGRO S.A,CLETODIM 24%,III
40600,SEAFIRE,PHILAGRO S.A,FLUMIOXAZIN 48%,IV
40599,HIDROXINA,FALCROP S. A.,HIDROXIDO DE COBRE 77%,II
40598,BIFENTRIN FENDER I,PRO CROP S.A.,BIFENTRIN 10%,II
40597,GLIFOSATO RURALCO,RURALCO SOLUCIONES S.A.,"GLIFOSATO 66,2%",IV
40596,KORVETTO,CORTEVA AGRISCIENCE ARGENTINA SRL,"CLOPYRALID 12%, HALAUXIFEN METIL ,5%",III
40595,S-METOLACLORO ACTION,WECAN AGRO SA,S-METOLACLORO 96%,III
40594,TAURUS ELITE,SURCOS S.A.,S-METOLACLORO 45%,IV
40593,ECO GEN,AKTIV S.R.L.,ALCOHOL LAURICO ETOXILADO 40%,III
40592,25:25 FENDER MIX,PRO CROP S.A.,"CARBENDAZIM 25%, TIRAM 25%",III
40591,LAMBDA FENDER,PRO CROP S.A.,LAMBDA-CIALOTRINA 5%,II
40589,BIODROP XL,MOLISOLES S.A.,"ALCOHOL GRASO ETOXILADO 85,8%",IV
40588,TRICHODERMIL SC,KOPPERT ARGENTINA S. A.,"TRICHODERMA HARZIANUM 4,8%",IV
40587,COVER FENDER MIX,PRO CROP S.A.,"IMIDACLOPRID 23,3%, TEBUCONAZOLE 1,3%",III
40586,ATANOR FLUMIOXAZIN 48 SC,ATANOR SOCIEDAD EN COMANDITA POR ACCIONES,FLUMIOXAZIN 48%,IV
40585,GUERRER MYL,TECNOMYL S. A.,SULFENTRAZONE 50%,III
40584,HANNATSU,SUMMIT AGRO ARGENTINA S A,TIAMETOXAM 60%,III
40583,KEEPER CAPTUR,PRO CROP S.A.,"ALCOHOL GRASO ETOXILADO 12%, ALCOHOL LAURICO ETOXILADO 12%",III
40581,ECODROP CORRECTOR,MOLISOLES S.A.,ALCOHOL GRASO ETOXILADO 25%,IV
40580,TT TRENDING TOPIC PRO STICK,FARM CHEMICALS ARGENTINA S.R.L,CLOROTALONIL 72%,III
40579,ROLEST,UPL ARGENTINA S. A.,GLUFOSINATO DE AMONIO 28%,III
40578,NUGEN XP,GRUPO APC SA,ESTERES METILICOS DE ACIDOS GRASOS DE ACEITE VEGETAL 63%,IV
40577,LUMISURE SEMILLERO,CORTEVA AGRISCIENCE ARGENTINA SRL,CLOTIANIDIN 60%,III
40576,KOBBER,VICENTE TRAPANI S.A.,"OXIDO CUPROSO 84,4%",III
40575,CENTRELL,UPL ARGENTINA S. A.,GLUFOSINATO DE AMONIO 28%,III
40574,FIDEMAX METILADO,AGRICULTORES FEDERADOS ARGENTINOS SOC COOP LTDA,"ESTERES METILICOS DE ACIDOS GRASOS DE ACEITE DE SOJA 76,6%, ESTERES METILICOS DE ACIDOS GRASOS DE ACEITE VEGETAL 76,6%",IV
40573,CLOMAZONE 48 AGROFINA,AGROFINA S A,CLOMAZONE 48%,III
40572,TROGEN,UPL ARGENTINA S. A.,"METRIBUZIN 13,5%, S-METOLACLORO 40,5%",III
40571,NICOSULFURON 75 EBC,ENRIQUE M BAYA CASAL S. A.,NICOSULFURON 75%,III
40570,PEAKSTAR,RAINBOW AGROSCIENSES SA,"EPOXICONAZOLE 5%, PIRACLOSTROBIN 13,3%",II
40569,"2,4D 60 FENDER",PRO CROP S.A.,"2,4 D 60%",II
40568,LIGIER BLEND OIL,BAHNSA S.A.,"ESTERES METILICOS DE ACIDOS GRASOS DE ACEITE DE SOJA 37,8%, ESTERES METILICOS DE ACIDOS GRASOS DE ACEITE VEGETAL 37,8%",IV
40567,METILCOOP,NUPROAGRO S.A.,ESTERES METILICOS DE ACIDOS GRASOS DE ACEITE DE SOJA 80%,IV
40566,MECLUCH,RAINBOW AGROSCIENSES SA,METRIBUZIN 48%,III
40565,VOLIAM 20 SC,FMC QUIMICA S. A.,CLORANTRANILIPROLE 20%,IV
40564,AKO OPTIMUM,AKO S.R.L.,ALCOHOL LAURICO ETOXILADO 30%,IV
40563,PARTNER MAX,AKO S.R.L.,ALCOHOL LAURICO ETOXILADO 30%,IV
40562,ECO TWISTER PLUS,AKO S.R.L.,ALCOHOL LAURICO ETOXILADO 30%,IV
40561,PLENUS,CHEMOTECNICA S. A.,"PICLORAM 27,8%",IV
40560,GOLDLEAF,UPL ARGENTINA S. A.,"AZOXISTROBINA 3,75%, MANCOZEB 52,5%, PROTIOCONAZOLE 3,75%",III
40559,BRAITON,GLEBA S A,"CLODINAFOP PROPARGIL 24%, CLOQUINTOCET MEXIL 6%",III
40558,SUTERRA BIOLURE LB,AGRI CHECK SRL,"(E,Z)7,9-DODECADIENIL ACETATO ,3%",IV
40557,CHECKMATE VMB DISPENSER,AGRI CHECK SRL,"LAVANDULIL SENECIOATO 8,61%",IV
40556,CHECKMATE PUFFER LB,AGRI CHECK SRL,"(E,Z)7,9-DODECADIENIL ACETATO 9,11%",IV
40555,CHECKMATE CM FLOWABLE,AGRI CHECK SRL,"(E,E)8,10-DODECADIENOL 14,3%",IV
40554,BIOLURE UNIPAK,AGRI CHECK SRL,"1,4-DIAMINOBUTANO ,3%, ACETATO DE AMONIO 21,1%, CLORHIDRATO DE TRIMETILAMINA 9,1%",IV
40553,AZOXICIPRO FENDER MIX,PRO CROP S.A.,"AZOXISTROBINA 20%, CIPROCONAZOLE 8%",III
40552,TIAMETOXAM FENDER,PRO CROP S.A.,TIAMETOXAM 35%,IV
40551,VERTEX INTEGRAL,SYNGENTA AGRO SOCIEDAD ANONIMA,"DIFENOCONAZOLE 2,5%, FLUDIOXONIL 2,5%, SEDAXANE 5%, TIAMETOXAM 17,5%",III
40550,EXTALIOM INTEGRAL,SYNGENTA AGRO SOCIEDAD ANONIMA,"DIFENOCONAZOLE 2,5%, FLUDIOXONIL 2,5%, SEDAXANE 5%, TIAMETOXAM 17,5%",III
40549,ISONET-LTT,AGRO ROCA S A,"(E,Z)7,9-DODECADIENIL ACETATO 67,5%",IV
40548,MACRO PROTECT 96% S-METOLACLORO,LDC ARGENTINA S.A.,S-METOLACLORO 96%,III
40547,DICLOSULAM FORMULAGRO,FORMULAGRO SOCIEDAD RESPONSABILIDAD LIMITADA,DICLOSULAM 84%,IV
40546,TERBYNE MAX,SIPCAM ARGENTINA S.R.L.,"FLUMIOXAZIN 3,8%, TERBUTILAZINA 50%",II
40545,PINAR 5 ME,SURCOS S.A.,PICLORAM 5%,II
40544,FIGHTERXTRA,CORTEVA AGRISCIENCE ARGENTINA SRL,LAMBDA-CIALOTRINA 25%,III
40543,PARAQUAT JLI,LOPEZ IBARRA JORGE DANIEL,"PARAQUAT DICLORURO 27,6%",II
40541,AGROXAZIN 48 SC,INSUMOS AGROQUIMICOS SOCIEDAD ANONIMA,FLUMIOXAZIN 48%,IV
40540,SULFOSATO TOUCHDOWN S,TECNOMYL S. A.,GLIFOSATO 62%,IV
40539,GLUFOSINATO DE AMONIO XIAN,SIGMA AGRO S.A,GLUFOSINATO DE AMONIO 20%,III
40538,EXPERTO,SPEEDAGRO S.R.L.,NICOSULFURON 75%,III
40537,TRAYECTO,SPEEDAGRO S.R.L.,FOSETIL ALUMINIO 80%,III
40536,BROKER,FALCROP S. A.,FLUMIOXAZIN 48%,III
40535,LEONTRIN,CORTEVA AGRISCIENCE ARGENTINA SRL,BIFENTRIN 20%,IV
40534,EXTRA NAT,PALAVERSICH Y CIA S AC,HEPTAMETILTRISILOXANO 100%,III
40533,LUFENURON SIGMA,INSUMOS AGROQUIMICOS SOCIEDAD ANONIMA,LUFENURON 5%,IV
40532,INFLUENCER SC,FARM CHEMICALS ARGENTINA S.R.L,METOXIFENOCIDE 24%,IV
40531,SEVIN AR48,AGRO ROCA S A,CARBARIL 48%,II
40530,LIDEROL EXTREMO,AGROFACIL S A,"ESTERES METILICOS DE ACIDOS GRASOS DE ACEITE DE SOJA 76,6%",IV
40529,OX CUPROSO JLB,JLB Y ASOCIADOS S.A,"OXIDO CUPROSO 56,3%",II
40528,FICOR CORRECTOR PH,AGROPECUARIA LA CIMARRONA S.R.L.,ACIDO FOSFORICO 27%,III
40527,PARAQUAT XIAN,SIGMA AGRO S.A,"PARAQUAT DICLORURO 27,6%",III
40526,SUBVERT,AGRI CHECK SRL,"(E,Z)7,9-DODECADIENIL ACETATO 18,29%",IV
40525,SLASH MAX,RIZOBACTER ARGENTINA S A,"ESTERES METILICOS DE ACIDOS GRASOS DE ACEITE DE SOJA 75%, ESTERES METILICOS DE ACIDOS GRASOS DE ACEITE VEGETAL 75%",IV
40524,DOMO METILADO,AKTIV S.R.L.,"ESTERES METILICOS DE ACIDOS GRASOS DE ACEITE DE SOJA 72%, ESTERES METILICOS DE ACIDOS GRASOS DE ACEITE VEGETAL 72%",IV
40523,FLUMIOXAZIN 50 WP PROVENTIS,AGROREGISTROS PROFESIONALES S.R.L.,FLUMIOXAZIN 50%,III
40522,EXTENDER,QUMEX S.A.,ESTERES METILICOS DE ACIDOS GRASOS DE ACEITE VEGETAL 70%,III
40521,CUPROXINA,FALCROP S. A.,OXICLORURO DE COBRE 84%,II
40520,NUVOXL S,TECNOMYL S. A.,GLIFOSATO 62%,IV
40519,VECTOR 89 LV,LABORATORIOS PEYTE S.A.,"2,4 D 89%",III
40518,"2,4D 89 SURCROPS",SURCROPS SRL,"2,4 D 89%",III
40517,"2,4 D ETILHEXIL KEMSURE",AGROEMPRESA COLON S.A.,"2,4 D 89%",III
40516,IMIDA 60 DELTA AGRO,AGROINSUMOS B Y L S.A.,IMIDACLOPRID 60%,II
40515,CUPRECO,QUIBIOECO SOCIEDAD ANONIMA,"SULFATO DE COBRE PENTAHIDRATADO 43,8%",III
40514,SUPERA MAX,TROPFEN S. A.,ESTERES METILICOS DE ACIDOS GRASOS DE ACEITE VEGETAL 75%,IV
40513,MAGNET,AGRI CHECK SRL,"DELTAMETRINA ,03%",IV
40512,FANAVID VERTISOLES,VERTISOLES S.R.L,OXICLORURO DE COBRE 85%,II
40511,BIFENTRIN 25 CONTROLER,AGROFACIL S A,BIFENTRIN 25%,II
40509,FLUMIOXAZIN 48 SIGMA,SIGMA AGRO S.A,FLUMIOXAZIN 48%,III
40508,GRUMMAN,PHILAGRO S.A,"PICLORAM 27,8%",IV
40506,AZOXCY AGRO,INSUMOS AGROQUIMICOS SOCIEDAD ANONIMA,"AZOXISTROBINA 20%, CIPROCONAZOLE 8%",II
40505,YPF AGRO GLIFOSATO GRANULADO HA,YPF SOCIEDAD ANONIMA,"GLIFOSATO 74,7%",IV
40504,IMAZETAPIR FENDER,PRO CROP S.A.,"IMAZETAPIR 10,6%",III
40503,S-METOLACLORO SA,SIGMA AGRO S.A,S-METOLACLORO 96%,III
40501,FULL TEC OIL,FERTILIZANTES FULLTEC SRL,ESTERES METILICOS DE ACIDOS GRASOS DE ACEITE VEGETAL 73%,IV
40500,GLADIATOR 50,PHILAGRO S.A,SULFENTRAZONE 50%,III
40499,ADAMA COVERFULL ACE,SYNGENTA AGRO SOCIEDAD ANONIMA,"BENZOVINDIFLUPIR 4%, PROPICONAZOLE 25%",II
40498,SUNSET 48 SC,CHEMOTECNICA S. A.,METRIBUZIN 48%,II
40497,"2,4D CORE ME",PHILAGRO S.A,"2,4 D 30%",III
40496,POTENZA ULTRA PLUS WG,NUTRIEN AG SOLUTIONS ARGENTINA S. A.,"GLIFOSATO 74,7%",IV
40495,GLIFOSATO FULL II XIAN,SIGMA AGRO S.A,"GLIFOSATO 66,2%",IV
40494,"2,4D 89 LV FENDER",PRO CROP S.A.,"2,4 D 89%",III
40493,ATIK,DESAB SA,ACEITE DE SOJA 80%,III
40492,UNIPIK,UPL ARGENTINA S. A.,IMAZAPIC 70%,III
40491,ELISION,AGM ARGENTINA S. A.,"DICLOSULAM 5,5%, SULFENTRAZONE 42%",III
40490,ELEGANT POWER,SPEEDAGRO S.R.L.,"GLIFOSATO 66,2%",IV
40489,SUNSHINE SL,SYNGENTA AGRO SOCIEDAD ANONIMA,"IMAZAPIR 58,86%",III
40488,NORSHIELD,ARGENTI LEMON S A,"OXIDO CUPROSO 84,4%",III
40487,MORATA ACE CON TECNOLOGIA SOLATENOL,SYNGENTA AGRO SOCIEDAD ANONIMA,"BENZOVINDIFLUPIR 4%, PROPICONAZOLE 25%",II
40486,REDSHIELD 75,CITROMAX SOCIEDAD ANONIMA COMERCIAL E INDUSTRIAL,"OXIDO CUPROSO 84,4%",III
40485,S-METOLACLOR ARN EBC,ENRIQUE M BAYA CASAL S. A.,S-METOLACLORO 96%,III
40484,FLUMIOXAZIN FENDER,PRO CROP S.A.,FLUMIOXAZIN 48%,IV
40483,FOLIARMAX OIL METILADO,FOLIARMAX S.A.,"ESTERES METILICOS DE ACIDOS GRASOS DE ACEITE DE SOJA 76,6%",IV
40482,ACTIMIST FDL,AGROFRESH ARGENTINA S.R.L.,"FLUDIOXONIL 9,5%",IV
40481,OLASUL 75,REGISTROS AGROPECUARIOS SRL,SULFENTRAZONE 75%,III
40480,EMESTO SILVER,AGRO BAYER S. R. L.,"PENFLUFEN 10%, PROTIOCONAZOLE 1,8%",III
40479,ERBOC HIDRO,AGRO EMCODI S.A.,HIDROXIDO DE COBRE 77%,II
40478,NEOTRINA,NEOPHOS S.A.,"DELTAMETRINA 2,5%",II
40477,SILICON A,BIORDOÑEZ S.A.U.,"ESTERES METILICOS DE ACIDOS GRASOS DE ACEITE DE SOJA 76,6%",IV
40476,BIOLSOL OIL,JMLV SOCIEDAD POR ACCIONES SIMPLIFICADA,"ESTERES METILICOS DE ACIDOS GRASOS DE ACEITE DE SOJA 76,6%",IV
40475,LINEA AZUL,VIÑAS DEL LAGO SA,HIDROXIDO DE COBRE 77%,II
40474,ATANOR PROMETRINA 50 SC HH,ATANOR SOCIEDAD EN COMANDITA POR ACCIONES,PROMETRINA 50%,III
40473,"YPF AGRO 2,4-D ME II",YPF SOCIEDAD ANONIMA,"2,4 D 30%",II
40472,EFIMAX METRIBUZIN 48,AGRICULTORES FEDERADOS ARGENTINOS SOC COOP LTDA,METRIBUZIN 48%,III
40471,ADAMA TOMAHAWK SUPRA,ADAMA ARGENTINA SOCIEDAD ANONIMA,FLUROXIPIR MEPTIL 48%,IV
40470,STIMULATE FOLIAR,STOLLER ARGENTINA S. A. U.,"ACIDO GIBERELICO ,005%, ACIDO INDOL 3 BUTIRICO ,005%, KINETINA ,009%",III
40469,ESPUELA SC,ATANOR SOCIEDAD EN COMANDITA POR ACCIONES,FLUMIOXAZIN 48%,III
40468,METILADO SILICONADO EBC,ENRIQUE M BAYA CASAL S. A.,"ESTERES METILICOS DE ACIDOS GRASOS DE ACEITE DE SOJA 76,6%",IV
40466,S-METOLACLORO XIAN,SIGMA AGRO S.A,S-METOLACLORO 96%,III
40465,FOCUS MAX,SINER S A,"ABAMECTINA 8,4%",II
40464,PYRITECH,TECNOAGRO SRL,PIRIMETANIL 40%,III
40463,CLETODIM FENDER,PRO CROP S.A.,CLETODIM 24%,III
40462,PARAQUAT FENDER I,PRO CROP S.A.,"PARAQUAT DICLORURO 27,6%",II
40461,IMIDA 35 FENDER,PRO CROP S.A.,IMIDACLOPRID 35%,III
40460,SHUTDOWN,UPL ARGENTINA S. A.,SULFENTRAZONE 50%,III
40459,LEXION METIL OIL,PRO CROP S.A.,"ESTERES METILICOS DE ACIDOS GRASOS DE ACEITE DE SOJA 76,6%",IV
40458,KEEPER SILICON,PRO CROP S.A.,"ESTERES METILICOS DE ACIDOS GRASOS DE ACEITE DE SOJA 76,6%",IV
40457,KEEPER METIL,PRO CROP S.A.,"ESTERES METILICOS DE ACIDOS GRASOS DE ACEITE DE SOJA 76,6%",IV
40456,METILADO EBC,ENRIQUE M BAYA CASAL S. A.,"ESTERES METILICOS DE ACIDOS GRASOS DE ACEITE DE SOJA 76,6%",IV
40454,METRIBUZIN DELTA AGRO,AGROINSUMOS B Y L S.A.,METRIBUZIN 48%,II
40453,PRO D-60 AMINA,PROTEGRAN S A,"2,4 D 60%",II
40452,MSMA 79 ANCOM,GOLDAR DANIEL EDMUNDO,"M.S.M.A. 79,2%",II
40451,CLARTEX XTRA,RIZOBACTER ARGENTINA S A,"ACETAMIPRID 1,6%",IV
40450,"2,4-D EH 89",UNIFARMA SOCIEDAD ANONIMA S. A.,"2,4 D 89%",III
40449,PRO 89 EH,PROTEGRAN S A,"2,4 D 89%",III
40448,BIFENTRIN TOP 25 EC,INSUMOS AGROQUIMICOS SOCIEDAD ANONIMA,BIFENTRIN 25%,II
40447,STRIKE PLUS B,BROMETAN S. R. L.,"CLOROPICRINA 84,6%, DICLOROPROPENO (1,3-D) 54,9%",Ia
40446,FLUMIOXAZIN DELTA AGRO,AGROINSUMOS B Y L S.A.,FLUMIOXAZIN 48%,IV
40445,MESTIZO ULTRA,ATANOR SOCIEDAD EN COMANDITA POR ACCIONES,"2,4 D 17%, GLIFOSATO 32,2%",III
40444,CONCLUSION,FMC QUIMICA S. A.,"BIFENTRIN 3%, IMIDACLOPRID 10%",III
40441,STARTPRID,EL TOBIANO SA,ACETAMIPRID 20%,II
40440,NITRUR DOPPIO,CERGEN S R L,"CARBENDAZIM 10%, TIRAM 10%",III
40439,MAGNET MED,NASTIA S.R.L.,"DELTAMETRINA ,03%",IV
40438,ABSOLUT,LABORATORIOS PEYTE S.A.,"ESTERES METILICOS DE ACIDOS GRASOS DE ACEITE DE SOJA 25%, ESTERES METILICOS DE ACIDOS GRASOS DE ACEITE VEGETAL 25%",IV
40437,FLUMIOXAZIN EBC 48%,ENRIQUE M BAYA CASAL S. A.,FLUMIOXAZIN 48%,IV
40436,PROMETRINA DELTA AGRO,AGROINSUMOS B Y L S.A.,PROMETRINA 50%,III
40435,FUSSA +,GLEBA S A,MESOTRIONE 48%,III
40434,ADAMA CLOPIX,ADAMA ARGENTINA SOCIEDAD ANONIMA,"CLOPYRALID 47,5%",III
40433,LOMUSIT,BASF ARGENTINA S. A.,ESTERES METILICOS DE ACIDOS GRASOS DE ACEITE VEGETAL 75%,IV
40432,TACIT BVD,IPEGA S.A.,"2,4 D 66,9%",II
40431,"2,4 D CONTROLER EH",AGROFACIL S A,"2,4 D 89%",III
40430,RONFOS +,AGRI STAR S. A.,"LUFENURON 5%, PROFENOFOS 50%",II
40429,KUARTEL,NUTRIEN AG SOLUTIONS ARGENTINA S. A.,"DICAMBA 69,3%",IV
40428,APPOINT,CORTEVA AGRISCIENCE ARGENTINA SRL,"CLORIMURON ETIL 20%, SULFOMETURON METIL 15%",IV
40427,DIFLUFENICAN 50 INSUAGRO,INSUMOS AGROQUIMICOS SOCIEDAD ANONIMA,DIFLUFENICAN 50%,IV
40426,MULAN 48,AGROFINA S A,FLUMETSULAM 48%,IV
40425,LECOFURON 75 WG,CG AGRONEGOCIOS S.R.L.,NICOSULFURON 75%,III
40424,CARRIER,AGROADVANCE S.R.L.,ESTERES METILICOS DE ACIDOS GRASOS DE ACEITE DE SOJA 70%,IV
40423,GALGOIL 78,CHEMOTECNICA S. A.,ESTERES METILICOS DE ACIDOS GRASOS DE ACEITE VEGETAL 78%,IV
40422,ZAPICAN,NUTRIEN AG SOLUTIONS ARGENTINA S. A.,SULFENTRAZONE 50%,III
40420,METSULFURON EBC,ENRIQUE M BAYA CASAL S. A.,METSULFURON METIL 60%,III
40418,SUNGAIN,RAINBOW AGROSCIENSES SA,FLUMIOXAZIN 48%,III
40417,"2,4 D ME 30 SIGMA",SIGMA AGRO S.A,"2,4 D 30%",II
40416,SULFRE,AGM ARGENTINA S. A.,SULFENTRAZONE 50%,III
40415,HARNESS PLUS,AGRO BAYER S. R. L.,"ACETOCLOR 35,9%",IV
40414,RIPLENSA,GLEBA S A,"QUIZALOFOP-P ETIL 10,8%",III
40412,COPERNICO,ATANOR SOCIEDAD EN COMANDITA POR ACCIONES,DICLOSULAM 84%,IV
40411,VIBRANCE CRUISER MAXX,SYNGENTA AGRO SOCIEDAD ANONIMA,"FLUDIOXONIL 1,2%, METALAXIL -M 3,6%, SEDAXANE 1,2%, TIAMETOXAM 24%",III
40410,"PICLORAM 27,8% KEMSURE",AGROEMPRESA COLON S.A.,"PICLORAM 27,8%",IV
40409,CLETODIM NOVA EC,NOVA S. A. U.,CLETODIM 24%,III
40408,YPF AGRO CLETODIM HV,YPF SOCIEDAD ANONIMA,CLETODIM 24%,III
40407,METRIBUZIN SIGMA,SIGMA AGRO S.A,METRIBUZIN 48%,II
40406,YPF AGRO METSULFURON HF,YPF SOCIEDAD ANONIMA,METSULFURON METIL 60%,III
40405,ADVANCE BIO,FITOQUIMICA S.A.,"TRICHODERMA HARZIANUM 3,24%",IV
40404,DIFCAN XTRA,RAINBOW AGROSCIENSES SA,DIFLUFENICAN 50%,III
40402,BEMUS AXIT,HELM ARGENTINA S. R. L.,DICAMBA 20%,III
40401,TUCANO,PROQUIMUR SA,FLUMIOXAZIN 48%,III
40400,HERBIFEN EH F,ATANOR SOCIEDAD EN COMANDITA POR ACCIONES,"2,4 D 97%",II
40399,"2,4-D ETIL FLEXIL 97 DELTA AGRO",AGROINSUMOS B Y L S.A.,"2,4 D 97%",II
40398,ACETOCLOR SIGMA,SIGMA AGRO S.A,ACETOCLOR 90%,III
40397,EVERGOL ENERGY,AGRO BAYER S. R. L.,"METALAXIL 6,1%, PENFLUFEN 3,8%, PROTIOCONAZOLE 7,7%",III
40396,"PAMPA 2,4-D",PHILAGRO S.A,"2,4 D 30%",III
40395,DIURON NOVA,NOVA S. A. U.,DIURON 80%,III
40394,JASPEK G,ATANOR SOCIEDAD EN COMANDITA POR ACCIONES,"2,4 D 30%",II
40393,JASPEK F,ATANOR SOCIEDAD EN COMANDITA POR ACCIONES,"2,4 D 30%",II
40392,"2,4D MICROEMULSIÓN DELTA AGRO",AGROINSUMOS B Y L S.A.,"2,4 D 30%",II
40391,AKARI ME,ATANOR SOCIEDAD EN COMANDITA POR ACCIONES,"2,4 D 30%",II
40390,ROOK M.E.,NUTRIEN AG SOLUTIONS ARGENTINA S. A.,"2,4 D 30%",II
40389,RAPTOR 24 EC,PHILAGRO S.A,CLETODIM 24%,III
40388,RANGER FUSION,CORTEVA AGRISCIENCE ARGENTINA SRL,RIMSULFURON 25%,III
40387,TRIOMAX WP,AGRIA ARGENTINA S.A.,"CIMOXANIL 4%, MANCOZEB 12%, OXICLORURO DE COBRE 29%",II
40386,PIXXARO,CORTEVA AGRISCIENCE ARGENTINA SRL,"CLOQUINTOCET MEXIL 1,6%, FLUROXIPIR MEPTIL 36%, HALAUXIFEN METIL 1,7%",III
40385,KATANA 54 EC,GLEBA S A,HALOXIFOP-P METIL 54%,II
40384,AGROBAC 40 SC,NGC AGROSCIENCES ARGENTINA S.A.,BISPIRIBAC SODIO 40%,IV
40383,DICAMBA EFECTO,LARTIRIGOYEN Y CIA S A,"DICAMBA 57,8%",III
40382,BROSIS BVD,IPEGA S.A.,"DICAMBA 70,8%",IV
40381,YPF AGRO GLIFOSATO CONCENTRADO HR,YPF SOCIEDAD ANONIMA,"GLIFOSATO 66,2%",IV
40380,EFIMAX DELTA BPO,AGRICULTORES FEDERADOS ARGENTINOS SOC COOP LTDA,"DELTAMETRINA 2,5%",II
40379,TITANIUM 75 WDG,BORCHES Y CIA S A,CLORIMURON ETIL 75%,III
40378,CRESTIVO UNO,SYNGENTA AGRO SOCIEDAD ANONIMA,BICICLOPIRONA 20%,IV
40377,PARSICO,SYNGENTA AGRO SOCIEDAD ANONIMA,BICICLOPIRONA 20%,IV
40376,"2,4 D AMINA JLB",JLB Y ASOCIADOS S.A,"2,4 D 60%",II
40375,DICAMBA INSUAGRO SL,INSUMOS AGROQUIMICOS SOCIEDAD ANONIMA,"DICAMBA 57,8%",III
40374,"2,4D EH 89 DELTA AGRO",AGROINSUMOS B Y L S.A.,"2,4 D 89%",II
40373,LACLOR-S,SINER S A,S-METOLACLORO 96%,III
40371,CIBUS-H,ACAY AGRO SA,"FIPRONIL ,003%",IV
40370,DVA 070,AGM ARGENTINA S. A.,ESTERES METILICOS DE ACIDOS GRASOS DE ACEITE DE SOJA 70%,IV
40369,2.4-D EHE INSUAGRO,INSUMOS AGROQUIMICOS SOCIEDAD ANONIMA,"2,4 D 89%",III
40368,TROBIN,SINER S A,AZOXISTROBINA 25%,III
40367,ECOFOG 16,AGROFRESH ARGENTINA S.R.L.,PIRIMETANIL 16%,III
40366,POWER PLUS DMA,ATANOR SOCIEDAD EN COMANDITA POR ACCIONES,"GLIFOSATO 60,8%",IV
40365,ECO POTENT PLUS,AKO S.R.L.,ALCOHOL LAURICO ETOXILADO 30%,IV
40364,PICLORAM INSUAGRO,INSUMOS AGROQUIMICOS SOCIEDAD ANONIMA,"PICLORAM 27,8%",IV
40363,"2,4-D LV DELTA AGRO",AGROINSUMOS B Y L S.A.,"2,4 D 89%",III
40362,"BOLT 27,6",SIGMA AGRO S.A,"PARAQUAT DICLORURO 27,6%",III
40361,BIOULTIMATE PRO,NUPROAGRO S.A.,ESTERES METILICOS DE ACIDOS GRASOS DE ACEITE DE SOJA 80%,IV
40360,BIOULTIMATE MAGNA,NUPROAGRO S.A.,ESTERES METILICOS DE ACIDOS GRASOS DE ACEITE DE SOJA 80%,IV
40359,SCHOLAR FOG RTU,SYNGENTA AGRO SOCIEDAD ANONIMA,"FLUDIOXONIL 9,5%",IV
40358,PYREMPOST 40 SC,UPL ARGENTINA S. A.,PIRIMETANIL 40%,III
40357,MEZCAL,CHEMOTECNICA S. A.,FLUAZINAM 50%,IV
40356,METSULFURON HUAGRO,HUAGRO S A,METSULFURON METIL 60%,III
40355,BIGUARD,SINER S A,BIFENTRIN 10%,II
40354,CLETODIM 24 EC JLB,JLB Y ASOCIADOS S.A,CLETODIM 24%,III
40353,"PARAQUAT 27,6 SL JLB",JLB Y ASOCIADOS S.A,"PARAQUAT DICLORURO 27,6%",II
40352,PICLORAM SURCROPS,SURCROPS SRL,"PICLORAM 38,8%",III
40351,IMPACT,AGROADVANCE S.R.L.,ESTERES METILICOS DE ACIDOS GRASOS DE ACEITE DE SOJA 70%,IV
40350,LEKTOR,RAINBOW AGROSCIENSES SA,MESOTRIONE 48%,III
40349,GLUFOS 15 SL,SHARDA CROPCHEM LIMITED SUC.EMP.EXT.,GLUFOSINATO DE AMONIO 15%,III
40348,FLUOR,SINER S A,FLUROXIPIR MEPTIL 48%,III
40347,STORMER,AGROADVANCE S.R.L.,ESTERES METILICOS DE ACIDOS GRASOS DE ACEITE DE SOJA 70%,IV
40346,BURGAT,SYNGENTA AGRO SOCIEDAD ANONIMA,MESOTRIONE 48%,IV
40345,FLEXSTAR B,SYNGENTA AGRO SOCIEDAD ANONIMA,"FOMESAFEN 7,1%, GLIFOSATO 32,5%",IV
40344,KAIROS ELITE,SURCOS S.A.,SULFENTRAZONE 10%,III
40343,RAPID,INSUMOS AGROQUIMICOS SOCIEDAD ANONIMA,HALOXIFOP-P METIL 54%,II
40342,DART,SOUTH AGRO S. R. L.,"PICLORAM 27,8%",IV
40341,SULFEN UP 50,LABORATORIOS PEYTE S.A.,SULFENTRAZONE 50%,III
40340,MIFOS ULTRA,CHEMOTECNICA S. A.,"GLIFOSATO 66,2%",IV
40339,HANU,CORTEVA AGRISCIENCE ARGENTINA SRL,SULFENTRAZONE 50%,III
40338,EVERPREX,CORTEVA AGRISCIENCE ARGENTINA SRL,S-METOLACLORO 96%,III
40337,EXCELSO-S,AGM ARGENTINA S. A.,"LAMBDA-CIALOTRINA 10,6%, TIAMETOXAM 14,1%",II
40336,FIPROXAM,NOVA S. A. U.,"AZOXISTROBINA ,6%, FIPRONIL 15,2%, FLUDIOXONIL 1,04%, METALAXIL 2%, METIL TIOFANATO 10%, TIAMETOXAM 28%",II
40335,TRICLOR B,BROMETAN S. R. L.,CLOROPICRINA 100%,Ia
40334,TACTICO,CHEMICAL SUD S. A.,ESTERES METILICOS DE ACIDOS GRASOS DE ACEITE VEGETAL 62%,IV
40333,VIGIA UY,FALCROP S. A.,"ABAMECTINA 1,8%",III
40332,"FEROX 1,8 EC",ATANOR SOCIEDAD EN COMANDITA POR ACCIONES,"ABAMECTINA 1,8%",III
40330,EFFECTUX XTREME,3 LOMAS S.A.,"2,4 D 30%, CARFENTRAZONE ETIL 3%, DICAMBA 4,8%",III
40329,STRIKE B,BROMETAN S. R. L.,"CLOROPICRINA 41,48%, DICLOROPROPENO (1,3-D) 76,25%",Ia
40328,LAMPO,PROQUIMUR SA,"FIPRONIL ,003%",IV
40327,WINNOW,LABORATORIO QUIMECO S.R.L.,ESTERES METILICOS DE ACIDOS GRASOS DE ACEITE DE SOJA 82%,IV
40326,ATANOR SULFENTRAZONE 50 SC,ATANOR SOCIEDAD EN COMANDITA POR ACCIONES,SULFENTRAZONE 50%,III
40325,YPF AGRO S-METOLACLORO HT,YPF SOCIEDAD ANONIMA,S-METOLACLORO 96%,III
40324,DRYLINE,UPL ARGENTINA S. A.,GLUFOSINATO DE AMONIO 28%,III
40323,CROPMAX FOSFURO ALP,CROPMAX S.A,FOSFURO DE ALUMINIO 56%,Ia
40322,AVATAR L,AGM ARGENTINA S. A.,"AZOXISTROBINA 20%, CIPROCONAZOLE 8%",III
40321,S-METOLA 96,CAMPO CROP S.A.,S-METOLACLORO 96%,III
40320,S-METOLACLORO FENDER I,PRO CROP S.A.,S-METOLACLORO 96%,III
40319,TIAMETO + LAMBDA DELTA,AGROINSUMOS B Y L S.A.,"LAMBDA-CIALOTRINA 10,6%, TIAMETOXAM 14,1%",II
40318,TESLER,FARMCHEM SA,TIAMETOXAM 35%,IV
40317,FATALITY,ARANAMI S.A.,"PARAQUAT DICLORURO 27,6%",III
40316,SULFENTRAZONE 50 SIGMA,SIGMA AGRO S.A,SULFENTRAZONE 50%,III
40315,SULFENTRAZONE 50% EBC,ENRIQUE M BAYA CASAL S. A.,SULFENTRAZONE 50%,III
40314,CLETODIM CROP,CARGILL SOCIEDAD ANONIMA COMERCIAL E INDUSTRIAL,CLETODIM 24%,III
40311,ADAMA TAILWIND MAX,SYNGENTA AGRO SOCIEDAD ANONIMA,"METRIBUZIN 14,9%, S-METOLACLORO 62,8%",III
40310,DIURON 80 SC JLB,JLB Y ASOCIADOS S.A,DIURON 80%,III
40309,MANCOZEB 80 WP JLB,JLB Y ASOCIADOS S.A,MANCOZEB 80%,III
40308,YAPA,INDUAGRO SRL,BACILLUS SUBTILIS 5%,IV
40307,REMIGATE,CORTEVA AGRISCIENCE ARGENTINA SRL,"CLORIMURON ETIL 8%, FLUMIOXAZIN 30,7%, SULFOMETURON METIL 6%",IV
40306,"2,4-PRO-EH",PROTEGRAN S A,"2,4 D 89%",III
40305,"2,4-PRO-D",PROTEGRAN S A,"2,4 D 89%",III
40304,FIDEMAX LUFENURON 5,AGRICULTORES FEDERADOS ARGENTINOS SOC COOP LTDA,LUFENURON 5%,III
40303,COHVAL 40 WG,FALCROP S. A.,"HIDROXIDO DE COBRE 61,41%",II
40302,TOBQUAT,EL TOBIANO SA,"PARAQUAT DICLORURO 27,6%",II
40301,OLABARBECHO,REGISTROS AGROPECUARIOS SRL,CARFENTRAZONE ETIL 40%,III
40300,RAIDEN 89 EH,ARANAMI S.A.,"2,4 D 89%",III
40299,FOSMI SL,NEXUS AGRI S.A.,GLIFOSATO 62%,IV
40298,CHECKMATE OFM-FLOWABLE,AGRI CHECK SRL,"(Z)/(E)-8-DODECENIL ACETATO 23,6%",IV
40297,CHECKMATE OFM-XL DISPENSER,AGRI CHECK SRL,(Z)/(E)-8-DODECENIL ACETATO 20%,IV
40296,CHECKMATE CM-XL DISPENSER,AGRI CHECK SRL,"(E,E)8,10-DODECADIENOL 17,5%",IV
40295,SUTERRA SEPTA VMB,AGRI CHECK SRL,"LAVANDULIL SENECIOATO ,02%",IV
40294,SUTERRA BIOLURE CM PLUS,AGRI CHECK SRL,"(E,E)8,10-DODECADIENOL 3,1%",IV
40293,CHECKMATE PUFFER CM-OFM,AGRI CHECK SRL,"(E,E)8,10-DODECADIENOL 18,05%, (Z)/(E)-8-DODECENIL ACETATO 12,5%",IV
40292,CHECKMATE PUFFER CM,AGRI CHECK SRL,"(E,E)8,10-DODECADIENOL 18,05%",IV
40291,CHECKMATE PUFFER OFM,AGRI CHECK SRL,"(Z)/(E)-8-DODECENIL ACETATO 12,5%",IV
40290,SUTERRA BIOLURE OFM,AGRI CHECK SRL,"(Z)/(E)-8-DODECENIL ACETATO ,372%",IV
40289,SUTERRA BIOLURE CM,AGRI CHECK SRL,"(E,E)8,10-DODECADIENOL ,5242%",IV
40288,CLETODIM LANTHER 24,LANTHER QUIMICA S. A.,CLETODIM 24%,III
40287,MARS,NOVA S. A. U.,"BACILLUS THURINGIENSIS 7,5%",IV
40286,ADAMA EMINENT,ADAMA ARGENTINA SOCIEDAD ANONIMA,"BENZOATO DE EMAMECTINA 14,7%, NOVALURON 18,8%",II
40285,STANDAK,SINER S A,FIPRONIL 25%,II
40284,BIFENTRIN 10% EBC,ENRIQUE M BAYA CASAL S. A.,BIFENTRIN 10%,II
40283,IMIDACLOPRID 35% EBC,ENRIQUE M BAYA CASAL S. A.,IMIDACLOPRID 35%,II
40282,"EFIMAX 2,4D ME",AGRICULTORES FEDERADOS ARGENTINOS SOC COOP LTDA,"2,4 D 30%",II
40281,"2,4D CORE ME 30",LABORATORIOS PEYTE S.A.,"2,4 D 30%",II
40280,"2,4-D NOVA ME",NOVA S. A. U.,"2,4 D 30%",II
40279,FIFULL,AGROPECUARIA LA CIMARRONA S.R.L.,ACIDO FOSFORICO 27%,III
40278,WATER MAX,AGROPECUARIA LA CIMARRONA S.R.L.,ACIDO FOSFORICO 27%,III
40277,LA TOMA,VIÑAS DEL LAGO SA,"OXIDO CUPROSO 56,3%",II
40276,REKOVER AKTIV,AKTIV S.R.L.,ALCOHOL LAURICO ETOXILADO 40%,III
40275,PRODINSA AZOXI CYPRO,PRODINSA ARGENTINA S A,"AZOXISTROBINA 20%, CIPROCONAZOLE 8%",II
40274,CLETODIM FENDER I,PRO CROP S.A.,CLETODIM 24%,III
40273,POPTRYN,RAINBOW AGROSCIENSES SA,PROMETRINA 50%,III
40272,FITONIL,AGROCAC S.R.L.,CLOROTALONIL 72%,III
40271,MULTIPLICAR 25 PHILAGRO,PHILAGRO S.A,DIFENOCONAZOLE 25%,III
40270,VIRTUX ALB,ATANOR SOCIEDAD EN COMANDITA POR ACCIONES,HALOXIFOP-P METIL 54%,III
40269,IMI-MAX WDG,BORCHES Y CIA S A,IMIDACLOPRID 70%,II
40268,MARGEN PRO,ASOCIACION DE COOPERATIVAS ARGENTINAS - COOP. LTDA.,S-METOLACLORO 96%,III
40267,"GARANTE EXTRA 66,2",FALCROP S. A.,"GLIFOSATO 66,2%",IV
40266,S-METOLACLORO 96% EBC,ENRIQUE M BAYA CASAL S. A.,S-METOLACLORO 96%,III
40265,LASH 43,ROTAM DE ARGENTINA AGROQUIMICA SRL,METOMIL 43%,II
40264,CELPHOS MAX,GLEBA S A,FOSFURO DE ALUMINIO 57%,Ia
40263,SUMYZIN,SUMITOMO CHEMICAL ARGENTINA S.A.,FLUMIOXAZIN 50%,III
40262,NOZOMI SC,SUMITOMO CHEMICAL ARGENTINA S.A.,FLUMIOXAZIN 50%,III
40261,PROCLAIM FIT UV,SYNGENTA AGRO SOCIEDAD ANONIMA,"BENZOATO DE EMAMECTINA 5%, LUFENURON 40%",II
40259,PROPERO,FALCROP S. A.,"PROPAMOCARB CLORHIDRATO 72,2%",IV
40257,SUNSET,CHEMOTECNICA S. A.,METRIBUZIN 70%,II
40256,CYMOBUL,AGRIA ARGENTINA S.A.,"CIMOXANIL 6%, MANCOZEB 70%",III
40255,LANFOR PRO ALB,ATANOR SOCIEDAD EN COMANDITA POR ACCIONES,"AZOXISTROBINA 20%, CIPROCONAZOLE 8%",IV
40254,S-CLOR,SINER S A,S-METOLACLORO 96%,III
40252,AZOXISTROBINA 20% + CIPROCONAZOLE 8% EBC,ENRIQUE M BAYA CASAL S. A.,"AZOXISTROBINA 20%, CIPROCONAZOLE 20%",IV
40251,BIFENTRIN ANGIRU,AGRICULTORES FEDERADOS ARGENTINOS SOC COOP LTDA,BIFENTRIN 10%,II
40250,REVENGE ME,INSUMOS AGROQUIMICOS SOCIEDAD ANONIMA,"2,4 D 30%, DICAMBA 4,8%",III
40249,GLIFO POWER DELTA,AGROINSUMOS B Y L S.A.,"GLIFOSATO 66,2%",IV
40248,STOP,FALCROP S. A.,DIMETOATO 40%,II
40247,ACEFATO 75 SP FALCROP,FALCROP S. A.,ACEFATO 75%,II
40246,EXCELL,SERV - QUIM S.A.,"ESTERES METILICOS DE ACIDOS GRASOS DE ACEITE DE SOJA 76,6%",IV
40245,FLOWZIN 48%,LABORATORIOS PEYTE S.A.,FLUMIOXAZIN 48%,IV
40244,FOMESAFEN 25% EBC,ENRIQUE M BAYA CASAL S. A.,"FOMESAFEN 26,25%",III
40243,AGROXAZIN,INSUMOS AGROQUIMICOS SOCIEDAD ANONIMA,FLUMIOXAZIN 48%,III
40242,BIOTEN,NOVA S. A. U.,ALCOHOL GRASO ETOXILADO 2%,IV
40241,ENDAB TOUCH,COMPAÑIA DAB S.R.L.,"ESTERES METILICOS DE ACIDOS GRASOS DE ACEITE DE SOJA 76,6%",IV
40240,YPF SULFENTRAZONE HD,CAMPO CROP S.A.,SULFENTRAZONE 50%,IV
40239,ERRADIK 50 CE,PROCHEM BIO SA.,SULFENTRAZONE 50%,IV
40238,PARAQUAT FENDER,PRO CROP S.A.,"PARAQUAT DICLORURO 27,6%",III
40237,CLETODIM INZIRA,RINDES Y CULTIVOS DAS S.A. - FEDEA S.A. - SUMIDAS JV S.A.- DASER AGRO S.A. - AMBITO DAS S.A. - TERRAMAR JV S.A. - DESAB S.A. U. T. E.,CLETODIM 24%,III
40234,FOLIARMAX AD-PREMIUM,FOLIARMAX S.A.,"ALCOHOL GRASO ETOXILADO 85,8%",IV
40232,IMACIDE 75 SP,AGRO LAJITAS S.A.,IMAZALIL 100%,II
40231,"PQT 27,6 SL SIGMA",SIGMA AGRO S.A,"PARAQUAT DICLORURO 27,6%",III
40229,GALGOQUAT,CHEMOTECNICA S. A.,"PARAQUAT DICLORURO 27,6%",II
40228,F1 PODLESCH,PODLESCH SOCIEDAD ANONIMA,ACEITE MINERAL 84%,III
40227,NICOSULFURON 75 KEMSURE,AGROEMPRESA COLON S.A.,NICOSULFURON 75%,III
40226,ENELAN,SYNGENTA AGRO SOCIEDAD ANONIMA,SULFENTRAZONE 50%,III
40225,CUASAR OMEGA,WOHR QUIMICA SOCIEDAD DE RESPONSABILIDAD LIMITADA,ESTERES METILICOS DE ACIDOS GRASOS DE ACEITE DE SOJA 70%,IV
40224,AUSTAK AXIT,HELM ARGENTINA S. R. L.,"2,4 D 30%",III
40223,LEXONE 48 FARM CHEMICALS,FARM CHEMICALS ARGENTINA S.R.L,METRIBUZIN 48%,II
40222,FLUMIOXAZIN 48 LANTHER,LANTHER QUIMICA S. A.,FLUMIOXAZIN 48%,IV
40221,VERTEX GOLD,SYNGENTA AGRO SOCIEDAD ANONIMA,"DIFENOCONAZOLE 2,5%, FLUDIOXONIL 2,5%, SEDAXANE 5%",III
40220,EXTALIOM GOLD,SYNGENTA AGRO SOCIEDAD ANONIMA,"DIFENOCONAZOLE 2,5%, FLUDIOXONIL 2,5%, SEDAXANE 5%",III
40219,CARESS MAXX RFC,SYNGENTA AGRO SOCIEDAD ANONIMA,"FLUDIOXONIL 2,5%, METALAXIL -M 3,75%",IV
40218,TRAPEZ MAXX RFC,SYNGENTA AGRO SOCIEDAD ANONIMA,"FLUDIOXONIL 2,5%, METALAXIL -M 3,75%",IV
40217,CUASAR ALCYON,WOHR QUIMICA SOCIEDAD DE RESPONSABILIDAD LIMITADA,ESTERES METILICOS DE ACIDOS GRASOS DE ACEITE DE SOJA 70%,IV
40216,CUASAR SIMA,WOHR QUIMICA SOCIEDAD DE RESPONSABILIDAD LIMITADA,ESTERES METILICOS DE ACIDOS GRASOS DE ACEITE DE SOJA 70%,IV
40215,JUMBO ATP,RIZOBACTER ARGENTINA S A,"ESTERES METILICOS DE ACIDOS GRASOS DE ACEITE DE SOJA 75%, ESTERES METILICOS DE ACIDOS GRASOS DE ACEITE VEGETAL 75%",IV
40214,ADVENTURE,RIZOBACTER ARGENTINA S A,"ESTERES METILICOS DE ACIDOS GRASOS DE ACEITE DE SOJA 75%, ESTERES METILICOS DE ACIDOS GRASOS DE ACEITE VEGETAL 75%",IV
40213,SULFENTRAZONE I ZAMBA,COFCO INTERNATIONAL ARGENTINA S.A.,SULFENTRAZONE 50%,IV
40212,YPF AGRO GLIFOSATO CONCENTRADO HB,YPF SOCIEDAD ANONIMA,"GLIFOSATO 66,2%",IV
40211,COPPER,SINER S A,OXICLORURO DE COBRE 84%,III
40210,S-METOLACLORO I ZAMBA,COFCO INTERNATIONAL ARGENTINA S.A.,S-METOLACLORO 96%,III
40209,SILVER FUSION,CORTEVA AGRISCIENCE ARGENTINA SRL,"LAMBDA-CIALOTRINA 15%, SULFOXAFLOR 10%",II
40208,FLUMIOXAZIN FALCROP,FALCROP S. A.,FLUMIOXAZIN 48%,IV
40207,"CUATE 27,6",LABORATORIOS PEYTE S.A.,"PARAQUAT DICLORURO 27,6%",III
40206,JASPEK ME,ATANOR SOCIEDAD EN COMANDITA POR ACCIONES,"2,4 D 30%",II
40205,MIXHOR-TAL USO AGRICOLA,RAUL OSCAR AGUERRE E HIJOS S A,"IMIDACLOPRID ,05%",IV
40204,SOMICS FORCE,GRUPO OMICS S.A.,"ESTERES METILICOS DE ACIDOS GRASOS DE ACEITE DE SOJA 76,6%",IV
40203,SIFEROL,CHEMOTECNICA S. A.,"FIPRONIL ,003%",III
40202,CAMPO CAMBA,PROCHEM BIO SA.,"DICAMBA 57,8%",III
40201,EFECTOS CSC,GURAIIB EDUARDO JESUS,EDTA TETRASODICO 25%,IV
40200,STOPPER,QUIMADH SOCIEDAD DE RESPONSABILIDAD LIMITADA,ESTERES PROPILICOS DE ACIDO GRASO DE ACEITE DE PALMISTE (LAURATO DE PROPILENGLICOL) 48%,IV
40199,COVER PLUS,WOHR QUIMICA SOCIEDAD DE RESPONSABILIDAD LIMITADA,ESTERES METILICOS DE ACIDOS GRASOS DE ACEITE DE SOJA 70%,IV
40198,VITRA 40 WG,NUTRIEN AG SOLUTIONS ARGENTINA S. A.,"HIDROXIDO DE COBRE 61,41%",II
40197,FIDEMAX SILICONA,AGRICULTORES FEDERADOS ARGENTINOS SOC COOP LTDA,HEPTAMETILTRISILOXANO 82%,III
40194,S-METOLACLOR 96 SINO-AGRI,SAL ARGENTINA S.R.L.,S-METOLACLORO 96%,III
40193,FLASH WIN,SPEEDAGRO S.R.L.,S-METOLACLORO 96%,II
40192,SHENNCO MAX,RURALCO SOLUCIONES S.A.,"2,4 D 30%",II
40191,UPHOLD FUSION,CORTEVA AGRISCIENCE ARGENTINA SRL,"METOXIFENOCIDE 30%, SPINETORAM 6%",IV
40190,AVTAR,3 LOMAS S.A.,MANCOZEB 75%,III
40189,LOCKER OLEO DE PULVERIZACION,QUIMADH SOCIEDAD DE RESPONSABILIDAD LIMITADA,ESTERES PROPILICOS DE ACIDO GRASO DE ACEITE DE PALMISTE (LAURATO DE PROPILENGLICOL) 48%,IV
40188,ACARIOUT,QUIMADH SOCIEDAD DE RESPONSABILIDAD LIMITADA,ESTERES PROPILICOS DE ACIDO GRASO DE ACEITE DE PALMISTE (LAURATO DE PROPILENGLICOL) 48%,IV
40187,PACRITE PROPI 25,GLEBA S A,PROPICONAZOLE 25%,III
40186,FIDEMAX SULFENTRAZONE,AGRICULTORES FEDERADOS ARGENTINOS SOC COOP LTDA,SULFENTRAZONE 50%,III
40185,TIMOREX PRO B,BROMETAN S. R. L.,"ACEITE DE ARBOL DE TE 22,3%",III
40184,FIDEMAX SULFENTRAZONE 50 SC,AGRICULTORES FEDERADOS ARGENTINOS SOC COOP LTDA,SULFENTRAZONE 50%,III
40183,RANCONA TRIO,UPL ARGENTINA S. A.,"CARBOXIN 12,4%, IPCONAZOLE ,45%, METALAXIL 1,2%",IV
40182,FOMESAFEN SIGMA,SIGMA AGRO S.A,"FOMESAFEN 26,25%",III
40181,"ADARVE 2,4D 89% LV",HIDRUM TECNOLOGIA QUIMICA SRL,"2,4 D 89%",III
40180,RESOLUTOR 24,ASOCIACION DE COOPERATIVAS ARGENTINAS - COOP. LTDA.,CLETODIM 24%,III
40179,DEFENDER FUSION,CORTEVA AGRISCIENCE ARGENTINA SRL,"CLORIMURON ETIL 20%, SULFOMETURON METIL 15%",IV
40178,ELEVATE FUSION,CORTEVA AGRISCIENCE ARGENTINA SRL,FLUMETSULAM 12%,III
40177,DIURAX,SINER S A,DIURON 80%,III
40176,PRODINOLEO MAXIMO,PRODINSA ARGENTINA S A,"ESTERES METILICOS DE ACIDOS GRASOS DE ACEITE DE SOJA 82%, ESTERES METILICOS DE ACIDOS GRASOS DE ACEITE VEGETAL 82%",IV
40175,ANTIDERIVA NOVA,NOVA S. A. U.,ALCOHOL GRASO ETOXILADO 2%,IV
40174,RAMEX ELITE,SUMMIT AGRO ARGENTINA S A,"2,4 D 30%",III
40173,NIPSIT FS SEMILLERO,SUMITOMO CHEMICAL ARGENTINA S.A.,CLOTIANIDIN 60%,III
40172,METALAXIL SP,LABORATORIO SAN PABLO PRODUCTOS BIOLOGICOS S.R.L.,METALAXIL 35%,II
40171,PROMETEO ELITE,SURCOS S.A.,"PROMETRINA 18,5%",II
40170,S-METOLACLOR DELTA AGRO,AGROINSUMOS B Y L S.A.,S-METOLACLORO 96%,III
40169,LEYCOHEXIL 2.4-D,CG AGRONEGOCIOS S.R.L.,"2,4 D 89%",III
40168,A35T GOLD,ALLTEC S A,"ALCOHOL GRASO ETOXILADO 35%, ALCOHOL LINEAL ETOXILADO 35%",IV
40167,GRANADERO FACYT,FACYT I + D SA,HALOXIFOP-P METIL 54%,III
40166,FOMESAFEN 25 SL PLS CL A,AGROREGISTROS PROFESIONALES S.R.L.,FOMESAFEN 25%,III
40165,CLETHODIM 24 EC PLS CL A,AGROREGISTROS PROFESIONALES S.R.L.,CLETODIM 24%,III
40164,MESOMYL,TECNOMYL S. A.,MESOTRIONE 48%,III
40163,AZOXI CYPRO LANTHER,LANTHER QUIMICA S. A.,"AZOXISTROBINA 20%, CIPROCONAZOLE 8%",III
40162,LIBERTADOR 50 SC,REGISTROS AGROPECUARIOS SRL,SULFENTRAZONE 50%,III
40161,CLETODIM 24 EC SIGMA,SIGMA AGRO S.A,CLETODIM 24%,III
40160,PENBOTEC CITRUS PH,PRO AGRO SRL,PIRIMETANIL 40%,III
40159,FORWARD,AGROADVANCE S.R.L.,ESTERES METILICOS DE ACIDOS GRASOS DE ACEITE DE SOJA 70%,IV
40158,CITROPYR 40 SC,AGRO LAJITAS S.A.,PIRIMETANIL 40%,III
40156,"2,4D EXCEL 89",ASOCIACION DE COOPERATIVAS ARGENTINAS - COOP. LTDA.,"2,4 D 89%",III
40155,ENDAB,COMPAÑIA DAB S.R.L.,"ESTERES METILICOS DE ACIDOS GRASOS DE ACEITE DE SOJA 76,6%",IV
40154,BIOLEC,PROCESADORA VOLGA S.A.,LECITINA DE SOJA 30%,IV
40153,NUPROFIX,NUPROAGRO S.A.,ESTERES METILICOS DE ACIDOS GRASOS DE ACEITE DE SOJA 80%,IV
40152,PROSIL,PROTEGRAN S A,"ESTERES METILICOS DE ACIDOS GRASOS DE ACEITE DE SOJA 76,6%",IV
40151,FLUMY SC,SUMITOMO CHEMICAL ARGENTINA S.A.,FLUMIOXAZIN 50%,III
40150,DURANGO,RINDES Y CULTIVOS DAS S.A. - FEDEA S.A. - SUMIDAS JV S.A.- DASER AGRO S.A. - AMBITO DAS S.A. - TERRAMAR JV S.A. - DESAB S.A. U. T. E.,"GLIFOSATO 60,8%",IV
40149,"2,4-D FLEX MACROPROTECT",LDC ARGENTINA S.A.,"2,4 D 30%",II
40148,FENASUN,GLEBA S A,CLORFENAPIR 24%,III
40147,FLUMINENS,ASOCIACION DE COOPERATIVAS ARGENTINAS - COOP. LTDA.,FLUMIOXAZIN 48%,IV
40146,FLUMMAX,SIPCAM ARGENTINA S.R.L.,FLUMIOXAZIN 48%,IV
40144,S-METOLACLOR CAMPO,PROCHEM BIO SA.,S-METOLACLORO 96%,III
40143,STABLE MAX,ENDROP S.R.L.,ALCOHOL GRASO ETOXILADO 25%,IV
40142,ZAMURAY 10,GLEBA S A,BIFENTRIN 10%,II
40141,"2,4 D LV 89 SIGMA",SIGMA AGRO S.A,"2,4 D 89%",III
40138,FANTOM FUSION,CORTEVA AGRISCIENCE ARGENTINA SRL,FLUROXIPIR MEPTIL 48%,IV
40137,PROMETRINA INSUAGRO,INSUMOS AGROQUIMICOS SOCIEDAD ANONIMA,PROMETRINA 50%,III
40136,DUAL TC,GRUPO BIOFERTIL SRL,"CARBENDAZIM 25%, TIRAM 25%",III
40135,FOMESAMAX,SIPCAM ARGENTINA S.R.L.,"FOMESAFEN 26,25%",III
40134,"2,4D + DICAMBA ME",3 LOMAS S.A.,"2,4 D 30%, DICAMBA 4,8%",III
40133,PREDECESSOR,AGM ARGENTINA S. A.,"DICLOSULAM 6,5%, FLUMIOXAZIN 14,5%, IMAZETAPIR 20%",III
40132,MATRA ZAMBA,COFCO INTERNATIONAL ARGENTINA S.A.,"2,4 D 89%",III
40131,DAGGER 60 WG,PHILAGRO S.A,METSULFURON METIL 60%,III
40130,ROTAWEED,ROTAM DE ARGENTINA AGROQUIMICA SRL,GLUFOSINATO DE AMONIO 20%,III
40129,SUPERA SILICONADO,TROPFEN S. A.,HEPTAMETILTRISILOXANO 82%,III
40128,PRESERVE FUSION,CORTEVA AGRISCIENCE ARGENTINA SRL,SPINETORAM 12%,IV
40127,FESTIO CON TECNOLOGIA ADEPYDIN,SYNGENTA AGRO SOCIEDAD ANONIMA,PIDIFLUMETOFEN 20%,III
40126,NOCAUT ALB,ATANOR SOCIEDAD EN COMANDITA POR ACCIONES,IMIDACLOPRID 35%,III
40125,MEGACIDE 30 SC,AFRICHEM S.A.,PIRIMETANIL 30%,III
40124,SPOCK,BROMETAN S. R. L.,PIRIPROXIFEN 10%,III
40123,LOBUNO,CHEMOTECNICA S. A.,GLUFOSINATO DE AMONIO 20%,IV
40122,GALGOQUAT SL,CHEMOTECNICA S. A.,"PARAQUAT DICLORURO 27,6%",III
40121,OLASOJA,REGISTROS AGROPECUARIOS SRL,FLUMIOXAZIN 48%,IV
40120,PROTECTOR 40 SC,AFRICHEM S.A.,PIRIMETANIL 40%,III
40119,CITROSOL 50 EC,AGRO LAJITAS S.A.,IMAZALIL 50%,II
40118,EMPIRIC FUSION,CORTEVA AGRISCIENCE ARGENTINA SRL,"2,4 D 66,9%",II
40117,WEEDAR XIL,SUMITOMO CHEMICAL ARGENTINA S.A.,"2,4 D 89%",III
40116,ODISEI SM,ATANOR SOCIEDAD EN COMANDITA POR ACCIONES,"METSULFURON METIL 12%, SULFOMETURON METIL 60%",III
40115,PREDATOR 75 WG,PHILAGRO S.A,CLORIMURON ETIL 75%,III
40114,TRION,GRUPO APC SA,ESTERES METILICOS DE ACIDOS GRASOS DE ACEITE VEGETAL 80%,IV
40113,ATANOR GLUFOSINATO DE AMONIO 20 SL,ATANOR SOCIEDAD EN COMANDITA POR ACCIONES,GLUFOSINATO DE AMONIO 20%,III
40112,DICAMAX NEO,ASOCIACION DE COOPERATIVAS ARGENTINAS - COOP. LTDA.,DICAMBA 20%,IV
40111,CANZONE,RAINBOW AGROSCIENSES SA,CARFENTRAZONE ETIL 40%,III
40110,ESFINGE,ASOCIACION DE COOPERATIVAS ARGENTINAS - COOP. LTDA.,BIFENTRIN 20%,IV
40108,DORAM 80 SG,RAINBOW AGROSCIENSES SA,"2,4 D 72%, PICLORAM 18%",III
40107,CANZONE XTRA,RAINBOW AGROSCIENSES SA,CARFENTRAZONE ETIL 40%,III
40105,"2,4D LV TOBIANO",EL TOBIANO SA,"2,4 D 89%",III
40104,"2,4 D ACTION JLB",JLB Y ASOCIADOS S.A,"2,4 D 89%",III
40103,DE CAMPO BV,CAMPO CROP S.A.,"2,4 D 89%",II
40102,ASCARISCER KILL,COMPAÑIA ASCARISCER S.A.,"DELTAMETRINA ,5%",III
40101,CAMBIUM,ASOCIACION DE COOPERATIVAS ARGENTINAS - COOP. LTDA.,DIFLUFENICAN 50%,III
40100,NORBIZA EXTRA,SYNGENTA AGRO SOCIEDAD ANONIMA,"DIFENOCONAZOLE 2,5%, FLUDIOXONIL 2,5%",III
40099,ESPADA,RAINBOW AGROSCIENSES SA,"AZOXISTROBINA 60%, CIPROCONAZOLE 24%",III
40098,CUPROCHEM-S,SIPSACHEM SA,"OXIDO CUPROSO 56,3%",II
40097,PULSAR GOLD T,TECNOMYL S. A.,LAMBDA-CIALOTRINA 25%,IV
40096,BREAKER MAX,RIZOBACTER ARGENTINA S A,"ESTERES METILICOS DE ACIDOS GRASOS DE ACEITE DE SOJA 75%, ESTERES METILICOS DE ACIDOS GRASOS DE ACEITE VEGETAL 75%",IV
40095,ZORVEC ENCANTIA,CORTEVA AGRISCIENCE ARGENTINA SRL,"FAMOXADONA 30%, OXATIAPIPROLIN 3%",III
40094,VAPAM,AGRI STAR S. A.,METAN SODIO 51%,II
40093,PENTA STAIN + INSECTIVIDA SATINADO,QUIMICA DEL NORTE S A,"CIPERMETRINA ,2%, T.C.M.T.B. ,4%",IV
40092,PENTA STAIN + INSECTICIDA brillante,QUIMICA DEL NORTE S A,"CIPERMETRINA ,2%",IV
40091,DICAMBA SIP,SIPCAM ARGENTINA S.R.L.,DICAMBA 20%,III
40090,GENESIS TOP,GENBRA ARGENTINA S.A.,"AZOXISTROBINA 20%, DIFENOCONAZOLE 12,5%",III
40089,ACTISEAL PYR,AGROFRESH ARGENTINA S.R.L.,PIRIMETANIL 40%,III
40088,ECTRAN PLUS,AGROFINA S A,"BISPIRIBAC SODIO 4%, QUINCLORAC 37,5%",III
40087,DEGSER OLIO METIL,LABORATORIOS DEGSER SOCIEDAD DE RESPONSABILIDAD LIMITADA,"ESTERES METILICOS DE ACIDOS GRASOS DE ACEITE DE SOJA 76,6%",IV
40086,BAROVA GOLD,SYNGENTA AGRO SOCIEDAD ANONIMA,"DIFENOCONAZOLE 2,5%, FLUDIOXONIL 2,5%, SEDAXANE 5%",III
40084,ROCKOT SEED,RAINBOW AGROSCIENSES SA,TIAMETOXAM 60%,III
40082,ACENTO INDUXOR,SURCOS S.A.,"AZOXISTROBINA 7,5%, TEBUCONAZOLE 4,5%",II
40081,ORIS 70 WDG,UPL ARGENTINA S. A.,AMICARBAZONE 70%,III
40080,HORUS MX,GRUPO BIOFERTIL SRL,METALAXIL 35%,II
40078,NORTHSTAR,RAINBOW AGROSCIENSES SA,"CIPROCONAZOLE 16%, TRIFLOXISTROBIN 37,5%",IV
40077,NANO GREEN,INSUMOS AGROQUIMICOS SOCIEDAD ANONIMA,"2,4 D 30%",II
40076,SIZE UP,AGRIMARKETING SA,"SULFATO DE COBRE PENTAHIDRATADO 25,6%",III
40075,STREAMING,NOVA S. A. U.,"FLUMETSULAM 12%, FLUROXIPIR MEPTIL 21,6%",IV
40074,OILOCK MSO,NUTRIEN AG SOLUTIONS ARGENTINA S. A.,ESTERES METILICOS DE ACIDOS GRASOS DE ACEITE VEGETAL 53%,IV
40073,CRUX,CHEMOTECNICA S. A.,"AZOXISTROBINA 20%, CIPROCONAZOLE 8%",IV
40072,HACKER AA,TECNOMYL S. A.,"LAMBDA-CIALOTRINA 10,6%, TIAMETOXAM 14,1%",III
40071,HACKER BB,TECNOMYL S. A.,"LAMBDA-CIALOTRINA 10,6%, TIAMETOXAM 14,1%",III
40070,NEMATHORIN AR EC 15%,ISK ARGENTINA BRANCH,FOSTIAZATE 15%,II
40069,HARRIER ME,REOPEN S A,DICAMBA 20%,III
40068,FLOSIL 50,AGROFINA S A,"FOMESAFEN 52,22%",II
40067,PRO-ADJUVANT SLC,PROTEGRAN S A,"ESTERES METILICOS DE ACIDOS GRASOS DE ACEITE DE SOJA 76,6%",IV
40066,CIBUS-BB,ACAY AGRO SA,"FIPRONIL ,2%",IV
40065,AZOXI + CIPRO DELTA AGRO,AGROINSUMOS B Y L S.A.,"AZOXISTROBINA 20%, CIPROCONAZOLE 8%",II
40064,TALANTE PLUS,ROTAM DE ARGENTINA AGROQUIMICA SRL,"BIFENTRIN 16,6%, TIAMETOXAM 23,4%",II
40063,ECODROP,GRUPO BIOFERTIL SRL,"ESTERES METILICOS DE ACIDOS GRASOS DE ACEITE DE SOJA 76,6%",IV
40062,WECAN ACTION,WECAN AGRO SA,"2,4 D 89%",III
40061,QUINCY,NOVA S. A. U.,"FLUMIOXAZIN 4,8%, HALOXIFOP-P METIL 12,5%",IV
40060,HARVANCE,HELM ARGENTINA S. R. L.,"AZOXISTROBINA 2%, FIPRONIL 12%, METIL TIOFANATO 23%, TIAMETOXAM 18%",II
40059,HELIOS MAX,TECNOMYL S. A.,GLUFOSINATO DE AMONIO 40%,III
40058,WIZARD H,EL HUARPISMO SOCIEDAD ANONIMA,ACETAMIPRID 20%,II
40057,ZOOM,KOPPERT ARGENTINA S. A.,METALAXIL 35%,II
40056,FOMESA 25 PEYTE,LABORATORIOS PEYTE S.A.,"FOMESAFEN 26,25%",III
40055,LAUDIS,AGRO BAYER S. R. L.,"ISOXADIFEN-ETIL 21%, TEMBOTRIONE 42%",II
40054,STOLLER METIL,STOLLER ARGENTINA S. A. U.,"ESTERES METILICOS DE ACIDOS GRASOS DE ACEITE DE SOJA 72%, ESTERES METILICOS DE ACIDOS GRASOS DE ACEITE VEGETAL 72%",IV
40053,BIOFILM V VI,DARUMA AGRO S.R.L.,"ESTERES METILICOS DE ACIDOS GRASOS DE ACEITE DE SOJA 76,6%",IV
40052,"POWER MAXX 75,7 SG",ATANOR SOCIEDAD EN COMANDITA POR ACCIONES,"GLIFOSATO 75,7%",III
40051,GLIFOSATO GRANULADO SINO-AGRI,SAL ARGENTINA S.R.L.,"GLIFOSATO 75,7%",III
40050,VESELCA MAXX RFC,SYNGENTA AGRO SOCIEDAD ANONIMA,"FLUDIOXONIL 2,5%, METALAXIL -M 3,75%",IV
40049,CLETO -AGRO,INSUMOS AGROQUIMICOS SOCIEDAD ANONIMA,CLETODIM 24%,IV
40048,HUMER ST,SUMMIT AGRO ARGENTINA S A,"ETABOXAM ,5%, METIL TIOFANATO 15%, TIRAM 30%",III
40047,JAFAR 48,AGM ARGENTINA S. A.,FLUMIOXAZIN 48%,IV
40046,TERK 48,DVA AGRO GMBH S.E.E.,FLUMIOXAZIN 48%,IV
40045,CAMOUFLAGE 36 CS,FARM CHEMICALS ARGENTINA S.R.L,CLOMAZONE 36%,III
40044,MADEX TWIN,AGRI CHECK SRL,CYDIA POMONELLA GRANULOVIRUS 1%,IV
40043,ASTAMOS MAXX,SYNGENTA AGRO SOCIEDAD ANONIMA,"FLUDIOXONIL 2,5%, METALAXIL -M 3,75%, SEDAXANE 5%",III
40042,BAROVA INTEGRAL,SYNGENTA AGRO SOCIEDAD ANONIMA,"DIFENOCONAZOLE 2,5%, FLUDIOXONIL 2,5%, SEDAXANE 5%, TIAMETOXAM 17,5%",III
40041,QUAGLIA ADVANCED,SYNGENTA AGRO SOCIEDAD ANONIMA,"FLUDIOXONIL 2,5%, METALAXIL -M 2%, TIABENDAZOL 15%, TIAMETOXAM 35%",III
40040,TURNOFF,SPEEDAGRO S.R.L.,"PARAQUAT DICLORURO 27,6%",III
40039,KEOPS,NOVA S. A. U.,"FLUMIOXAZIN 7,2%, IMAZETAPIR 10%",IV
40038,HALOX TOP 54 LANTHER,LANTHER QUIMICA S. A.,HALOXIFOP-P METIL 54%,II
40037,LUXOR AR,ATANOR SOCIEDAD EN COMANDITA POR ACCIONES,CLETODIM 24%,III
40036,SYSMO,CHEMOTECNICA S. A.,"FOMESAFEN 26,25%",III
40035,BIFENTRIN 25 SIGMA,SIGMA AGRO S.A,BIFENTRIN 25%,II
40033,CUPROZAM,DIEGO ZAMORA E HIJO S.R.L.,"OXIDO CUPROSO 56,3%",II
40032,DREIK TOTAL,AKTIV S.R.L.,"ESTERES METILICOS DE ACIDOS GRASOS DE ACEITE DE SOJA 72%, ESTERES METILICOS DE ACIDOS GRASOS DE ACEITE VEGETAL 72%",IV
40031,METIL AKTIV,AKTIV S.R.L.,"ESTERES METILICOS DE ACIDOS GRASOS DE ACEITE DE SOJA 72%, ESTERES METILICOS DE ACIDOS GRASOS DE ACEITE VEGETAL 72%",IV
40030,AGROCLARO 20 SL,NGC AGROSCIENCES ARGENTINA S.A.,GLUFOSINATO DE AMONIO 20%,III
40029,NOCTUS 54,AGM ARGENTINA S. A.,HALOXIFOP-P METIL 54%,II
40028,VESTICOR,FMC QUIMICA S. A.,CLORANTRANILIPROLE 20%,IV
40027,SHENZI,FMC QUIMICA S. A.,CLORANTRANILIPROLE 20%,IV
40026,BIO BOLL +,BIO PRODUCTOS SRL,"ESTERES METILICOS DE ACIDOS GRASOS DE ACEITE DE SOJA 77,8%",IV
40025,BIO BOLL,BIO PRODUCTOS SRL,ESTERES METILICOS DE ACIDOS GRASOS DE ACEITE DE SOJA 79%,IV
40024,GLUFOSINATO DE AMONIO DELTA AGRO,AGROINSUMOS B Y L S.A.,GLUFOSINATO DE AMONIO 20%,III
40022,GATICA,NOVA S. A. U.,"FOMESAFEN 11,95%, S-METOLACLORO 51,8%",III
40021,IGUAL 20 SL,ROTAM DE ARGENTINA AGROQUIMICA SRL,"PARAQUAT DICLORURO 27,6%",II
40020,HACKER TOP BB,TECNOMYL S. A.,"BIFENTRIN 20%, TIAMETOXAM 30%",II
40019,HACKER TOP AA,TECNOMYL S. A.,"BIFENTRIN 20%, TIAMETOXAM 30%",II
40018,HAVOC 24,SUMITOMO CHEMICAL ARGENTINA S.A.,CLETODIM 24%,III
40016,MULIGAN,R&D AGRO CONSULTORA S.A.,PIRIPROXIFEN 10%,III
40015,DRIFT ZERO,PHILAGRO S.A,"ESTERES METILICOS DE ACIDOS GRASOS DE ACEITE DE SOJA 76,6%",IV
40014,HERBIFEN AMINA DRY,ATANOR SOCIEDAD EN COMANDITA POR ACCIONES,"2,4 D 96,3%",II
40013,IMAZAPIC + IMAZAPIR AGROTERRUM,AGROTERRUM S. A.,"IMAZAPIC 17,5%, IMAZAPIR 52,5%",III
40012,SERVER,NOVA S. A. U.,"CLORIMURON ETIL 10,3%, FLUMIOXAZIN 30%",IV
40011,SABER,NUTRIEN AG SOLUTIONS ARGENTINA S. A.,"2,4 D 53,6%",II
40010,CUPROPARA,PARAMERICA S A,"OXIDO CUPROSO 56,3%",II
40009,MAZEN ACE CON TECNOLOGIA SOLATENOL,SYNGENTA AGRO SOCIEDAD ANONIMA,"BENZOVINDIFLUPIR 4%, PROPICONAZOLE 25%",II
40008,MYRMEC BABOSAS Y CARACOLES,TECNO SENDA S.R.L.,METALDEHIDO 5%,III
40007,ANDOMIPRID 70 WG,S ANDO Y CIA SACIIF,ACETAMIPRID 70%,II
40006,SUNGIMA XTRA,RAINBOW AGROSCIENSES SA,"FLUMIOXAZIN 25%, IMAZETAPIR 53%",III
40004,MILENIAL AR,ATANOR SOCIEDAD EN COMANDITA POR ACCIONES,SULFENTRAZONE 50%,III
40003,VULKAN,GLEBA S A,"ESTERES METILICOS DE ACIDOS GRASOS DE ACEITE DE SOJA 76,6%",IV
40002,FOSSIN,SINER S A,FOSFURO DE ALUMINIO 57%,Ia
40001,CELPHOS,CHUTRAU S A C I F,FOSFURO DE ALUMINIO 57%,Ia
39999,HIDROCU 40 WG,BELART ALIDA MARCELA,"HIDROXIDO DE COBRE 61,41%",II
39997,SPROUT NIP PELLET,AGRICONSULTING JGP S.R.L .,CLORPROPHAM (CIPC) 99%,II
39996,MERIT WG,CORTEVA AGRISCIENCE ARGENTINA SRL,"PIROXSULAM 21,5%",III
39995,"PARAQUAT NOVA 27,6 SL",NOVA S. A. U.,"PARAQUAT DICLORURO 27,6%",III
39994,AGRONATE 90 SP,NGC AGROSCIENCES ARGENTINA S.A.,METOMIL 90%,Ib
39993,RANCHERO,SHARDA CROPCHEM LIMITED SUC.EMP.EXT.,LINURON 50%,III
39992,SENIORITY,TAGROS ARGENTINA S.R.L.,SULFENTRAZONE 50%,III
39991,GALANT MAX,CORTEVA AGRISCIENCE ARGENTINA SRL,"HALOXIFOP-P METIL 93,5%",II
39990,GLYNOMYL AMONIO 54,TECNOMYL S. A.,"GLIFOSATO 59,4%",IV
39989,ADELFOS ZETA,HELM ARGENTINA S. R. L.,"IMAZETAPIR 8%, SULFENTRAZONE 40%",III
39988,FMX,BORCHES Y CIA S A,FLUMIOXAZIN 48%,III
39987,S-METOLACLOR SIGMA,SIGMA AGRO S.A,S-METOLACLORO 96%,III
39986,KYLIAN 48,AGROFINA S A,CLETODIM 48%,III
39985,TRICLOR,TRICAL ARGENTINA S.R.L.,CLOROPICRINA 100%,Ia
39984,ACTISEAL FDL,SYNGENTA AGRO SOCIEDAD ANONIMA,FLUDIOXONIL 23%,IV
39983,SERIFEL,BASF AGRICULTURAL SOLUTIONS ARGENTINA S.A.,BACILLUS AMYLOLIQUEFACIENS 11%,IV
39982,FORGUARD,ATANOR SOCIEDAD EN COMANDITA POR ACCIONES,OXIDO CUPROSO 56%,II
39980,LUFEN DELTA AGRO,AGROINSUMOS B Y L S.A.,LUFENURON 5%,III
39979,LAMBDA MAX 25 ME,YERCO S A,LAMBDA-CIALOTRINA 25%,II
39978,CURTAIL M,CORTEVA AGRISCIENCE ARGENTINA SRL,"CLOPYRALID 5%, M.C.P.A. 43,7%",II
39977,NOGRED,TECNOMYL S. A.,DICLOSULAM 84%,IV
39976,CAMPODIM EC,FORMULAGRO SOCIEDAD RESPONSABILIDAD LIMITADA,CLETODIM 24%,III
39975,HALOXI 54 PEYTE,LABORATORIOS PEYTE S.A.,HALOXIFOP-P METIL 54%,II
39974,EFICAZ,PALAVERSICH Y CIA S AC,"CARBENDAZIM 12,5%, TIRAM 12,5%",III
39972,ADAMA BREVIS 15 SG,ADAMA ARGENTINA SOCIEDAD ANONIMA,METAMITRON 15%,II
39968,CLETO DELTA AGRO,AGROINSUMOS B Y L S.A.,CLETODIM 24%,III
39967,TRASPECT M,SYNGENTA AGRO SOCIEDAD ANONIMA,CLETODIM 24%,III
39966,CLETO 24 AGRO,INSUMOS AGROQUIMICOS SOCIEDAD ANONIMA,CLETODIM 24%,III
39965,PARALELO,CHEMOTECNICA S. A.,BIFENTRIN 10%,II
39963,FULLMITE,GLEBA S A,SPIRODICLOFEN 24%,III
39962,CLETODIM 24 ARN EBC,ENRIQUE M BAYA CASAL S. A.,CLETODIM 24%,III
39961,PASTAR GOLD,CORTEVA AGRISCIENCE ARGENTINA SRL,"AMINOPIRALID 5,9%, PICLORAM 11,6%, TRICLOPIR 20,9%",III
39960,INTIMIDATOR,NUTRIEN AG SOLUTIONS ARGENTINA S. A.,"FOMESAFEN 7,9%, METRIBUZIN 8,9%, S-METOLACLORO 40%",III
39959,FASTAC,BASF AGRICULTURAL SOLUTIONS ARGENTINA S.A.,ALFACIPERMETRINA/ALFAMETRINA 10%,II
39958,CLETO S 24%,LABORATORIOS PEYTE S.A.,CLETODIM 24%,III
39957,FOLIZANT 70,BROMETAN S. R. L.,ACETAMIPRID 70%,II
39956,PROCORE PLUS,RAINBOW AGROSCIENSES SA,"DICLOSULAM 7,5%, SULFENTRAZONE 67,5%",III
39955,FACYT MATACO,FACYT I + D SA,"BIFENTRIN 5%, IMIDACLOPRID 20%, LAMBDA-CIALOTRINA 7,5%",II
39953,FRENO TOP,ROTAM DE ARGENTINA AGROQUIMICA SRL,CLETODIM 24%,IV
39952,LEGADO PRO,ASOCIACION DE COOPERATIVAS ARGENTINAS - COOP. LTDA.,HALOXIFOP-P METIL 54%,III
39951,PIPER 20 SL,PHILAGRO S.A,GLUFOSINATO DE AMONIO 20%,III
39950,CIPAZ XTRA,SOUTH AGRO S. R. L.,"AZOXISTROBINA 20%, CIPROCONAZOLE 8%",II
39949,ALANA,AGROFINA S A,"DICLOSULAM 8,4%, FLUMIOXAZIN 28,8%",IV
39948,MARCH MAX AGROFINA,AGROFINA S A,"GLIFOSATO 75,7%",IV
39947,"GLIFOSATO 75,7 SG KEMSURE I",AGROEMPRESA COLON S.A.,"GLIFOSATO 75,7%",IV
39946,POSTION 100E,POST COSECHA S R L,MALATION 100%,II
39945,PAYLOAD,SUMITOMO CHEMICAL ARGENTINA S.A.,FLUMIOXAZIN 51%,III
39944,"2,4D AMINA 60 DELTA AGRO",AGROINSUMOS B Y L S.A.,"2,4 D 60%",II
39943,FLUXAZIN,ADAMA ARGENTINA SOCIEDAD ANONIMA,FLUMIOXAZIN 48%,III
39942,YPF FLUMIOXAZIN HB,ADAMA ARGENTINA SOCIEDAD ANONIMA,FLUMIOXAZIN 48%,III
39941,PARTNER 84 WG,AGM ARGENTINA S. A.,DICLOSULAM 84%,IV
39940,BLIZZARD 84 WG,DVA AGRO GMBH S.E.E.,DICLOSULAM 84%,IV
39939,KRAKEN 25,HELM ARGENTINA S. R. L.,"FOMESAFEN 25,25%",III
39938,ANTIBROTE RODA JC,INCOQUIM S.A.,CLORPROPHAM (CIPC) 50%,III
39937,GENESIS MAX,TECNOMYL S. A.,"AZOXISTROBINA 20%, CIPROCONAZOLE 12%",III
39936,PLENIUM CORRECTOR pH,LUCANGELLI CARLOS DAVID,ALCOHOL LAURICO ETOXILADO 14%,IV
39935,METSULFURON DELTA AGRO,AGROINSUMOS B Y L S.A.,METSULFURON METIL 60%,III
39934,GLU 20 SL SIGMA,SIGMA AGRO S.A,GLUFOSINATO DE AMONIO 20%,III
39932,VAKERO +,GLEBA S A,DICLOSULAM 42%,IV
39930,METOLACLOR SIGMA,SIGMA AGRO S.A,METOLACLORO 96%,III
39928,"ALLGRAM 2,4D 89 ESTER",FARMCHEM SA,"2,4 D 89%",III
39927,NUPROSIL,NUPROAGRO S.A.,ESTERES METILICOS DE ACIDOS GRASOS DE ACEITE DE SOJA 80%,IV
39926,S-METO,GAVIGLIO COMERCIAL S. A.,S-METOLACLORO 96%,III
39924,PROFETA,INSUMOS AGROQUIMICOS SOCIEDAD ANONIMA,FLUAZINAM 50%,IV
39923,CRONOS,GLEBA S A,SULFENTRAZONE 50%,III
39922,CLORIMURON MAX WDG,BORCHES Y CIA S A,CLORIMURON ETIL 25%,IV
39921,MCPA AMINA 75 A,ATANOR SOCIEDAD EN COMANDITA POR ACCIONES,"M.C.P.A. 91,9%",III
39920,TEBUCONAZOLE DELTA AGRO,AGROINSUMOS B Y L S.A.,TEBUCONAZOLE 43%,III
39919,GLUFOS WYNCA SL,REGISTROS AGROPECUARIOS SRL,GLUFOSINATO DE AMONIO 20%,III
39918,ROTACHLOR,ROTAM DE ARGENTINA AGROQUIMICA SRL,S-METOLACLORO 96%,III
39917,TARSIUS,SYNGENTA AGRO SOCIEDAD ANONIMA,"CLOQUINTOCET MEXIL 1,25%, PINOXADEN 5%",III
39916,OLUPAL,SYNGENTA AGRO SOCIEDAD ANONIMA,"CLOQUINTOCET MEXIL 1,25%, PINOXADEN 5%",III
39915,ADAMA PINXIT,SYNGENTA AGRO SOCIEDAD ANONIMA,"CLOQUINTOCET MEXIL 1,25%, PINOXADEN 5%",III
39914,TUNDRAN,TECNOMYL S. A.,ATRAZINA 90%,III
39913,LUTIMOR,SYNGENTA AGRO SOCIEDAD ANONIMA,S-METOLACLORO 96%,III
39912,DUAL GOLD A,SYNGENTA AGRO SOCIEDAD ANONIMA,S-METOLACLORO 96%,III
39910,FLUMIOXAZIN 48 LOMAS,3 LOMAS S.A.,FLUMIOXAZIN 48%,IV
39909,KOYWE NT,AGM ARGENTINA S. A.,"ABAMECTINA 1,8%",II
39908,TIAMETOSHAR 25 WG,SHARDA CROPCHEM LIMITED SUC.EMP.EXT.,TIAMETOXAM 25%,III
39907,MIREX TROYA HUAGRO,HUAGRO S A,"FIPRONIL ,003%",III
39906,GURANCO,BASF AGRICULTURAL SOLUTIONS ARGENTINA S.A.,"EPOXICONAZOLE 5%, FLUXAPIROXAD 5%, PIRACLOSTROBIN 8,1%",II
39905,SESITRA,BASF AGRICULTURAL SOLUTIONS ARGENTINA S.A.,"EPOXICONAZOLE 5%, FLUXAPIROXAD 5%, PIRACLOSTROBIN 8,1%",II
39904,MIREX F AT,SYNTEK CHEMICHAL SA,"FIPRONIL ,003%",IV
39903,FULL CONTROL 35,PALAVERSICH Y CIA S AC,METALAXIL 35%,II
39902,PUNTAL,CHEMOTECNICA S. A.,"AZOXISTROBINA 12%, TEBUCONAZOLE 20%",II
39901,FIDEMAX S-METOLACLOR,AGRICULTORES FEDERADOS ARGENTINOS SOC COOP LTDA,S-METOLACLORO 96%,III
39900,TREPAK,CHEMOTECNICA S. A.,"PROPAMOCARB CLORHIDRATO 72,2%",IV
39899,SONIC,NOVA S. A. U.,"ALCOHOL GRASO ETOXILADO 1,5%, ESTERES METILICOS DE ACIDOS GRASOS DE ACEITE DE SOJA 74%, ESTERES METILICOS DE ACIDOS GRASOS DE ACEITE VEGETAL 74%",IV
39898,ADAMA FLOYD,ADAMA ARGENTINA SOCIEDAD ANONIMA,FLUMETSULAM 12%,III
39897,GENDARME,INSUMOS AGROQUIMICOS SOCIEDAD ANONIMA,LUFENURON 5%,IV
39896,ACEITE VEGETAL KEMSURE,AKTIV S.R.L.,ACEITE DE SOJA 85%,IV
39895,ADJEVA,BASF AGRICULTURAL SOLUTIONS ARGENTINA S.A.,SAFLUFENACIL 70%,III
39894,VELTROMA,BASF AGRICULTURAL SOLUTIONS ARGENTINA S.A.,SAFLUFENACIL 70%,III
39893,THIAMETO+LAMBDA DELTA AGRO,AGROINSUMOS B Y L S.A.,"LAMBDA-CIALOTRINA 10,6%, TIAMETOXAM 14,1%",II
39892,ARIETE FULL,ATANOR SOCIEDAD EN COMANDITA POR ACCIONES,"LAMBDA-CIALOTRINA 10,6%, TIAMETOXAM 14,1%",II
39891,ESUS,AGROFINA S A,"LAMBDA-CIALOTRINA 10,6%, TIAMETOXAM 14,1%",II
39890,CHALTEN,NOVA S. A. U.,"ALCOHOL GRASO ETOXILADO 10,5%, ESTERES METILICOS DE ACIDOS GRASOS DE ACEITE DE SOJA 68%, ESTERES METILICOS DE ACIDOS GRASOS DE ACEITE VEGETAL 68%",IV
39889,POWER SIL SIGMA,SIGMA AGRO S.A,"ESTERES METILICOS DE ACIDOS GRASOS DE ACEITE DE SOJA 76,6%",IV
39888,TRIDIUM,UPL ARGENTINA S. A.,"AZOXISTROBINA 4,7%, MANCOZEB 59,7%, TEBUCONAZOLE 5,6%",III
39887,DEGSER OLIO,LABORATORIOS DEGSER SOCIEDAD DE RESPONSABILIDAD LIMITADA,ACEITE DE SOJA 88%,IV
39886,FOMESAFEN 25 CROP,CARGILL SOCIEDAD ANONIMA COMERCIAL E INDUSTRIAL,"FOMESAFEN 26,25%",III
39885,CLOROTALONIL STICK PRO,NGC AGROSCIENCES ARGENTINA S.A.,CLOROTALONIL 72%,III
39883,XELORA,BASF AGRICULTURAL SOLUTIONS ARGENTINA S.A.,"METIL TIOFANATO 45%, PIRACLOSTROBIN 5%",II
39882,TRIPZIN,UPL ARGENTINA S. A.,"METRIBUZIN 13,2%, PENDIMETALIN 34,8%",IV
39881,SPROUT NIP ULTRA,AGRICONSULTING JGP S.R.L .,CLORPROPHAM (CIPC) 50%,III
39880,HERCULES,PHILAGRO S.A,"2,4 D 89%",III
39879,MANFIL,3 LOMAS S.A.,MANCOZEB 75%,III
39878,GOLIAT LPU,NGC AGROSCIENCES ARGENTINA S.A.,NICOSULFURON 4%,III
39877,"2,4D ETIL HEXIL LANTHER",LANTHER QUIMICA S. A.,"2,4 D 89%",III
39876,CHEMOCLOR,CHEMOTECNICA S. A.,S-METOLACLORO 96%,III
39874,AGROMIL-MZ,NGC AGROSCIENCES ARGENTINA S.A.,"MANCOZEB 64%, METALAXIL 8%",III
39873,OLASUL,REGISTROS AGROPECUARIOS SRL,SULFENTRAZONE 50%,III
39872,VEGEAGRO,NUPROAGRO S.A.,ACEITE DE SOJA 85%,IV
39871,ACARISTOP,NGC AGROSCIENCES ARGENTINA S.A.,"ABAMECTINA 1,8%",II
39870,DOMINATOR,NGC AGROSCIENCES ARGENTINA S.A.,IMIDACLOPRID 70%,II
39869,MABUA,HELM ARGENTINA S. R. L.,S-METOLACLORO 96%,III
39866,SUPER AZON,CHEMOTECNICA S. A.,SULFENTRAZONE 50%,III
39865,PILARSTAR,PILARQUIM ARGENTINA S. R. L.,GLUFOSINATO DE AMONIO 20%,III
39864,CLEDIM,SINER S A,CLETODIM 24%,III
39863,HALOXIFOP SINER,SINER S A,HALOXIFOP-P METIL 54%,III
39862,GRAMINI ELITE,SURCOS S.A.,"CLETODIM 12%, HALOXIFOP-P METIL 6%",IV
39861,PENDIMETALIN EC JLB,JLB Y ASOCIADOS S.A,PENDIMETALIN 33%,II
39860,ELATUS ACE CON TECNOLOGIA SOLATENOL,SYNGENTA AGRO SOCIEDAD ANONIMA,"BENZOVINDIFLUPIR 4%, PROPICONAZOLE 25%",II
39859,BIFENTRIN DELTA AGRO,AGROINSUMOS B Y L S.A.,BIFENTRIN 10%,II
39858,BILOXA,UPL ARGENTINA S. A.,"CLETODIM 24%, QUIZALOFOP-P ETIL 12%",III
39857,KROLL,UPL ARGENTINA S. A.,"CLETODIM 24%, QUIZALOFOP-P ETIL 12%",III
39856,MIREX DAARGUS FIPRO,REOPEN S A,"FIPRONIL ,003%",IV
39855,"2,4D LV AGROFINA",AGROFINA S A,"2,4 D 89%",II
39854,IMISTAR,AGRI STAR S. A.,IMIDACLOPRID 35%,III
39853,BAUNDAP ELITE,PROCHEM BIO SA.,"GLIFOSATO 75,7%",IV
39852,ULTRA WinNow,LABORATORIO QUIMECO S.R.L.,ESTERES METILICOS DE ACIDOS GRASOS DE ACEITE DE SOJA 82%,IV
39851,SIVELOR,BASF AGRICULTURAL SOLUTIONS ARGENTINA S.A.,"TOPRAMEZONE 33,6%",III
39850,STRIVUM,BASF AGRICULTURAL SOLUTIONS ARGENTINA S.A.,"TOPRAMEZONE 33,6%",III
39849,YETI GOLD,SIPCAM ARGENTINA S.R.L.,"AZOXISTROBINA 12%, TEBUCONAZOLE 20%",II
39848,REBELION,GLEBA S A,GLUFOSINATO DE AMONIO 20%,III
39847,WYNCA CARBENDAZIM 50,REGISTROS AGROPECUARIOS SRL,CARBENDAZIM 50%,III
39846,AXIAL PLUS,SYNGENTA AGRO SOCIEDAD ANONIMA,"CLOQUINTOCET MEXIL 1,25%, PINOXADEN 5%",III
39845,MIRAVIS CON TECNOLOGIA ADEPYDIN,SYNGENTA AGRO SOCIEDAD ANONIMA,PIDIFLUMETOFEN 20%,III
39844,CEOMAX ACA 84 WDG,ASOCIACION DE COOPERATIVAS ARGENTINAS - COOP. LTDA.,DICLOSULAM 84%,III
39843,ESTRELLA AURUM II,ASOCIACION DE COOPERATIVAS ARGENTINAS - COOP. LTDA.,"GLIFOSATO 58,8%",IV
39842,NUGEN,GRUPO APC SA,ALCOHOL GRASO ETOXILADO 48%,III
39841,CORRECTO F,GRUPO APC SA,ALCOHOL GRASO ETOXILADO 25%,IV
39840,HAMDAN 50 SC,DVA AGRO GMBH S.E.E.,SULFENTRAZONE 50%,III
39839,CIDETRAK CM AR,CHEMOTECNICA S. A.,"(E,E)8,10-DODECADIENOL 2%",IV
39838,MYCLOSTAR,AGRI STAR S. A.,MICLOBUTANIL 25%,III
39837,AGROTOM 24 SC,NGC AGROSCIENCES ARGENTINA S.A.,CLORFENAPIR 24%,III
39835,AZZURRO,FARM CHEMICALS ARGENTINA S.R.L,ZINEB 70%,III
39834,SUPERQUAT,RAINBOW AGROSCIENSES SA,"PARAQUAT DICLORURO 82,8%",II
39833,AGROSTAR-DIF SC,NGC AGROSCIENCES ARGENTINA S.A.,"AZOXISTROBINA 20%, DIFENOCONAZOLE 12,5%",III
39832,BORJA,SYNGENTA AGRO SOCIEDAD ANONIMA,BICICLOPIRONA 20%,IV
39831,ADAMA ZARIVA,SYNGENTA AGRO SOCIEDAD ANONIMA,"CLORANTRANILIPROLE 10%, LAMBDA-CIALOTRINA 5%",II
39830,CAREXO,SYNGENTA AGRO SOCIEDAD ANONIMA,"CLORANTRANILIPROLE 10%, LAMBDA-CIALOTRINA 5%",II
39829,ZENOVOR,SYNGENTA AGRO SOCIEDAD ANONIMA,"CLORANTRANILIPROLE 10%, TIAMETOXAM 20%",IV
39828,Tiametrín II,FARMCHEM SA,"LAMBDA-CIALOTRINA 10,6%, TIAMETOXAM 14,1%",III
39827,METOXISTAR,AGRI STAR S. A.,METOXIFENOCIDE 24%,IV
39826,STARFEN,AGRI STAR S. A.,OXIFLUORFEN 24%,III
39825,CLETODIM CONTROLER,AGROFACIL S A,CLETODIM 24%,III
39824,RESOLUTOR 24 ACA,ASOCIACION DE COOPERATIVAS ARGENTINAS - COOP. LTDA.,CLETODIM 24%,III
39823,TRAC 90 WG I,ATANOR SOCIEDAD EN COMANDITA POR ACCIONES,ATRAZINA 90%,II
39822,TRAC 90 WG J,ATANOR SOCIEDAD EN COMANDITA POR ACCIONES,ATRAZINA 90%,II
39821,BOZITIVE,SYNGENTA AGRO SOCIEDAD ANONIMA,"ABAMECTINA 1,8%, CLORANTRANILIPROLE 4,5%",II
39820,"GALGOQUAT 27,6 SL",CHEMOTECNICA S. A.,"PARAQUAT DICLORURO 27,6%",II
39819,ATANOR CLETODIM 24 EC,ATANOR SOCIEDAD EN COMANDITA POR ACCIONES,CLETODIM 24%,III
39818,"ATANOR FOMESAFEN 26,25 SL",ATANOR SOCIEDAD EN COMANDITA POR ACCIONES,"FOMESAFEN 26,25%",III
39817,METILADO AKTIV,AKTIV S.R.L.,"ESTERES METILICOS DE ACIDOS GRASOS DE ACEITE DE SOJA 72%, ESTERES METILICOS DE ACIDOS GRASOS DE ACEITE VEGETAL 72%",IV
39816,ZOOM,UPL ARGENTINA S. A.,S-METOLACLORO 96%,III
39815,SATIVIS 96 EC,BASF ARGENTINA S. A.,S-METOLACLORO 96%,III
39814,ZAP,UPL ARGENTINA S. A.,S-METOLACLORO 96%,III
39813,ACTIVEG PRECISION,WOHR QUIMICA SOCIEDAD DE RESPONSABILIDAD LIMITADA,ESTERES METILICOS DE ACIDOS GRASOS DE ACEITE DE SOJA 70%,IV
39812,NATURE MAX,WOHR QUIMICA SOCIEDAD DE RESPONSABILIDAD LIMITADA,ESTERES METILICOS DE ACIDOS GRASOS DE ACEITE DE SOJA 70%,IV
39811,GLUFO 80 SG,AGROTERRUM S. A.,GLUFOSINATO DE AMONIO 80%,II
39810,DICAMBA EBC,ENRIQUE M BAYA CASAL S. A.,"DICAMBA 57,8%",III
39809,BEKER NT,AGM ARGENTINA S. A.,"2,4 D 30%",II
39808,SPARTA MAX 25,SIPCAM ARGENTINA S.R.L.,BIFENTRIN 25%,II
39807,"2,4D 30% EBC",ENRIQUE M BAYA CASAL S. A.,"2,4 D 30%",II
39806,PILARXONE,PILARQUIM ARGENTINA S. R. L.,"PARAQUAT DICLORURO 27,6%",II
39805,PELKE I,TECNOMYL S. A.,GLIFOSATO 62%,IV
39804,ATRAZINA CONTROLER 90 WG,AGROFACIL S A,ATRAZINA 90%,III
39803,APOCALYPSUS,FARM CHEMICALS ARGENTINA S.R.L,TIACLOPRID 48%,II
39802,CARTIVAX G,DARUMA AGRO S.R.L.,"CARBOXIN 20%, TIRAM 20%",III
39799,HALOX 81,AGROFINA S A,HALOXIFOP-P METIL 81%,II
39798,TIMBAL,CHEMOTECNICA S. A.,CLETODIM 24%,III
39797,NICOSULFURON 4% LPU MITO,INSUMOS AGROQUIMICOS SOCIEDAD ANONIMA,NICOSULFURON 4%,III
39793,DIMETOATO DELTA AGRO,AGROINSUMOS B Y L S.A.,DIMETOATO 40%,II
39792,ABROAD,FMC QUIMICA S. A.,NICOSULFURON 24%,III
39789,ECOTECH,AGRI STAR S. A.,BACILLUS THURINGIENSIS 10%,IV
39788,GLIFO LYCSA PREMIUM 66.2,LARTIRIGOYEN Y CIA S A,"GLIFOSATO 66,2%",IV
39787,OXICOP,SINER S A,"OXIDO CUPROSO 56,3%",II
39786,ADHERENTE ADRV AKTIV,AKTIV S.R.L.,ALCOHOL LAURICO ETOXILADO 40%,III
39785,MATSURI,SUMMIT AGRO ARGENTINA S A,"ABAMECTINA 2,4%, BIFENTRIN 10%, ESFENVALERATO 12,5%",II
39784,THIODICARB 35 SC PROVENTIS,AGROREGISTROS PROFESIONALES S.R.L.,TIODICARB 35%,II
39783,MIFOS GRAN,CHEMOTECNICA S. A.,"GLIFOSATO 75,7%",III
39782,FIERCE RM,SUMMIT AGRO ARGENTINA S A,"FLUMIOXAZIN 15%, PIROXASULFONE 34,5%",IV
39781,S-METOLACLORO 96 LOMAS,3 LOMAS S.A.,S-METOLACLORO 96%,II
39780,FORTIX,FMC QUIMICA S. A.,MERCAPTOTION 44%,IV
39779,RIVAL,AGRIA ARGENTINA S.A.,"PROPAMOCARB CLORHIDRATO 72,2%",III
39778,TAG TAMBA,TAGROS ARGENTINA S.R.L.,"DICAMBA 57,8%",III
39777,ACTIVE SIL I,FITOQUIMICA S.A.,HEPTAMETILTRISILOXANO 100%,III
39776,MAXIMUS,PALAVERSICH Y CIA S AC,"GLIFOSATO 66,2%",IV
39775,CLETOGRASS 24,INSUMOS AGROQUIMICOS SOCIEDAD ANONIMA,CLETODIM 24%,III
39774,DICAMBA 57.8 DELTA AGRO,AGROINSUMOS B Y L S.A.,"DICAMBA 57,8%",III
39773,GLIFO D RAINBOW,RAINBOW AGROSCIENSES SA,"2,4 D 27,5%, GLIFOSATO 56,5%",III
39772,SPIKE,FORMULAGRO SOCIEDAD RESPONSABILIDAD LIMITADA,"AZOXISTROBINA 20%, CIPROCONAZOLE 8%",III
39771,INTRUDER FUSION,CORTEVA AGRISCIENCE ARGENTINA SRL,DICLOSULAM 84%,III
39770,METRIPAX XTRA,RAINBOW AGROSCIENSES SA,METRIBUZIN 75%,III
39769,ULTRA STICK 72,NGC AGROSCIENCES ARGENTINA S.A.,CLOROTALONIL 72%,III
39768,GHOST 70 WG,NGC AGROSCIENCES ARGENTINA S.A.,IMIDACLOPRID 70%,II
39767,SURFURON 60%,SURCROPS SRL,METSULFURON METIL 60%,III
39766,MEBUTAL XTRA,RAINBOW AGROSCIENSES SA,METRIBUZIN 75%,III
39765,GREENER FULL WG,ATANOR SOCIEDAD EN COMANDITA POR ACCIONES,METRIBUZIN 75%,III
39764,OFM,AGRO ROCA S A,"DODECENILACETATO ,015%",IV
39763,CM 10X,AGRO ROCA S A,"(E,E)8,10-DODECADIENOL 1,5%",IV
39761,CLETODIM ANGIRU,AGRICULTORES FEDERADOS ARGENTINOS SOC COOP LTDA,CLETODIM 24%,IV
39760,IMPRID 70,SINER S A,IMIDACLOPRID 70%,II
39759,PREVISOR,PALAVERSICH Y CIA S AC,FLUMETSULAM 12%,IV
39758,LAMBDA SIGMA,SIGMA AGRO S.A,LAMBDA-CIALOTRINA 5%,II
39757,GLIFOSATO GOLD SIGMA,SIGMA AGRO S.A,GLIFOSATO 60%,IV
39756,KAISER,INSUMOS AGROQUIMICOS SOCIEDAD ANONIMA,"LAMBDA-CIALOTRINA 10,6%, TIAMETOXAM 14,1%",III
39754,SULFENTRAZONE NOVA 50,NOVA S. A. U.,SULFENTRAZONE 50%,III
39753,MALASEC,SHARDA CROPCHEM LIMITED SUC.EMP.EXT.,MALATION 100%,II
39752,BINGO ELITE,SURCOS S.A.,"FOMESAFEN 12,5%",II
39751,HULKGREEN,AGRO ADVANCE TECHNOLOGY S.A.,"TRICHODERMA HARZIANUM ,1%",IV
39750,RUSH,EL TOBIANO SA,"ESTERES METILICOS DE ACIDOS GRASOS DE ACEITE DE SOJA 76,6%",IV
39749,GANKO,SUMMIT AGRO ARGENTINA S A,FLAZASULFURON 25%,III
39748,IMAZETAPIR 10 DELTA AGRO,AGROINSUMOS B Y L S.A.,"IMAZETAPIR 11,22%",III
39747,TRIBUTO ELITE,SURCOS S.A.,METRIBUZIN 20%,II
39746,NOMADE,CHEMOTECNICA S. A.,"IMAZETAPIR 10,6%",IV
39745,"PARAQUAT 27,6 DELTA AGRO",AGROINSUMOS B Y L S.A.,"PARAQUAT DICLORURO 27,6%",II
39744,IMIDACLOPRID 60 VERTISOLES,VERTISOLES S.R.L,IMIDACLOPRID 60%,II
39743,ATANOR DICLOSULAM 84 WG,ATANOR SOCIEDAD EN COMANDITA POR ACCIONES,DICLOSULAM 84%,IV
39742,ATRAZINA 90 MAX SIGMA,SIGMA AGRO S.A,ATRAZINA 90%,II
39741,ATRAZINA 90 DELTA AGRO,AGROINSUMOS B Y L S.A.,ATRAZINA 90%,II
39740,ROTAZINA,ATANOR SOCIEDAD EN COMANDITA POR ACCIONES,ATRAZINA 90%,II
39739,"PARAQUAT 27,6% SINO-AGRI",SAL ARGENTINA S.R.L.,"PARAQUAT DICLORURO 27,6%",III
39738,EKOS 25,DVA AGRO GMBH S.E.E.,FLUROXIPIR MEPTIL 36%,IV
39737,CAMPOZONE 50% FW,PROCHEM BIO SA.,SULFENTRAZONE 50%,IV
39736,ADAMA SULLIVAN,ADAMA ARGENTINA SOCIEDAD ANONIMA,SULFENTRAZONE 50%,III
39735,AQUILES,GLEBA S A,CLETODIM 24%,III
39734,ARMONIT 24 SL,DVA AGRO GMBH S.E.E.,"PICLORAM 38,8%",III
39733,MINECTO PRO,SYNGENTA AGRO SOCIEDAD ANONIMA,"ABAMECTINA 1,8%, CIANTRANILIPROLE 6%",II
39732,GLUCARE,RAINBOW AGROSCIENSES SA,GLUFOSINATO DE AMONIO 80%,II
39731,BURNED,NGC AGROSCIENCES ARGENTINA S.A.,"PARAQUAT DICLORURO 27,6%",II
39730,"PARAQUAT 27,6 VELOCE",INSUMOS AGROQUIMICOS SOCIEDAD ANONIMA,"PARAQUAT DICLORURO 27,6%",II
39729,SOK FORTE 25 EC,LABORATORIOS PEYTE S.A.,BIFENTRIN 25%,II
39728,CLETODIM LANTHER,LANTHER QUIMICA S. A.,CLETODIM 24%,III
39726,DIMAXINE,RAINBOW AGROSCIENSES SA,"2,4-DB 54%",II
39723,CYD-X LC,AGRI STAR S. A.,"CYDIA POMONELLA GRANULOVIRUS ,06%",IV
39722,PULSAR SPANDER,WOHR QUIMICA SOCIEDAD DE RESPONSABILIDAD LIMITADA,ESTERES METILICOS DE ACIDOS GRASOS DE ACEITE DE SOJA 70%,IV
39721,PICLORAM DELTA AGRO,AGROINSUMOS B Y L S.A.,"PICLORAM 27,8%",IV
39720,CKC ECO TRIPLE BIO,LABORATORIOS PEYTE S.A.,ACIDO FOSFORICO 30%,III
39719,TRENCH 84 WG,TECNOMYL S. A.,DICLOSULAM 84%,IV
39717,METOLACLOR HELM,HELM ARGENTINA S. R. L.,METOLACLORO 96%,III
39716,SYMPHONY C,ATANOR SOCIEDAD EN COMANDITA POR ACCIONES,S-METOLACLORO 96%,III
39715,YPF AGRO METOLACLOR HH,YPF SOCIEDAD ANONIMA,METOLACLORO 96%,III
39714,MASTIL,DVA AGRO GMBH S.E.E.,"FOMESAFEN 26,3%",IV
39713,SYMPHONY A,ATANOR SOCIEDAD EN COMANDITA POR ACCIONES,S-METOLACLORO 96%,III
39712,SYMPHONY B,ATANOR SOCIEDAD EN COMANDITA POR ACCIONES,S-METOLACLORO 96%,III
39711,"2,4D ESTER CONTROLLER",AGROFACIL S A,"2,4 D 97%",II
39710,RAMES WG,RAINBOW AGROSCIENSES SA,"IMAZAPIC 52,5%, IMAZAPIR 17,5%",III
39709,PARAQUAT DELTA AGRO,AGROINSUMOS B Y L S.A.,"PARAQUAT DICLORURO 27,6%",III
39708,ADOC AR,ATANOR SOCIEDAD EN COMANDITA POR ACCIONES,FOMESAFEN 25%,III
39707,PADILLA OXIDO CUPROSO,PADILLA PABLO JOSE,OXIDO CUPROSO 60%,II
39706,BENZOMYL PLUS,TECNOMYL S. A.,"BENZOATO DE EMAMECTINA 10%, LUFENURON 40%",II
39705,HACKER TOP,TECNOMYL S. A.,"BIFENTRIN 20%, TIAMETOXAM 30%",II
39704,GLUFOSIN,FORMULAGRO SOCIEDAD RESPONSABILIDAD LIMITADA,GLUFOSINATO DE AMONIO 20%,III
39703,MUM TECH CEBO,AGRO ADVANCE TECHNOLOGY S.A.,"BEAUVERIA BASSIANA ,05%",IV
39702,LEIMAY,SUMMIT AGRO ARGENTINA S A,AMISULBROM 20%,IV
39701,METRIBUZIN INSUAGRO,INSUMOS AGROQUIMICOS SOCIEDAD ANONIMA,METRIBUZIN 48%,II
39700,FASCINATE,UPL ARGENTINA S. A.,GLUFOSINATO DE AMONIO 15%,III
39699,BRUCIA,SUMMIT AGRO ARGENTINA S A,TOLPIRALATE 40%,IV
39698,FUNGAFLOR SP PH,PRO AGRO SRL,IMAZALIL 100%,II
39697,PALMALINE,QUIMADH SOCIEDAD DE RESPONSABILIDAD LIMITADA,ESTERES PROPILICOS DE ACIDO GRASO DE ACEITE DE PALMISTE (LAURATO DE PROPILENGLICOL) 48%,IV
39696,SPARVIERO 10,SIPCAM ARGENTINA S.R.L.,LAMBDA-CIALOTRINA 10%,III
39695,BOSCALID 50% AGROTERRUM,AGROTERRUM S. A.,BOSCALID 50%,III
39694,GANKO WG 25%,ISK ARGENTINA BRANCH,FLAZASULFURON 25%,III
39693,WEIZEN NT,AGM ARGENTINA S. A.,"2,4 D 30%",III
39692,ULTRAPHOS,NEOPHOS S.A.,FOSFINA 99%,Ia
39691,ABAMECTINA CIBELES,COMPAÑIA DE INSUMOS Y GRANOS S A,"ABAMECTINA 1,8%",II
39690,ASCARISCER SUPERNOCK,COMPAÑIA ASCARISCER S.A.,"DELTAMETRINA 3,5%",III
39689,PHEROCON OFM AR,CHEMOTECNICA S. A.,"(Z)/(E)-8-DODECENIL ACETATO ,00011%",IV
39688,GENDARME 5 EC,INSUMOS AGROQUIMICOS SOCIEDAD ANONIMA,LUFENURON 5%,IV
39687,SULFENTRA 50 DELTA AGRO,AGROINSUMOS B Y L S.A.,SULFENTRAZONE 50%,III
39686,ORNETT,PHILAGRO S.A,"FOMESAFEN 26,25%",III
39685,LOREN 24 EC,RAINBOW AGROSCIENSES SA,OXIFLUORFEN 24%,III
39684,LOREN EC,RAINBOW AGROSCIENSES SA,OXIFLUORFEN 24%,III
39683,OXIFLUORFEN 24 FALCROP,FALCROP S. A.,OXIFLUORFEN 24%,III
39682,RESIDURA,RAINBOW AGROSCIENSES SA,IMAZAPIR 80%,III
39679,IMAZAPIR AGROTERRUM,AGROTERRUM S. A.,IMAZAPIR 80%,III
39678,ORCINUS ACA,ASOCIACION DE COOPERATIVAS ARGENTINAS - COOP. LTDA.,IMAZAPIR 80%,III
39677,CIDETRAK EGVM,AGRICONSULTING JGP S.R.L .,"(E,Z)7,9-DODECADIENIL ACETATO 3,5%",IV
39676,FESTIO DUO POTENCIADO POR ADEPIDYN FUNGICIDA,SYNGENTA AGRO SOCIEDAD ANONIMA,"DIFENOCONAZOLE 12,5%, PIDIFLUMETOFEN 7,5%",III
39675,CABURE ULTRA,ASOCIACION DE COOPERATIVAS ARGENTINAS - COOP. LTDA.,CLOTIANIDIN 60%,III
39674,NICROPS,SURCROPS SRL,NICOSULFURON 75%,III
39673,PICLORAM FORMULAGRO,FORMULAGRO SOCIEDAD RESPONSABILIDAD LIMITADA,"PICLORAM 27,8%",IV
39672,META ACTION,WECAN AGRO SA,METALAXIL 35%,II
39671,FLOXER 25,AGM ARGENTINA S. A.,FLUROXIPIR MEPTIL 36%,IV
39670,KETRO 25,DVA AGRO GMBH S.E.E.,FLUROXIPIR MEPTIL 36%,IV
39669,ENEDOS SURFACE,LABORATORIOS ARBO S.R.L.,"ESTERES METILICOS DE ACIDOS GRASOS DE ACEITE DE SOJA 76,6%",IV
39668,AKARI,ROTAM DE ARGENTINA AGROQUIMICA SRL,"2,4 D 97%",II
39667,ADAMA DEFERON HEXIL,ADAMA ARGENTINA SOCIEDAD ANONIMA,"2,4 D 97%",II
39666,NUFARM ATRAZINA HL,SUMITOMO CHEMICAL ARGENTINA S.A.,ATRAZINA 90%,II
39665,ATRATOP ACA 90 WG,ASOCIACION DE COOPERATIVAS ARGENTINAS - COOP. LTDA.,ATRAZINA 90%,II
39664,YPF AGRO ATRAZINA GRANULADA HA,YPF SOCIEDAD ANONIMA,ATRAZINA 90%,II
39663,S-METOLACLORO SUMMIT AGRO,SUMMIT AGRO ARGENTINA S A,S-METOLACLORO 96%,III
39662,CAPRI,NOVA S. A. U.,"NICOSULFURON 17,4%, PICLORAM 8,1%",IV
39661,TERBYNE,SIPCAM ARGENTINA S.R.L.,TERBUTILAZINA 75%,III
39660,ATRAPLUS 90 ZAMBA,COFCO INTERNATIONAL ARGENTINA S.A.,ATRAZINA 90%,II
39659,ATRA 90 WG,NUTRIEN AG SOLUTIONS ARGENTINA S. A.,ATRAZINA 90%,II
39658,DEVETRINA PLUS,QUAZAR SA,"DELTAMETRINA 2,5%",II
39657,VENCEWEED AMINA 50 A,ATANOR SOCIEDAD EN COMANDITA POR ACCIONES,"2,4-DB 59,1%",II
39656,BELENO,AGROFINA S A,CLOMAZONE 48%,II
39655,BIFENTRIN 10 ADN,ADN AGRO S.A.,BIFENTRIN 10%,II
39654,FASTAC DUO,BASF AGRICULTURAL SOLUTIONS ARGENTINA S.A.,"ACETAMIPRID 10%, ALFACIPERMETRINA/ALFAMETRINA 20%",III
39653,"EFIMAX PARAQUAT 27,6",AGRICULTORES FEDERADOS ARGENTINOS SOC COOP LTDA,"PARAQUAT DICLORURO 27,6%",II
39652,CASTLE,SUMMIT AGRO ARGENTINA S A,FLUMIOXAZIN 48%,IV
39651,KRAKEN,HELM ARGENTINA S. R. L.,FOMESAFEN 25%,III
39650,RAPTOR 24,PHILAGRO S.A,CLETODIM 24%,III
39649,SELECT 36 EC,UPL ARGENTINA S. A.,CLETODIM 36%,III
39648,"2,4D DB AMINA RAINBOW",RAINBOW AGROSCIENSES SA,"2,4-DB 54%",II
39647,DHARMA PR CRISTAL,INDEPLUS S.R.L.,"BETA-CIFLUTRINA ,003%",II
39646,TIAMETOXAM SHARDA 25 WG,SHARDA CROPCHEM LIMITED SUC.EMP.EXT.,TIAMETOXAM 25%,III
39645,DIQUAT AGROTERRUM,AGROTERRUM S. A.,"DIQUAT 37,4%",II
39643,METOLACLORO LANTHER,LANTHER QUIMICA S. A.,METOLACLORO 96%,III
39642,"PARAQUAT 27,6 ARN EBC",ENRIQUE M BAYA CASAL S. A.,"PARAQUAT DICLORURO 27,6%",III
39641,"PARAQUAT 27,6 INSUAGRO",INSUMOS AGROQUIMICOS SOCIEDAD ANONIMA,"PARAQUAT DICLORURO 27,6%",III
39640,GLUFOSINATO CONTROLER,AGROFACIL S A,GLUFOSINATO DE AMONIO 20%,III
39639,DESPEJE 50,BORCHES Y CIA S A,SULFENTRAZONE 50%,III
39636,PATROLE,UPL ARGENTINA S. A.,LAMBDA-CIALOTRINA 25%,II
39635,FLONTUS,SYNGENTA AGRO SOCIEDAD ANONIMA,S-METOLACLORO 96%,III
39634,ELINA,SYNGENTA AGRO SOCIEDAD ANONIMA,S-METOLACLORO 96%,III
39633,BRUALI,SUMMIT AGRO ARGENTINA S A,FLUMIOXAZIN 48%,IV
39632,"PARAQUAT 27,6% EBC",ENRIQUE M BAYA CASAL S. A.,"PARAQUAT DICLORURO 27,6%",III
39631,INSIGNIA BIO,ALLTEC S A,ESTERES METILICOS DE ACIDOS GRASOS DE ACEITE VEGETAL 62%,IV
39630,X TRIM LOW FLOW NEO,LABORATORIO QUIMECO S.R.L.,"ALCOHOL GRASO ETOXILADO 25%, ALCOHOL LAURICO ETOXILADO 25%",IV
39629,CARBENDAZIM DELTA AGRO,AGROINSUMOS B Y L S.A.,CARBENDAZIM 50%,III
39628,METOLACLORO 96 ARN EBC,ENRIQUE M BAYA CASAL S. A.,METOLACLORO 96%,III
39627,MULTIPLICAR CIBELES,COMPAÑIA DE INSUMOS Y GRANOS S A,DIFENOCONAZOLE 25%,III
39626,QURA VT SIGMA,SIGMA AGRO S.A,"AZOXISTROBINA 20%, CIPROCONAZOLE 8%",II
39625,AZOXI + CIPROCONAZOLE LUXIA,JLB Y ASOCIADOS S.A,"AZOXISTROBINA 20%, CIPROCONAZOLE 8%",II
39624,TALONIL POWER,SHARDA CROPCHEM LIMITED SUC.EMP.EXT.,CLOROTALONIL 72%,III
39623,TALONIL PUNCH,SHARDA CROPCHEM LIMITED SUC.EMP.EXT.,CLOROTALONIL 72%,III
39622,SULFENTRAZONE 50 LANTHER,LANTHER QUIMICA S. A.,SULFENTRAZONE 50%,III
39621,METOLACLORO DELTA AGRO,AGROINSUMOS B Y L S.A.,METOLACLORO 96%,III
39620,SULFENTRAZONE DELTA AGRO,AGROINSUMOS B Y L S.A.,SULFENTRAZONE 50%,III
39619,CIDETRAK CM PLUS MESO AR,CHEMOTECNICA S. A.,"(E,E)8,10-DODECADIENOL 3,08%",IV
39618,IMIDA 35 AGROTERRUM,AGROTERRUM S. A.,IMIDACLOPRID 35%,II
39617,MUM TECH,AGRO ADVANCE TECHNOLOGY S.A.,"BEAUVERIA BASSIANA ,1%",IV
39616,KUDASAI 10 EC,SUMMIT AGRO ARGENTINA S A,BIFENTRIN 10%,II
39615,TYPHOON,SOUTH AGRO S. R. L.,HALOXIFOP-P METIL 54%,II
39614,FIDEMAX FOMESAFEN 25,AGRICULTORES FEDERADOS ARGENTINOS SOC COOP LTDA,"FOMESAFEN 26,2%",III
39613,CIDETRAK DA MEC AR,CHEMOTECNICA S. A.,"(E,Z) 2,4-DECADIENOATO DE ETILO 5%",IV
39612,GLY FULL II SIGMA,SIGMA AGRO S.A,"GLIFOSATO 66,2%",IV
39611,FOMESAFEN INSUAGRO,INSUMOS AGROQUIMICOS SOCIEDAD ANONIMA,"FOMESAFEN 26,25%",III
39610,IMPACTO,SHARDA CROPCHEM LIMITED SUC.EMP.EXT.,CLETODIM 24%,III
39609,STARPRID,AGRI STAR S. A.,ACETAMIPRID 20%,III
39608,POWER PLUS II E,ATANOR SOCIEDAD EN COMANDITA POR ACCIONES,"GLIFOSATO 64,5%",IV
39607,MULTIPLICAR VERTISOLES,VERTISOLES S.R.L,DIFENOCONAZOLE 25%,III
39606,AZOXICONAZOLE 20-8,LABORATORIOS PEYTE S.A.,"AZOXISTROBINA 20%, CIPROCONAZOLE 8%",II
39605,FLOWFEN 25%,LABORATORIOS PEYTE S.A.,"FOMESAFEN 26,25%",III
39604,NEMASOL 51 SL FALCROP,FALCROP S. A.,METAN SODIO 51%,II
39603,CLEAN CROP II,CAMPO CROP S.A.,METOLACLORO 96%,III
39602,PHEROCON CM DA COMBO AR,CHEMOTECNICA S. A.,"(E,E)8,10-DODECADIENOL ,45%, (E,Z) 2,4-DECADIENOATO DE ETILO ,45%",IV
39601,CIDETRAK CM DA COMBO AR,CHEMOTECNICA S. A.,"(E,E)8,10-DODECADIENOL 2,44%, (E,Z) 2,4-DECADIENOATO DE ETILO ,67%",IV
39600,LAREDO,HELM ARGENTINA S. R. L.,"IMAZETAPIR 10,6%",III
39599,COVERSID,FARMCHEM SA,"IMIDACLOPRID 23,3%, TEBUCONAZOLE 1,3%",III
39597,SATIVIS,BASF ARGENTINA S. A.,S-METOLACLORO 96%,III
39596,BRUCIA SC 40%,ISK ARGENTINA BRANCH,TOLPIRALATE 40%,IV
39595,SPINGARD,CIBELES ARGENTINA S.A.,IMIDACLOPRID 35%,II
39593,ATRAZINA 90 XIAN,SIGMA AGRO S.A,ATRAZINA 90%,III
39592,GUERRER,TECNOMYL S. A.,SULFENTRAZONE 50%,III
39591,OXIDO COBREQUIM GRANULADO,ARGENTI LEMON S A,OXIDO CUPROSO 60%,II
39590,PQT SIGMA AGRO,SIGMA AGRO S.A,"PARAQUAT DICLORURO 27,6%",III
39589,AUSTAK,PROTEGRAN S A,"2,4 D 89%",III
39588,VANTAL EW,,"ABAMECTINA 3,6%",II
39587,AIRONE +,S ANDO Y CIA SACIIF,"HIDROXIDO DE COBRE 20,88%, OXICLORURO DE COBRE 22,85%",III
39586,H-FOP 54%,LABORATORIOS PEYTE S.A.,HALOXIFOP-P METIL 54%,II
39585,OXIDO COBREQUIM POLVO,ARGENTI LEMON S A,"OXIDO CUPROSO 56,3%",II
39584,SPINGARD VERTISOLES,VERTISOLES S.R.L,IMIDACLOPRID 35%,II
39583,DICAMBA DGA B,ATANOR SOCIEDAD EN COMANDITA POR ACCIONES,"DICAMBA 70,8%",IV
39581,FOLICAP,SUMITOMO CHEMICAL ARGENTINA S.A.,"FOMESAFEN 26,25%",III
39580,ATRAZINA 90 WG,TECNOMYL S. A.,ATRAZINA 90%,IV
39579,ATRAZINA 90 LANTHER,TECNOMYL S. A.,ATRAZINA 90%,IV
39578,ATRATOP 90 WG ACA,TECNOMYL S. A.,ATRAZINA 90%,IV
39577,OXIMAX,CITROMAX SOCIEDAD ANONIMA COMERCIAL E INDUSTRIAL,OXICLORURO DE COBRE 84%,II
39576,EMERALD 23,AGRI STAR S. A.,TETRACONAZOLE 23%,III
39575,CUPROMAX,CITROMAX SOCIEDAD ANONIMA COMERCIAL E INDUSTRIAL,OXIDO CUPROSO 60%,II
39574,CUPROVIL,CITRUSVIL S.A.,OXIDO CUPROSO 60%,II
39573,"2,4-D 60 SIGMA AGRO",SIGMA AGRO S.A,"2,4 D 60%",II
39572,"ATANOR IMAZETAPIR 10,6 SL",ATANOR SOCIEDAD EN COMANDITA POR ACCIONES,"IMAZETAPIR 10,6%",IV
39571,ATANOR S-METOLACLORO 96 EC,ATANOR SOCIEDAD EN COMANDITA POR ACCIONES,S-METOLACLORO 96%,III
39570,DICAMBA DGA C,ATANOR SOCIEDAD EN COMANDITA POR ACCIONES,"DICAMBA 70,8%",IV
39569,MASTER BV,ENRIQUE M BAYA CASAL S. A.,"2,4 D 89%",II
39568,"LANCASTER 27,6",PHILAGRO S.A,"PARAQUAT DICLORURO 27,6%",III
39567,CIDETRAK CM PLUS AR,CHEMOTECNICA S. A.,"(E,E)8,10-DODECADIENOL 3,08%",IV
39566,CIDETRAK CM OFM DUO AR,CHEMOTECNICA S. A.,"(E,E)8,10-DODECADIENOL 4,6%, (Z)/(E)-8-DODECENIL ACETATO 2%",IV
39565,S-METOLACLOR 96 INSUAGRO,INSUMOS AGROQUIMICOS SOCIEDAD ANONIMA,S-METOLACLORO 96%,III
39564,CROPMAX PROTECTOR,CROPMAX S.A,LAMBDA-CIALOTRINA 5%,II
39563,SYMPHONY AR,ATANOR SOCIEDAD EN COMANDITA POR ACCIONES,S-METOLACLORO 96%,III
39562,DICAMBA DGA A,ATANOR SOCIEDAD EN COMANDITA POR ACCIONES,"DICAMBA 70,8%",IV
39561,METOLACLOR COMBATE,INSUMOS AGROQUIMICOS SOCIEDAD ANONIMA,METOLACLORO 96%,III
39560,ACTIVE OIL CE,FITOQUIMICA S.A.,ACEITE MINERAL 84%,III
39559,CUPROQUIM,S.A SAN MIGUEL A G I C I Y F,OXIDO CUPROSO 60%,II
39558,BELCOCEL INSUAGRO,INSUMOS AGROQUIMICOS SOCIEDAD ANONIMA,CLOROMECUATO 75%,II
39557,DESIKOTE MAX FALCROP,FALCROP S. A.,COPOLIMERO DE ALFA Y BETA PINENO 58%,III
39556,ZIRAM GRANUFLO AGRISTAR,AGRI STAR S. A.,ZIRAM 76%,III
39555,"QUAT 27,6 SL",DASER AGRO S.A.,"PARAQUAT DICLORURO 27,6%",II
39553,QUICKLY MITE KILLER,FARM CHEMICALS ARGENTINA S.R.L,SPIRODICLOFEN 24%,III
39552,PIPER,PHILAGRO S.A,GLUFOSINATO DE AMONIO 20%,III
39551,AGM GUAZU,AGM ARGENTINA S. A.,"GLIFOSATO 66,2%",IV
39550,CYHALOFOP CLEAN 18%,ADECO AGROPECUARIA S. A.,CIALOFOP-BUTIL 18%,III
39549,EUREKA,UPL ARGENTINA S. A.,S-METOLACLORO 96%,III
39548,INVICTUS 20 SL,ATANOR SOCIEDAD EN COMANDITA POR ACCIONES,GLUFOSINATO DE AMONIO 20%,III
39547,"IMAZETAPIR 10,6 % ARN EBC",ENRIQUE M BAYA CASAL S. A.,"IMAZETAPIR 10,6%",III
39546,"2,4 D CASTER LV",TRAPALCO S.A.,"2,4 D 89%",II
39545,CLETO-AGRO 24,INSUMOS AGROQUIMICOS SOCIEDAD ANONIMA,CLETODIM 24%,III
39544,AGRINOVO,SHARDA CROPCHEM LIMITED SUC.EMP.EXT.,ACETAMIPRID 70%,II
39542,ATRAZINA 90% EBC,ENRIQUE M BAYA CASAL S. A.,ATRAZINA 90%,III
39541,WEEDOUT,SPEEDAGRO S.R.L.,HALOXIFOP-P METIL 54%,II
39540,METOLACLOR ARN EBC,ENRIQUE M BAYA CASAL S. A.,METOLACLORO 96%,III
39539,SIMBA 50 SC,DVA AGRO GMBH S.E.E.,SULFENTRAZONE 50%,III
39538,FASTHRIN 10 EC,SHARDA CROPCHEM LIMITED SUC.EMP.EXT.,ALFACIPERMETRINA/ALFAMETRINA 10%,II
39537,SPIROMITE,HELM ARGENTINA S. R. L.,SPIRODICLOFEN 24%,III
39536,ARMAIZE,RAINBOW AGROSCIENSES SA,"ATRAZINA 76%, MESOTRIONE 12%",IV
39535,PATTERN,TECNOMYL S. A.,S-METOLACLORO 96%,III
39533,SULFENTRAZONE KEMSURE,AGROEMPRESA COLON S.A.,SULFENTRAZONE 50%,IV
39532,LOYANT,CORTEVA AGRISCIENCE ARGENTINA SRL,"FLORPIRAUXIFEN -BENCIL 2,5%",IV
39531,LE-QUAT,CG AGRONEGOCIOS S.R.L.,"PARAQUAT DICLORURO 27,6%",II
39530,EFIMAX PARAQUAT 27.6 SL,AGRICULTORES FEDERADOS ARGENTINOS SOC COOP LTDA,"PARAQUAT DICLORURO 27,6%",II
39529,HALOXYFOP 54 AGNEO,TAEPING S.A.,HALOXIFOP-P METIL 54%,III
39528,FENTRONE,FARMCHEM SA,SULFENTRAZONE 50%,III
39527,FLIPP ACEITE VEGETAL METILADO,LANTHER QUIMICA S. A.,ESTERES METILICOS DE ACIDOS GRASOS DE ACEITE DE SOJA 75%,IV
39526,METIL COVER OIL,LANTHER QUIMICA S. A.,ESTERES METILICOS DE ACIDOS GRASOS DE ACEITE DE SOJA 75%,IV
39525,TURBO PLUS,SPEEDAGRO S.R.L.,PENDIMETALIN 50%,III
39524,RAINIMIDAC,RAINBOW AGROSCIENSES SA,"IMAZETAPIR 10,6%",IV
39522,CLOMAZOL BEST 48,VERTISOLES S.R.L,CLOMAZONE 48%,II
39521,KILLGRAM,FARMCHEM SA,GLUFOSINATO DE AMONIO 20%,III
39520,CAMPERO ZAMBA,COFCO INTERNATIONAL ARGENTINA S.A.,"ESTERES METILICOS DE ACIDOS GRASOS DE ACEITE DE SOJA 76,6%",IV
39519,GLUFOSINATO 20 LANTHER,LANTHER QUIMICA S. A.,GLUFOSINATO DE AMONIO 20%,III
39518,"CUATE 27,6 SL",LABORATORIOS PEYTE S.A.,"PARAQUAT DICLORURO 27,6%",II
39517,METRIBUSHAR,SHARDA CROPCHEM LIMITED SUC.EMP.EXT.,METRIBUZIN 48%,III
39516,NIGAN,GLEBA S A,OXIFLUORFEN 24%,III
39515,ISOMATE OFM TT,AGRO ROCA S A,"Z8,E8 DODECENIL ACETATO 95,21%",IV
39514,MYCLOSTAR EC,AGRI STAR S. A.,MICLOBUTANIL 24%,III
39513,SHARDAQUAT,SHARDA CROPCHEM LIMITED SUC.EMP.EXT.,"PARAQUAT DICLORURO 27,6%",II
39512,CAPTAIN FALCROP,FALCROP S. A.,CAPTAN 80%,III
39511,MELANITE,ADAMA ARGENTINA SOCIEDAD ANONIMA,PROPICONAZOLE 25%,III
39510,FOMESA 25,SHARDA CROPCHEM LIMITED SUC.EMP.EXT.,FOMESAFEN 25%,III
39509,GLIFOSATO FULL II 54 SIGMA,SIGMA AGRO S.A,"GLIFOSATO 64,5%",IV
39508,XIDO CUPROSO CMX,CITROMAX SOCIEDAD ANONIMA COMERCIAL E INDUSTRIAL,"OXIDO CUPROSO 56,3%",II
39507,OXICLORURO DE COBRE CMX,CITROMAX SOCIEDAD ANONIMA COMERCIAL E INDUSTRIAL,OXICLORURO DE COBRE 84%,II
39505,ACHIEVER,RAINBOW AGROSCIENSES SA,"METRIBUZIN 48%, SULFENTRAZONE 32%",III
39503,METALDEH DO SHARDA 5 GB,SHARDA CROPCHEM LIMITED SUC.EMP.EXT.,METALDEHIDO 5%,III
39502,FLOURISH,RAINBOW AGROSCIENSES SA,FLUMIOXAZIN 51%,IV
39501,FLOURISH 51,RAINBOW AGROSCIENSES SA,FLUMIOXAZIN 51%,IV
39500,FLOURISH WG,RAINBOW AGROSCIENSES SA,FLUMIOXAZIN 51%,IV
39498,RAINAZIN,RAINBOW AGROSCIENSES SA,FLUMIOXAZIN 51%,IV
39497,SEAFIRE 51 WG,PHILAGRO S.A,FLUMIOXAZIN 51%,IV
39495,ESPUELA,ATANOR SOCIEDAD EN COMANDITA POR ACCIONES,FLUMIOXAZIN 51%,IV
39494,CLETODIM 24 DELTA AGRO,AGROINSUMOS B Y L S.A.,CLETODIM 24%,III
39493,TAMIFUME 50 SL FALCROP,FALCROP S. A.,METAM POTASIO 50%,II
39492,THIRAM GRANUFLO AGRISTAR,AGRI STAR S. A.,TIRAM 80%,II
39491,FERBAM GRANUFLO VERTISOLES,VERTISOLES S.R.L,FERBAM 76%,III
39490,ZIDUA,BASF ARGENTINA S. A.,PIROXASULFONE 85%,III
39489,FOMESASHAR,SHARDA CROPCHEM LIMITED SUC.EMP.EXT.,FOMESAFEN 25%,III
39488,ABADAY,SUMITOMO CHEMICAL ARGENTINA S.A.,"LUFENURON 5%, TIODICARB 30%",II
39486,PICLORAM SIGMA,SIGMA AGRO S.A,"PICLORAM 38,8%",III
39485,MOJO,FRAGARIA S.A.,LECITINA DE SOJA 35%,IV
39484,MASTEROLE,RAINBOW AGROSCIENSES SA,METOXIFENOCIDE 24%,IV
39483,DIFER,RAINBOW AGROSCIENSES SA,DIFENOCONAZOLE 25%,III
39482,YPF AGRO CLETODIM HF,RAINBOW AGROSCIENSES SA,CLETODIM 24%,III
39481,HALOXIFOP 54 MULTIAGRO,MULTIAGRO S. A.,HALOXIFOP-P METIL 54%,III
39480,CLETODIM MACRO PROTECT,LDC ARGENTINA S.A.,CLETODIM 24%,III
39478,METRO 48,DVA AGRO GMBH S.E.E.,METRIBUZIN 48%,II
39477,KERON PLUS,ARROWWS ARGENTINA S. R. L.,ACEITE DE SOJA 48%,IV
39476,CLETODIM 24 SINO-AGRI,SAL ARGENTINA S.R.L.,CLETODIM 24%,III
39475,RAPTOR,PHILAGRO S.A,CLETODIM 24%,III
39474,XIDO CUPROSO SALDECO MARKETING AGR COLA,MARKETING AGRICOLA S.R.L.,"OXIDO CUPROSO 56,3%",II
39473,METILAGRO,NUPROAGRO S.A.,ESTERES METILICOS DE ACIDOS GRASOS DE ACEITE DE SOJA 80%,IV
39472,NUPROGRAM,NUPROAGRO S.A.,ESTERES METILICOS DE ACIDOS GRASOS DE ACEITE DE SOJA 80%,IV
39471,SPRAY OIL,NUPROFER S. A.,ESTERES METILICOS DE ACIDOS GRASOS DE ACEITE DE SOJA 80%,IV
39470,SUPER CLEAN,AGROINSUMOS B Y L S.A.,CLETODIM 24%,III
39469,DIM 24,DASER AGRO S.A.,CLETODIM 24%,III
39468,CLETODIM NOVA 24,NOVA S. A. U.,CLETODIM 24%,III
39467,ONFIRE,FARM CHEMICALS ARGENTINA S.R.L,CLORFENAPIR 24%,II
39466,GALAXY,BORCHES Y CIA S A,AZOXISTROBINA 25%,III
39464,DIFER EC,RAINBOW AGROSCIENSES SA,DIFENOCONAZOLE 25%,III
39463,PARAQUAT VELOCE,INSUMOS AGROQUIMICOS SOCIEDAD ANONIMA,"PARAQUAT DICLORURO 27,6%",III
39461,ROTHALONIL,ATANOR SOCIEDAD EN COMANDITA POR ACCIONES,CLOROTALONIL 72%,IV
39460,ÉXITO LSC,NOVA S. A. U.,ALCOHOL GRASO ETOXILADO 2%,IV
39459,VITRACU,VICENTE TRAPANI S.A.,"OXIDO CUPROSO 56,3%",II
39458,XPULSE,PROCHEM BIO SA.,GLUFOSINATO DE AMONIO 20%,III
39457,ABAMECTINA AAGROCO,LANTHER QUIMICA S. A.,"ABAMECTINA 1,8%",II
39456,LOW FOG,SINER S A,"2,4 D 89%",II
39454,ATRAZINA 50 SC DELTA AGRO,AGROINSUMOS B Y L S.A.,ATRAZINA 50%,III
39453,"DICAGOOD 57,8 SL",CARGILL SOCIEDAD ANONIMA COMERCIAL E INDUSTRIAL,"DICAMBA 57,8%",IV
39452,"DICAVEL 57,8 SL",RAINBOW AGROSCIENSES SA,"DICAMBA 57,8%",IV
39451,"RAINVEL 57,8 SL",RAINBOW AGROSCIENSES SA,"DICAMBA 57,8%",IV
39450,BECONICAL,RAINBOW AGROSCIENSES SA,TEBUCONAZOLE 43%,III
39449,POWERSPRAY LV,AGRO BAYER S. R. L.,"2,4 D 102,5%",III
39448,HALOXIFOP 54% EBC,ENRIQUE M BAYA CASAL S. A.,HALOXIFOP-P METIL 54%,III
39446,AMETRINA 80 WG JLB,JLB Y ASOCIADOS S.A,AMETRINA 80%,II
39445,METRIBUZIN RAINBOW,RAINBOW AGROSCIENSES SA,METRIBUZIN 75%,III
39444,PENBOTEC SC PH,AGRO ROCA S A,PIRIMETANIL 40%,III
39443,PHILABUSTER SC PH,PRO AGRO SRL,"IMAZALIL 20%, PIRIMETANIL 20%",II
39442,GOLDSPRAY,RAINBOW AGROSCIENSES SA,"2,4 D 76%",II
39441,NAZOLE 25,SINER S A,DIFENOCONAZOLE 25%,III
39440,ALMIGHTY,RAINBOW AGROSCIENSES SA,"GLIFOSATO 24%, IMAZETAPIR 2%",III
39439,AGROFLEX 25 SL,NGC AGROSCIENCES ARGENTINA S.A.,FOMESAFEN 25%,III
39437,PETREL,AGM ARGENTINA S. A.,S-METOLACLORO 96%,III
39436,DIGGER 96,DVA AGRO GMBH S.E.E.,S-METOLACLORO 96%,III
39435,GOTON PLUS,NEXUS SRL,ACEITE DE SOJA 48%,IV
39434,ARADIA,RAINBOW AGROSCIENSES SA,ATRAZINA 50%,III
39433,BIFENTRIN TOP LQ 25,LANTHER QUIMICA S. A.,BIFENTRIN 25%,II
39431,SULFOMET,ROTAM DE ARGENTINA AGROQUIMICA SRL,"METSULFURON METIL 12%, SULFOMETURON METIL 60%",IV
39430,MARGEN 96 PRO,ASOCIACION DE COOPERATIVAS ARGENTINAS - COOP. LTDA.,S-METOLACLORO 96%,III
39428,HIDROCUX,ROAGRO NEGOCIOS S. A.,HIDROXIDO DE COBRE 77%,II
39425,OXICUX,ROAGRO NEGOCIOS S. A.,"OXIDO CUPROSO 56,3%",II
39424,FUNGAFLOR EC-PH,PRO AGRO SRL,IMAZALIL 50%,II
39423,FYSIUM-PH,GOLDAR DANIEL EDMUNDO,METIL CICLOPROPENO 98%,IV
39421,PARAQUAT INZIRA,RINDES Y CULTIVOS DAS S.A. - FEDEA S.A. - SUMIDAS JV S.A.- DASER AGRO S.A. - AMBITO DAS S.A. - TERRAMAR JV S.A. - DESAB S.A. U. T. E.,"PARAQUAT DICLORURO 27,6%",III
39420,KATANA 54,GLEBA S A,HALOXIFOP-P METIL 54%,II
39418,"2,4D ACTION",ASOCIACION DE COOPERATIVAS ARGENTINAS - COOP. LTDA.,"2,4 D 89%",II
39417,ROTAONE,ROTAM DE ARGENTINA AGROQUIMICA SRL,SULFENTRAZONE 50%,III
39416,AZUR,ADAMA ARGENTINA SOCIEDAD ANONIMA,FLUROCLORIDONA 25%,II
39415,FENOMYL 80 SG,TECNOMYL S. A.,"2,4 D 96,3%",II
39414,GLIFOSATO 75 TECNOMYL,TECNOMYL S. A.,GLIFOSATO 75%,III
39413,RAMES 70 WG,RAINBOW AGROSCIENSES SA,"IMAZAPIC 52,5%, IMAZAPIR 17,5%",III
39412,PICLORAM ACA 24 SL,ASOCIACION DE COOPERATIVAS ARGENTINAS - COOP. LTDA.,"PICLORAM 38,8%",III
39411,MANCOZEB 80 SINER,SINER S A,MANCOZEB 80%,III
39410,MANNER 75,SINER S A,MANCOZEB 75%,III
39409,S-METOLACLOR ADN,ADN AGRO S.A.,S-METOLACLORO 96%,III
39408,ANTIZ 25,ASOCIACION DE COOPERATIVAS ARGENTINAS - COOP. LTDA.,"FOMESAFEN 26,3%",IV
39407,"2,4D EHE 102,5 DELTA AGRO",AGROINSUMOS B Y L S.A.,"2,4 D 102,5%",III
39406,OBERON,AGRO BAYER S. R. L.,SPIROMESIFEN 24%,III
39405,ISHIPRON EC 5%,SUMMIT AGRO ARGENTINA S A,CLORFLUAZURON 5%,III
39404,PRADERA,HELM ARGENTINA S. R. L.,"2,4 D 44,8%, PICLORAM 11,5%",II
39403,"2,4D amina ADAMA",ADAMA ARGENTINA SOCIEDAD ANONIMA,"2,4 D 72%",II
39402,RAPIER 75,TECNOMYL S. A.,GLIFOSATO 75%,III
39400,SOYBEIM,RAINBOW AGROSCIENSES SA,CLETODIM 24%,III
39396,WYNCA DIURON 80,REGISTROS AGROPECUARIOS SRL,DIURON 80%,III
39394,DICAMBA ATANOR B,ATANOR SOCIEDAD EN COMANDITA POR ACCIONES,"DICAMBA 57,8%",III
39393,OLEO SHOCK,AGROPECUARIA LA CIMARRONA S.R.L.,ACEITE DE SOJA 76%,IV
39392,HYDROXISOL,VERTISOLES S.R.L,HIDROXIDO DE COBRE 77%,II
39391,CUPROSOL,VERTISOLES S.R.L,"OXIDO CUPROSO 56,3%",II
39390,ATRAZINA 50 DELTA AGRO,AGROINSUMOS B Y L S.A.,ATRAZINA 50%,III
39389,CUPROMAX-S,LEDESMA SOCIEDAD ANONIMA AGRICOLA INDUSTRIAL,"OXIDO CUPROSO 56,3%",II
39388,FOFEN,FARMCHEM SA,"FOMESAFEN 26,3%",IV
39386,METOLACLORO RAVEN,SIGMA AGRO S.A,METOLACLORO 96%,III
39385,NORDOX 75,CITRUSVIL S.A.,"OXIDO CUPROSO 84,4%",III
39384,METRO 70,DVA AGRO GMBH S.E.E.,METRIBUZIN 70%,II
39383,CAPCER,S ANDO Y CIA SACIIF,"CAPTAN 3,64%, METIL TIOFANATO 1,47%",IV
39382,FOMESAFEN SINO-AGRI,SAL ARGENTINA S.R.L.,"FOMESAFEN 26,25%",III
39380,ATRAZINA 90 WG DELTA AGRO,AGROINSUMOS B Y L S.A.,ATRAZINA 90%,IV
39377,AGROMIC 25 EC,NGC AGROSCIENCES ARGENTINA S.A.,MICLOBUTANIL 25%,III
39376,TRAC 90 WG ALB,ATANOR SOCIEDAD EN COMANDITA POR ACCIONES,ATRAZINA 90%,III
39375,FULL OIL METILADO,FORMULAGRO SOCIEDAD RESPONSABILIDAD LIMITADA,"ESTERES METILICOS DE ACIDOS GRASOS DE ACEITE DE SOJA 76,6%",IV
39374,REPTYL,FARM CHEMICALS ARGENTINA S.R.L,FOSETIL ALUMINIO 80%,III
39373,AZZURRO XTRA,FARM CHEMICALS ARGENTINA S.R.L,ZINEB 75%,III
39372,LUCRO PLUS,ATANOR SOCIEDAD EN COMANDITA POR ACCIONES,"ABAMECTINA 5%, BIFENTRIN 25%",II
39371,"ATANOR DICAMBA 70,8 SL",ATANOR SOCIEDAD EN COMANDITA POR ACCIONES,"DICAMBA 70,8%",IV
39370,TESORO,NOVA S. A. U.,"ABAMECTINA ,4%, ACETAMIPRID 8%, AZOXISTROBINA 10%, BIFENTRIN 3,5%, CIPROCONAZOLE 4%",II
39369,KWONDUS MYL,TECNOMYL S. A.,LAMBDA-CIALOTRINA 25%,IV
39368,RINO E,S ANDO Y CIA SACIIF,ALCOHOL LAURICO ETOXILADO 20%,III
39367,CLETODIM 24 EBC,ENRIQUE M BAYA CASAL S. A.,CLETODIM 24%,III
39365,PICLORAM LANTHER,LANTHER QUIMICA S. A.,"PICLORAM 38,8%",III
39364,CLETODIM ADN,ADN AGRO S.A.,CLETODIM 24%,III
39363,STK REGEV,TRIOLO IGNACIO LUIS,"ACEITE DE ARBOL DE TE 40%, DIFENOCONAZOLE 20%",III
39362,PLENARIS SEMILLERO,CORTEVA AGRISCIENCE ARGENTINA SRL,OXATIAPIPROLIN 20%,IV
39361,LUMISENA SEMILLERO,CORTEVA AGRISCIENCE ARGENTINA SRL,OXATIAPIPROLIN 20%,IV
39360,BETAN 80 WG,RAINBOW AGROSCIENSES SA,CAPTAN 80%,III
39359,CAPTAN 80 WG FALCROP,FALCROP S. A.,CAPTAN 80%,III
39357,IMPASS,RAINBOW AGROSCIENSES SA,IMAZAPIR 80%,III
39356,SULFENTRA FENDER,PRO CROP S.A.,SULFENTRAZONE 50%,III
39355,SILICON,COMPAÑIA DAB S.R.L.,ACIDO FOSFORICO 50%,III
39353,"GLIFO POWER 66,2 SL DELTA",AGROINSUMOS B Y L S.A.,"GLIFOSATO 66,2%",III
39352,FACYT IMPID 60,FACYT I + D SA,IMIDACLOPRID 60%,II
39351,DELTAQUAT,AGROINSUMOS B Y L S.A.,"PARAQUAT DICLORURO 27,6%",III
39350,PARAQUAT ZAMBA,COFCO INTERNATIONAL ARGENTINA S.A.,"PARAQUAT DICLORURO 27,6%",III
39348,PARAQUAT FORMULAGRO,FORMULAGRO SOCIEDAD RESPONSABILIDAD LIMITADA,"PARAQUAT DICLORURO 27,6%",II
39346,"PARAQUAT CORE MAX 27,6",COMPAÑIA DE INSUMOS Y GRANOS S A,"PARAQUAT DICLORURO 27,6%",III
39345,YPF AGRO PARAQUAT HF,RAINBOW AGROSCIENSES SA,"PARAQUAT DICLORURO 27,6%",III
39344,EQUATION PRO,CORTEVA AGRISCIENCE ARGENTINA SRL,"CIMOXANIL 30%, FAMOXADONA 22,5%",II
39343,ARIETE,ATANOR SOCIEDAD EN COMANDITA POR ACCIONES,"LAMBDA-CIALOTRINA 10,6%, TIAMETOXAM 14,1%",II
39342,OXIDO CUPROSO CITROCUP,S.A SAN MIGUEL A G I C I Y F,"OXIDO CUPROSO 56,3%",II
39341,HIDROCOP,SINER S A,HIDROXIDO DE COBRE 77%,II
39340,METOLACLORO RURALCO,RURALCO SOLUCIONES S.A.,METOLACLORO 96%,III
39339,POWER SIGMA,SIGMA AGRO S.A,"ESTERES METILICOS DE ACIDOS GRASOS DE ACEITE DE SOJA 76,6%",IV
39338,NEALTA,BASF AGRICULTURAL SOLUTIONS ARGENTINA S.A.,CIFLUMETOFENO 20%,III
39337,METILUM,CAMPOCATT SRL,"ESTERES METILICOS DE ACIDOS GRASOS DE ACEITE VEGETAL 76,6%",IV
39336,METILATUS 70,CAMPOCATT SRL,ESTERES METILICOS DE ACIDOS GRASOS DE ACEITE VEGETAL 70%,IV
39335,LADERO,INDUAGRO SRL,"ESTERES METILICOS DE ACIDOS GRASOS DE ACEITE DE SOJA 76,6%",IV
39334,PARAQUAT LINE,UPL ARGENTINA S. A.,"PARAQUAT DICLORURO 27,6%",III
39332,PICLORAM 24 EBC,ENRIQUE M BAYA CASAL S. A.,"PICLORAM 38,8%",III
39330,NUPROMAX FORCE,NUPROAGRO S.A.,ESTERES METILICOS DE ACIDOS GRASOS DE ACEITE DE SOJA 80%,IV
39329,ISONET-L,AGRO ROCA S A,"(E,Z)7,9-DODECADIENIL ACETATO 67,5%",IV
39328,ANDOMICINA,S ANDO Y CIA SACIIF,"CLORHIDRATO DE OXITETRACICLINA 3,2%, SULFATO DE ESTREPTOMICINA 25%",III
39327,KRONOS 96 EC,DVA AGRO GMBH S.E.E.,METOLACLORO 96%,III
39326,ALL OK,ALLTEC S A,"ALCOHOL GRASO ETOXILADO 35%, ALCOHOL LINEAL ETOXILADO 35%, ALCOHOLES GRASOS 35%",IV
39325,GENOA,SYNGENTA AGRO SOCIEDAD ANONIMA,"FOMESAFEN 11,95%, S-METOLACLORO 51,8%",III
39324,METOSIP,SIPCAM ARGENTINA S.R.L.,METOLACLORO 96%,II
39323,RANMAN,HELM ARGENTINA S. R. L.,CIAZOFAMID 40%,III
39321,TOCON EXTRA,CORTEVA AGRISCIENCE ARGENTINA SRL,"AMINOPIRALID 4%, TRICLOPIR 16,69%",II
39320,METOLACLOR 96 JLB,JLB Y ASOCIADOS S.A,METOLACLORO 96%,III
39319,YAPU PARAQUAT,AGRARIA54 S.R.L.,"PARAQUAT DICLORURO 27,6%",II
39318,YPF IMAZETAPIR HA,ATANOR SOCIEDAD EN COMANDITA POR ACCIONES,"IMAZETAPIR 10,6%",III
39317,CAMPO FURON 60 WG,NGC AGROSCIENCES ARGENTINA S.A.,METSULFURON METIL 60%,III
39316,EFIMAX ATRAZINA 90,AGRICULTORES FEDERADOS ARGENTINOS SOC COOP LTDA,ATRAZINA 90%,III
39315,YPF AGRO METOLACLORO HF,RAINBOW AGROSCIENSES SA,METOLACLORO 96%,III
39314,ECO MAGIC POWER,AGROSS S.R.L.,ALCOHOL LAURICO ETOXILADO 48%,III
39313,FORMAX III,AGROFINA S A,"AZOXISTROBINA 5,62%, BOSCALID 6%, CIPROCONAZOLE 3%",III
39312,ATRAZINA NOVA 90 WG,NOVA S. A. U.,ATRAZINA 90%,IV
39311,ATRAZINA 90 WG MACRO PROTECT,LDC ARGENTINA S.A.,ATRAZINA 90%,III
39310,BIFEN + IMIDA 10-3 PEYTE,LABORATORIOS PEYTE S.A.,"BIFENTRIN 3%, IMIDACLOPRID 10%",II
39309,S-METOLACLOR 96 EC DELTA AGRO,AGROINSUMOS B Y L S.A.,S-METOLACLORO 96%,II
39306,BAGUAL PLUS,GLEBA S A,S-METOLACLORO 96%,III
39305,ADAMA SARAMAX 96,ADAMA ARGENTINA SOCIEDAD ANONIMA,S-METOLACLORO 96%,III
39304,FLUMETSULAM 80 AGROTERRUM,AGROTERRUM S. A.,FLUMETSULAM 80%,III
39303,FULL WET BIO POWER,LABORATORIO SAN PABLO PRODUCTOS BIOLOGICOS S.R.L.,ALCOHOL GRASO ETOXILADO 20%,IV
39302,PROPANIL 48 RICECO,UPL ARGENTINA S. A.,PROPANIL 48%,III
39301,MIRAVIS TOP CON TECNOLOGIA ADEPIDYN,SYNGENTA AGRO SOCIEDAD ANONIMA,"DIFENOCONAZOLE 12,5%, PIDIFLUMETOFEN 7,5%",II
39300,LAMBDACIALOTRINA ANGIRU,AGRICULTORES FEDERADOS ARGENTINOS SOC COOP LTDA,LAMBDA-CIALOTRINA 5%,II
39299,AGROSTAR-MIX SC,NGC AGROSCIENCES ARGENTINA S.A.,"AZOXISTROBINA 20%, CIPROCONAZOLE 8%",IV
39298,CIMBRON,CORTEVA AGRISCIENCE ARGENTINA SRL,"AMINOPIRALID 4,73%, FLUROXIPIR MEPTIL 11,53%",IV
39297,PHATER PLUS,ARROWWS ARGENTINA S. R. L.,ACEITE DE SOJA 48%,IV
39296,AGRODIM 24 EC,NGC AGROSCIENCES ARGENTINA S.A.,CLETODIM 24%,III
39295,YPF AGRO AZOXI 25,YPF SOCIEDAD ANONIMA,AZOXISTROBINA 25%,IV
39294,INDUOIL,INDUAGRO SRL,"ESTERES METILICOS DE ACIDOS GRASOS DE ACEITE DE SOJA 76,6%",IV
39293,MAXIM SX,SYNGENTA AGRO SOCIEDAD ANONIMA,"FLUDIOXONIL 2,5%, METALAXIL -M 3,75%, SEDAXANE 5%",III
39292,FIDEMAX CLETODIM 24,AGRICULTORES FEDERADOS ARGENTINOS SOC COOP LTDA,CLETODIM 24%,IV
39291,SILVZOLE MAX,RAINBOW AGROSCIENSES SA,TEBUCONAZOLE 75%,III
39290,ADAMA TAILWIND,ADAMA ARGENTINA SOCIEDAD ANONIMA,"METOLACLORO 63%, METRIBUZIN 15%",II
39289,BOOMER,ADAMA ARGENTINA SOCIEDAD ANONIMA,"ABAMECTINA 2,1%, BIFENTRIN 7,5%, IMIDACLOPRID 30%",II
39288,SHELTER WG,ATANOR SOCIEDAD EN COMANDITA POR ACCIONES,FLUMETSULAM 80%,III
39287,MORATOM,RAINBOW AGROSCIENSES SA,"PICLORAM 27,8%",III
39286,SIMTRAC ATANOR,ATANOR SOCIEDAD EN COMANDITA POR ACCIONES,"ATRAZINA 25%, SIMAZINA 25%",II
39285,DAST,GLEBA S A,"DELTAMETRINA ,2%",IV
39284,IRIDIUM,NOVA S. A. U.,"MICLOBUTANIL 20%, TRIADIMENOL 30%",II
39283,BOTAIM,RAINBOW AGROSCIENSES SA,"IMAZAPIC 52,5%, IMAZAPIR 17,5%",III
39282,SEMAR,RAINBOW AGROSCIENSES SA,"IMAZAPIC 17,5%, IMAZAPIR 52,5%",III
39281,ADAMA SEEDRON,ADAMA ARGENTINA SOCIEDAD ANONIMA,"FLUDIOXONIL 5%, TEBUCONAZOLE 1%",III
39280,EUDOR S,HELM ARGENTINA S. R. L.,CLETODIM 24%,III
39279,ACTIVE OIL ECO Me,FITOQUIMICA S.A.,"ESTERES METILICOS DE ACIDOS GRASOS DE ACEITE DE SOJA 76,6%",IV
39278,RAK 2 ULTRA,BASF AGRICULTURAL SOLUTIONS ARGENTINA S.A.,"(E,Z)7,9-DODECADIENIL ACETATO + N-DODECIL ACETATO 56%",IV
39277,DASEN PLUS,AGROFINA S A,"BENAZOLIN ETIL 20%, FOMESAFEN 13,3%",IV
39276,RONFOSS,AGRI STAR S. A.,"LUFENURON 5%, PROFENOFOS 50%",II
39275,HERBIFEN AMINA TD A,ATANOR SOCIEDAD EN COMANDITA POR ACCIONES,"2,4 D 58,4%",II
39274,HERBIFEN AMINA TD B,ATANOR SOCIEDAD EN COMANDITA POR ACCIONES,"2,4 D 58,4%",II
39273,"GRANERO 2,4D AMINA",ATANOR SOCIEDAD EN COMANDITA POR ACCIONES,"2,4 D 58,4%",II
39272,INTRISIC,CORTEVA AGRISCIENCE ARGENTINA SRL,"CLORIMURON ETIL 10,3%, FLUMIOXAZIN 30%",III
39271,SYRMA XTRA,PHILAGRO S.A,"AZOXISTROBINA 20%, CIPROCONAZOLE 8%",II
39270,DIFENOCONAZOLE KUERA,AGRICULTORES FEDERADOS ARGENTINOS SOC COOP LTDA,DIFENOCONAZOLE 25%,IV
39269,J.O - MAX TOTAL V,JO AGRO SRL,EDTA TETRASODICO 25%,IV
39268,HACKER,TECNOMYL S. A.,"LAMBDA-CIALOTRINA 10,6%, TIAMETOXAM 14,1%",III
39267,ADAMA ESSENTIALS LAMDEX 5 EC,ADAMA ARGENTINA SOCIEDAD ANONIMA,LAMBDA-CIALOTRINA 5%,II
39266,BENZOMYL EMA,TECNOMYL S. A.,BENZOATO DE EMAMECTINA 25%,II
39265,AGROBIFEN 10 EC,NGC AGROSCIENCES ARGENTINA S.A.,BIFENTRIN 10%,II
39264,STIMULATE TS,STOLLER ARGENTINA S. A. U.,"ACIDO GIBERELICO ,005%, ACIDO INDOL 3 BUTIRICO ,005%, KINETINA ,009%",III
39263,MAGNO,AGROCAC S.R.L.,IMIDACLOPRID 60%,II
39262,SULGRAN,SULPHUR MILLS SA,AZUFRE 80%,III
39261,TWINS,SULPHUR MILLS SA,"LAMBDA-CIALOTRINA 10,6%, TIAMETOXAM 14,1%",II
39260,GLIFOSATO POWER LARTI II,LARTIRIGOYEN Y CIA S A,"GLIFOSATO 64,5%",IV
39259,TRANSFORM,CORTEVA AGRISCIENCE ARGENTINA SRL,SULFOXAFLOR 50%,IV
39258,SUNGAIN XTRA,RAINBOW AGROSCIENSES SA,FLUMIOXAZIN 51%,IV
39257,DUBLE,SERV - QUIM S.A.,"IMIDACLOPRID 23,3%, TEBUCONAZOLE 1,3%",II
39256,AGROMIDA 70 WDG,NGC AGROSCIENCES ARGENTINA S.A.,IMIDACLOPRID 70%,II
39254,SULFENTRAZONE 50 SC PROVENTIS,AGROREGISTROS PROFESIONALES S.R.L.,SULFENTRAZONE 50%,III
39253,CORRECTOR -SECUESTRANTE AKTIV,AKTIV S.R.L.,ACIDO FOSFORICO 60%,III
39252,PILARSATO 75.7 SG,PILARQUIM ARGENTINA S. R. L.,"GLIFOSATO 75,7%",III
39251,CLARTEX X-TRA,DE SANGOSSE LATIN AMERICA S.A.,"ACETAMIPRID 1,6%",IV
39249,ZETA STK,FALCROP S. A.,CLOROTALONIL 50%,III
39248,ROTHALONIL 50 ALB,ATANOR SOCIEDAD EN COMANDITA POR ACCIONES,CLOROTALONIL 50%,III
39247,STEER,FITOQUIMICA S.A.,"ESTERES METILICOS DE ACIDOS GRASOS DE ACEITE DE SOJA 76,6%",IV
39246,QUINTAL XTRA,CORTEVA AGRISCIENCE ARGENTINA SRL,"METOXIFENOCIDE 30%, SPINETORAM 6%",IV
39245,BOUNDARY,SYNGENTA AGRO SOCIEDAD ANONIMA,"METRIBUZIN 14,9%, S-METOLACLORO 62,8%",III
39244,TALONIL,SHARDA CROPCHEM LIMITED SUC.EMP.EXT.,CLOROTALONIL 72%,III
39243,KOSAKO 36 EC,UPL ARGENTINA S. A.,CLETODIM 36%,III
39242,LATIUM SUPER u.,UPL ARGENTINA S. A.,CLETODIM 36%,III
39241,CREDIT POTASICO,SUMITOMO CHEMICAL ARGENTINA S.A.,"GLIFOSATO 66,2%",IV
39240,YPF AGRO GLIFOSATO CONCENTRADO HC,YPF SOCIEDAD ANONIMA,"GLIFOSATO 66,2%",IV
39239,"GLIFOSATO 66,2 KEMSURE",AGROEMPRESA COLON S.A.,"GLIFOSATO 66,2%",IV
39238,GEMMIT TOP,SUMMIT AGRO ARGENTINA S A,FLUMIOXAZIN 48%,IV
39237,CYD - X,MITSUI & CO. (ARGENTINA) S. A.,"CYDIA POMONELLA GRANULOVIRUS ,06%",IV
39236,DASH MSO MAX,BASF ARGENTINA S. A.,ESTERES METILICOS DE ACIDOS GRASOS DE ACEITE VEGETAL 75%,IV
39235,CUSTODIO,INDUAGRO SRL,BACILLUS SUBTILIS 5%,IV
39234,NYAMBI FLO,SUMMIT AGRO ARGENTINA S A,FLUMIOXAZIN 48%,IV
39233,ASTRIS GOLD,ATANOR SOCIEDAD EN COMANDITA POR ACCIONES,"LAMBDA-CIALOTRINA 10%, LUFENURON 10%",II
39232,CLEARLAND,SHARDA CROPCHEM LIMITED SUC.EMP.EXT.,"PICLORAM 38,8%",III
39231,LUXOR RA,ATANOR SOCIEDAD EN COMANDITA POR ACCIONES,CLETODIM 24%,III
39230,FACYT TC + M,FACYT I + D SA,"CARBENDAZIM 15%, METALAXIL 4,38%, TIRAM 15%",III
39228,SENDERO,CORTEVA AGRISCIENCE ARGENTINA SRL,"AMINOPIRALID 7,1%, CLOPYRALID 36,36%",IV
39227,PERFION,NOVA S. A. U.,"AZOXISTROBINA 1%, CARBOXIN 26,7%, FLUDIOXONIL 1,7%, METALAXIL 3,3%",IV
39226,SHARPER,RIZOBACTER ARGENTINA S A,ESTERES METILICOS DE ACIDOS GRASOS DE ACEITE VEGETAL 48%,IV
39225,FOMESAFEN FENDER,PRO CROP S.A.,"FOMESAFEN 26,3%",IV
39224,ELOTA,GAVIGLIO COMERCIAL S. A.,HALOXIFOP-P METIL 24%,II
39222,FORTALEZA I ZAMBA,COFCO INTERNATIONAL ARGENTINA S.A.,CLETODIM 24%,III
39221,SIMUN M,NITRAP SOCIEDAD DE RESPONSABILIDAD LIMITADA,ACEITE DE SOJA 80%,III
39219,DINAMITA,SHARDA CROPCHEM LIMITED SUC.EMP.EXT.,DIMETOATO 40%,II
39217,EMERGE,UPL ARGENTINA S. A.,"AZOXISTROBINA 20%, CIPROCONAZOLE 8%",III
39216,PAPIR MAX,SINER S A,"IMAZETAPIR 10,59%",IV
39215,RODAZIM 50,ROTAM DE ARGENTINA AGROQUIMICA SRL,CARBENDAZIM 50%,IV
39213,HELIOS,TECNOMYL S. A.,GLUFOSINATO DE AMONIO 20%,IV
39212,PRISMA ULTRA,HELM ARGENTINA S. R. L.,"AZOXISTROBINA 20%, DIFENOCONAZOLE 12,5%",II
39211,BIOULTIMATE MAGNA PLUS,BIOMAGNA S.A.,ESTERES METILICOS DE ACIDOS GRASOS DE ACEITE VEGETAL 76%,IV
39210,METRIBUZIN 48 AGM,AGM ARGENTINA S. A.,METRIBUZIN 48%,II
39209,ZYNION 24 EC,BASF ARGENTINA S. A.,CLETODIM 24%,III
39207,"YPF AGRO 2,4D ETHEX ESTER HA",YPF SOCIEDAD ANONIMA,"2,4 D 97%",II
39206,SULFENTRAZONE ANGIRU,AGRICULTORES FEDERADOS ARGENTINOS SOC COOP LTDA,SULFENTRAZONE 50%,IV
39205,IMIDACLOPRID LEMBU,AGRICULTORES FEDERADOS ARGENTINOS SOC COOP LTDA,IMIDACLOPRID 35%,II
39204,FIDEPLUS MSO SILICONADO,AGRICULTORES FEDERADOS ARGENTINOS SOC COOP LTDA,ESTERES METILICOS DE ACIDOS GRASOS DE ACEITE VEGETAL 75%,IV
39203,ADELFOS PLUS,HELM ARGENTINA S. R. L.,"CLORIMURON ETIL 7,8%, SULFENTRAZONE 62,2%",II
39202,DARREN,AGROFINA S A,FLUMIOXAZIN 48%,IV
39201,YPF METOLACLORO HC,CAMPO CROP S.A.,METOLACLORO 96%,III
39200,2.4D LV,TRAPALCO S.A.,"2,4 D 89%",II
39199,TORNADO,UPL ARGENTINA S. A.,"2,4 D 89%",II
39198,METALADAB,COMPAÑIA DAB S.R.L.,METALAXIL 35%,II
39195,KASUMIN 10,S ANDO Y CIA SACIIF,KASUGAMICINA 10%,IV
39194,ACEITE ROCIO,TRES ROCIOS S.R.L.,ESTERES METILICOS DE ACIDOS GRASOS DE ACEITE DE SOJA 75%,IV
39193,GOAL,NOVA S. A. U.,"AMINA GRASA ETOXILADA 25,6%, ESTERES METILICOS DE ACIDOS GRASOS DE ACEITE DE SOJA 55,6%, ESTERES METILICOS DE ACIDOS GRASOS DE ACEITE VEGETAL 55,6%",III
39192,TROPCS,TROPFEN S. A.,ACIDO FOSFORICO 50%,III
39191,CLETODIM 36% EBC,ENRIQUE M BAYA CASAL S. A.,CLETODIM 36%,III
39190,ADAMA ARROW 36,ADAMA ARGENTINA SOCIEDAD ANONIMA,CLETODIM 36%,III
39189,LATIUM SUPER,AGRO BAYER S. R. L.,CLETODIM 36%,III
39188,LANFOR PRO SC,ATANOR SOCIEDAD EN COMANDITA POR ACCIONES,"AZOXISTROBINA 20%, CIPROCONAZOLE 8%",III
39187,AZOXYCIPRO DELTA AGRO,AGROINSUMOS B Y L S.A.,"AZOXISTROBINA 20%, CIPROCONAZOLE 8%",III
39186,SPRAY SOL XTRA,VERTISOLES S.R.L,"ESTERES METILICOS DE ACIDOS GRASOS DE ACEITE DE SOJA 76,6%",IV
39185,NAFUSAKU 16 L QUIDO,S ANDO Y CIA SACIIF,ALFA NAFTALEN ACETICO 16%,IV
39184,NUFARM HAVOC MAXX,SUMITOMO CHEMICAL ARGENTINA S.A.,CLETODIM 36%,III
39183,RONFOS,RAINBOW AGROSCIENSES SA,"LUFENURON 5%, PROFENOFOS 50%",II
39182,YAMATO,AGROCHEM CONSULTORES S.R.L,PIROXASULFONE 85%,III
39181,CRIPTON XPRO,AGRO BAYER S. R. L.,"BIXAFEN 12,5%, PROTIOCONAZOLE 17,5%, TRIFLOXISTROBIN 15%",III
39180,SATELLITE,UPL ARGENTINA S. A.,"PENDIMETALIN 45,6%",IV
39179,DINAMIC 70 WDG,UPL ARGENTINA S. A.,AMICARBAZONE 70%,III
39177,CAPAZ ELITE,FMC QUIMICA S. A.,"S-METOLACLORO 60%, SULFENTRAZONE 10%",III
39176,QUATERNION,TECNOMYL S. A.,"PARAQUAT DICLORURO 27,6%",III
39175,FIDEPLUS AZOXI-CYPRO,AGRICULTORES FEDERADOS ARGENTINOS SOC COOP LTDA,"AZOXISTROBINA 20%, CIPROCONAZOLE 8%",II
39174,METRIBUZIN 70 WG,ADAMA ARGENTINA SOCIEDAD ANONIMA,METRIBUZIN 70%,IV
39173,CAMUFLAGE 70 WG,ADAMA ARGENTINA SOCIEDAD ANONIMA,METRIBUZIN 70%,IV
39172,REVUS TOP,SYNGENTA AGRO SOCIEDAD ANONIMA,"DIFENOCONAZOLE 25%, MANDIPROPAMID 25%",III
39171,LOGGOX,SIPCAM ARGENTINA S.R.L.,CARFENTRAZONE ETIL 40%,III
39170,EMERALD EXCELL,GOWAN ARGENTINA S.R.L.,"AZOXISTROBINA 10%, TETRACONAZOLE 8%",II
39169,TRIBU 48 SC,LABORATORIOS PEYTE S.A.,METRIBUZIN 48%,II
39168,AGROCAMBA 48 SL,NGC AGROSCIENCES ARGENTINA S.A.,"DICAMBA 57,8%",II
39167,SINOQUAT,EFEL SAS,"PARAQUAT DICLORURO 27,6%",II
39166,MISTRAL,NOVA S. A. U.,"ABAMECTINA 1%, BIFENTRIN 5%, IMIDACLOPRID 20%, LAMBDA-CIALOTRINA 7,5%, LUFENURON 7,5%",II
39165,MALATHION DELENTE,DELENTE S. R. L.,MERCAPTOTION 100%,II
39164,KAISER FULL II,HELM ARGENTINA S. R. L.,"GLIFOSATO 66,2%",IV
39163,PRO D-89 BV,PROTEGRAN S A,"2,4 D 89%",III
39161,FULL OIL SILICONADO,FORMULAGRO SOCIEDAD RESPONSABILIDAD LIMITADA,"ESTERES METILICOS DE ACIDOS GRASOS DE ACEITE DE SOJA 76,6%",IV
39160,FURAFARM 10 G,FARM CHEMICALS ARGENTINA S.R.L,CARBOFURAN 10%,II
39159,SOWER ULTRAMAX,FARMCHEM SA,"DINICONAZOLE 3,2%, METIL TIOFANATO 40%",IV
39158,VIBRANCE MAXX,SYNGENTA AGRO SOCIEDAD ANONIMA,"FLUDIOXONIL 2,5%, METALAXIL -M 3,75%, SEDAXANE 5%",III
39157,ACCOLADE EC,ARKEMA ARGENTINA S.A.U. S. A. U.,"DIMETIL DISULFURO 98,5%",II
39154,HELMSTAR PLUS,HELM ARGENTINA S. R. L.,"AZOXISTROBINA 12%, TEBUCONAZOLE 24%",II
39153,TEBUCONAZOLE KUERA,AGRICULTORES FEDERADOS ARGENTINOS SOC COOP LTDA,TEBUCONAZOLE 43%,IV
39152,ABRIL 50 SC,FALCROP S. A.,IPRODIONE 50%,III
39151,S-METOLACHLOR 96 EC PROVENTIS,AGROREGISTROS PROFESIONALES S.R.L.,S-METOLACLORO 96%,III
39150,METOLACLORO FORMULAGRO,FORMULAGRO SOCIEDAD RESPONSABILIDAD LIMITADA,METOLACLORO 96%,III
39149,MAJORITY 50,FARM CHEMICALS ARGENTINA S.R.L,SULFENTRAZONE 50%,IV
39148,CAMPO-DIFEN 25 EC,NGC AGROSCIENCES ARGENTINA S.A.,DIFENOCONAZOLE 25%,III
39147,YPF AGRO DICAMBA HA,YPF SOCIEDAD ANONIMA,"DICAMBA 57,8%",III
39146,LENA,GAVIGLIO COMERCIAL S. A.,"PARAQUAT DICLORURO 27,6%",III
39144,FOMESA 25 AGROTERRUM,AGROTERRUM S. A.,"FOMESAFEN 26,25%",III
39143,YPF AGRO FOMESAFEN HF,RAINBOW AGROSCIENSES SA,"FOMESAFEN 26,25%",III
39139,RIMBA SG,RAINBOW AGROSCIENSES SA,DICAMBA 77%,II
39138,"BULLFIGHT 75,7 SG",RAINBOW AGROSCIENSES SA,"GLIFOSATO 75,7%",IV
39137,QUINTA ACCION,NIVELAGRO S.R.L.,EDTA TETRASODICO 25%,IV
39136,CYHALOMYL,TECNOMYL S. A.,CIALOFOP-BUTIL 18%,IV
39135,HERBIFEN AMINA A,ATANOR SOCIEDAD EN COMANDITA POR ACCIONES,"2,4 D 84,3%",II
39133,TREGUA,NOVA S. A. U.,"DIFENOCONAZOLE 3,69%, IMIDACLOPRID 12%, IPRODIONE 6,25%, METALAXIL ,62%",IV
39132,FOMESAFEN 25 SL PROVENTIS,AGROREGISTROS PROFESIONALES S.R.L.,FOMESAFEN 25%,III
39130,S-METOLACLORO MACRO PROTECT 96%,LDC ARGENTINA S.A.,S-METOLACLORO 96%,III
39129,YPF AGRO S-METOLACLOR HF,RAINBOW AGROSCIENSES SA,S-METOLACLORO 96%,II
39128,WEED SHOOT,RAINBOW AGROSCIENSES SA,"FLUROXIPIR MEPTIL 28,79%",III
39127,VIGORANE,RAINBOW AGROSCIENSES SA,"FLUROXIPIR MEPTIL 28,79%",III
39126,TECNOQUAT I,GENBRA ARGENTINA S.A.,"PARAQUAT DICLORURO 27,6%",III
39125,TROPOWER,TROPFEN S. A.,HEPTAMETILTRISILOXANO 100%,III
39124,FLUVIUS,ENRIQUE M BAYA CASAL S. A.,HEPTAMETILTRISILOXANO 100%,III
39123,GLIFOSATO POTASICO KEMSURE,AGROEMPRESA COLON S.A.,"GLIFOSATO 61,3%",IV
39122,REDOMON,CHEMOTECNICA S. A.,FLUAZINAM 50%,IV
39121,ADELFOS,HELM ARGENTINA S. R. L.,SULFENTRAZONE 50%,III
39120,BAKER,GAVIGLIO COMERCIAL S. A.,"AZOXISTROBINA 40%, CIPROCONAZOLE 16%",III
39119,POTRERO ULTRA,DVA AGRO GMBH S.E.E.,"2,4 D 96%",II
39118,RESOLUTOR,ASOCIACION DE COOPERATIVAS ARGENTINAS - COOP. LTDA.,CLETODIM 24%,III
39117,RIMBA 77 SG,RAINBOW AGROSCIENSES SA,DICAMBA 77%,II
39115,CLETODIM ARN EBC,ENRIQUE M BAYA CASAL S. A.,CLETODIM 24%,III
39114,ALUMINE SURCOS,SURCOS S.A.,FOSETIL ALUMINIO 80%,III
39113,CORSAIR,NOVA S. A. U.,"IMAZAPIC 31,8%, IMAZAPIR 10,7%",III
39112,AGROSTAR 50 WDG,NGC AGROSCIENCES ARGENTINA S.A.,AZOXISTROBINA 50%,III
39111,CAMPEADOR,NIVELAGRO S.R.L.,DODECIL BENCEN SULFONICO 24%,III
39110,OBY,GAVIGLIO COMERCIAL S. A.,DICAMBA 58%,II
39109,SummaOil,DESARROLLOS BIOTECNOLOGICOS S.A.,"ESTERES METILICOS DE ACIDOS GRASOS DE ACEITE DE SOJA 76,6%",IV
39106,CASTER LV,TRAPALCO S.A.,"2,4 D 89%",II
39105,FLUROXIPIR 48 EXTRA EBC,ENRIQUE M BAYA CASAL S. A.,FLUROXIPIR MEPTIL 48%,III
39104,"FIDEMAX ABAMECTINA 1,8",AGRICULTORES FEDERADOS ARGENTINOS SOC COOP LTDA,"ABAMECTINA 1,8%",II
39103,MILENIAL SC,ATANOR SOCIEDAD EN COMANDITA POR ACCIONES,SULFENTRAZONE 50%,III
39102,YPF AGRO SULFENTRAZONE HF,RAINBOW AGROSCIENSES SA,SULFENTRAZONE 50%,III
39101,COUGAR,UPL ARGENTINA S. A.,"AZOXISTROBINA 20%, CIPROCONAZOLE 8%",III
39100,CODIGO,ROTAM DE ARGENTINA AGROQUIMICA SRL,TIAMETOXAM 35%,III
39099,ALTRUS,AGM ARGENTINA S. A.,SULFENTRAZONE 50%,III
39098,KYLIAN EC,AGROFINA S A,CLETODIM 24%,III
39096,AMINA 86.7 FULL GC,RAINBOW AGROSCIENSES SA,"2,4 D 86,7%",II
39094,VOLGA,GAVIGLIO COMERCIAL S. A.,"GLIFOSATO 88,8%",III
39093,PETRA,GAVIGLIO COMERCIAL S. A.,LAMBDA-CIALOTRINA 25%,II
39092,GLEBA HELPER 48,GLEBA S A,FLUROXIPIR MEPTIL 48%,III
39091,FIDEPLUS IMIDA-TEBUCO,AGRICULTORES FEDERADOS ARGENTINOS SOC COOP LTDA,"IMIDACLOPRID 23,3%, TEBUCONAZOLE 1,3%",III
39089,KAISER FULL,HELM ARGENTINA S. R. L.,"GLIFOSATO 64,8%",IV
39088,CATCH,NOVA S. A. U.,"IMAZAPIC 18,6%",IV
39087,ATANOR CLOROTALONIL 72 SC FH,ATANOR SOCIEDAD EN COMANDITA POR ACCIONES,CLOROTALONIL 72%,III
39086,ADAMA SULLIVAN 50 SC,ADAMA ARGENTINA SOCIEDAD ANONIMA,SULFENTRAZONE 50%,III
39085,SULFENTRAZONE ZAMBA,COFCO INTERNATIONAL ARGENTINA S.A.,SULFENTRAZONE 50%,III
39084,RAZONE WG,RAINBOW AGROSCIENSES SA,SULFENTRAZONE 75%,III
39083,RAZONE 75 WG,RAINBOW AGROSCIENSES SA,SULFENTRAZONE 75%,III
39082,DICAMBA AGROTERRUM,AGROTERRUM S. A.,"DICAMBA 57,8%",IV
39080,ACETOCLOR 90% EBC,ENRIQUE M BAYA CASAL S. A.,ACETOCLOR 90%,II
39079,SOLVER PRO 75.7 SG,RAINBOW AGROSCIENSES SA,"GLIFOSATO 75,7%",IV
39078,PAXEO FUSION,CORTEVA AGRISCIENCE ARGENTINA SRL,"DICLOSULAM 58%, HALAUXIFEN METIL 11,5%",IV
39077,GLIFOSATO ANGIRU 66.2,AGRICULTORES FEDERADOS ARGENTINOS SOC COOP LTDA,"GLIFOSATO 66,2%",IV
39076,"EXPANSION GLIFOSATO 66,2%",UNION AGRICOLA DE AVELLANEDA COOP LTDA,"GLIFOSATO 66,2%",IV
39075,"GLIFOSATO LEMBU 66,2",AGRICULTORES FEDERADOS ARGENTINOS SOC COOP LTDA,"GLIFOSATO 66,2%",IV
39074,PROTEXIA FS,FITOQUIMICA S.A.,METALAXIL 35%,II
39073,MIDGET,NOVA S. A. U.,"AZOXISTROBINA 3,5%, CLOROTALONIL 40%, DIFENOCONAZOLE 2,24%",IV
39072,LORD 36 EC,UPL ARGENTINA S. A.,CLETODIM 36%,III
39071,TRAZONE,GLEBA S A,SULFENTRAZONE 50%,III
39070,ESTER LV II,NUTRIEN AG SOLUTIONS ARGENTINA S. A.,"2,4 D 97%",II
39068,REL MPAGO,CAMPO CROP S.A.,GLIFOSATO 77%,III
39067,AGROMECTINA 1.8 EC,NGC AGROSCIENCES ARGENTINA S.A.,"ABAMECTINA 1,8%",II
39066,AGROZEB 80 WP,NGC AGROSCIENCES ARGENTINA S.A.,MANCOZEB 80%,III
39065,AGROSTAR 25 SC,NGC AGROSCIENCES ARGENTINA S.A.,AZOXISTROBINA 25%,III
39064,PERSEO,NOVA S. A. U.,"IMAZETAPIR 6,66%, SULFENTRAZONE 13,33%",IV
39063,RIZOSPRAY EXTREMO MINERAL,RIZOBACTER ARGENTINA S A,ACEITE MINERAL 69%,IV
39062,METOLACLOR BIESTERFELD,BIESTERFELD ARGENTINA SOCIEDAD ANONIMA,METOLACLORO 96%,II
39061,HERO EC,FMC QUIMICA S. A.,"BIFENTRIN 18%, ZETAMETRINA 20%",II
39060,DICLOSULAM 84 AGROTERRUM,AGROTERRUM S. A.,DICLOSULAM 84%,III
39059,EFIMAX DICLOSULAM 84,AGRICULTORES FEDERADOS ARGENTINOS SOC COOP LTDA,DICLOSULAM 84%,III
39058,YPF AGRO DICLOSULAM HF,RAINBOW AGROSCIENSES SA,DICLOSULAM 84%,III
39057,KONYZ,SUMITOMO CHEMICAL ARGENTINA S.A.,DICLOSULAM 84%,III
39055,CEOMAX 84 WDG,ASOCIACION DE COOPERATIVAS ARGENTINAS - COOP. LTDA.,DICLOSULAM 84%,III
39054,VAKERO WG,GLEBA S A,DICLOSULAM 84%,III
39053,CARBENDAZIM ANGIRU,AGRICULTORES FEDERADOS ARGENTINOS SOC COOP LTDA,CARBENDAZIM 50%,IV
39052,MERCANTOR,SYNGENTA AGRO SOCIEDAD ANONIMA,S-METOLACLORO 96%,III
39051,RIDOF WG,ATANOR SOCIEDAD EN COMANDITA POR ACCIONES,DICLOSULAM 84%,III
39050,LAMBDA 5 GC,RAINBOW AGROSCIENSES SA,LAMBDA-CIALOTRINA 5%,III
39049,FACYT AT,FACYT I + D SA,"AZOXISTROBINA 5%, TIRAM 25%",III
39048,ARACHIS MAX SIGMA,SIGMA AGRO S.A,IMAZAPIC 70%,IV
39047,SERBAC ECO PLUS,SERQUIM S.A.,ALCOHOL LAURICO ETOXILADO 15%,IV
39046,BREAK-THRU MSO MAX,EVONIK ARGENTINA S.A,ESTERES METILICOS DE ACIDOS GRASOS DE ACEITE VEGETAL 75%,IV
39045,GLIFOSATO REZNAP GOLD,ADECO AGROPECUARIA S. A.,"GLIFOSATO 66,2%",IV
39044,EMZEB 75 WG,SABERO ARGENTINA SOCIEDAD ANONIMA,MANCOZEB 75%,III
39043,HAVOC,SUMITOMO CHEMICAL ARGENTINA S.A.,CLETODIM 24%,III
39042,CINCHA ZAMBA,COFCO INTERNATIONAL ARGENTINA S.A.,"AZOXISTROBINA 20%, CIPROCONAZOLE 8%",III
39041,YPF AGRO MIXTAR FF,RAINBOW AGROSCIENSES SA,"AZOXISTROBINA 20%, CIPROCONAZOLE 8%",III
39040,HELIANTHUS MAX SIGMA,SIGMA AGRO S.A,IMAZAPIR 80%,IV
39039,NICOSULFURON ADN,ADN AGRO S.A.,NICOSULFURON 75%,IV
39038,CREDIT P,SUMITOMO CHEMICAL ARGENTINA S.A.,"GLIFOSATO 66,2%",IV
39037,EQUS L,PROQUIMUR SA,"LAMBDA-CIALOTRINA 10,6%, TIAMETOXAM 14,1%",II
39036,MULCHEN FAST,MULCHEN AGROTOTAL SOCIEDAD ANONIMA,ESTERES METILICOS DE ACIDOS GRASOS DE ACEITE VEGETAL 62%,IV
39035,MULCHEN CHACRA,MULCHEN AGROTOTAL SOCIEDAD ANONIMA,ESTERES METILICOS DE ACIDOS GRASOS DE ACEITE VEGETAL 62%,IV
39034,STEER NEXUM,FITOQUIMICA S.A.,"ESTERES METILICOS DE ACIDOS GRASOS DE ACEITE DE SOJA 76,6%",IV
39033,2.4 PRO DB,PROTEGRAN S A,"2,4-DB 93,1%",II
39032,CLEANDIM FULL,RAINBOW AGROSCIENSES SA,CLETODIM 36%,III
39031,CORRECTOR DE PH AKTIV,AKTIV S.R.L.,ACIDO FOSFORICO 60%,III
39030,CELEBRATE,UPL ARGENTINA S. A.,"CLETODIM 24%, QUIZALOFOP-P ETIL 12%",III
39029,SERCOR FULL ECO,SERQUIM S.A.,ALCOHOL LAURICO ETOXILADO 14%,IV
39028,METSULFURON 60 SIGMA,SIGMA AGRO S.A,METSULFURON METIL 60%,III
39027,CLETODIM FORMULAGRO,FORMULAGRO SOCIEDAD RESPONSABILIDAD LIMITADA,CLETODIM 24%,III
39026,TIMEROL PLUS,RAINBOW AGROSCIENSES SA,"LAMBDA-CIALOTRINA 10,6%, TIAMETOXAM 14,1%",II
39025,GENESIS,TECNOMYL S. A.,AZOXISTROBINA 25%,III
39024,PARAQUAT SIGMA,SIGMA AGRO S.A,"PARAQUAT DICLORURO 27,6%",III
39023,GLIFOSATO FULL II SIGMA,SIGMA AGRO S.A,"GLIFOSATO 66,2%",IV
39022,SPORANE,HELM ARGENTINA S. R. L.,"AZOXISTROBINA 20%, CIPROCONAZOLE 8%",II
39021,RIZOSPRAY INTEGRUM,RIZOBACTER ARGENTINA S A,ESTERES METILICOS DE ACIDOS GRASOS DE ACEITE VEGETAL 48%,IV
39020,FENOXADE,DVA AGRO GMBH S.E.E.,"FENOXAPROP-P ETIL 6,9%",III
39015,PICLORAM 24 SL,ADAMA ARGENTINA SOCIEDAD ANONIMA,PICLORAM 24%,IV
39012,PUZATE,RAINBOW AGROSCIENSES SA,IMAZETAPIR 70%,IV
39010,PICLORAM 24,ADAMA ARGENTINA SOCIEDAD ANONIMA,PICLORAM 24%,IV
39009,STRIX SC,DVA AGRO GMBH S.E.E.,"AZOXISTROBINA 20%, CIPROCONAZOLE 8%",III
39008,GLYNOMYL BB,TECNOMYL S. A.,"GLIFOSATO 66,2%",IV
39007,GLYNOMYL CC,TECNOMYL S. A.,"GLIFOSATO 66,2%",IV
39006,GLYNOMYL DD,TECNOMYL S. A.,"GLIFOSATO 66,2%",IV
39004,IMAZETAPIR ARATIRI,AGRICULTORES FEDERADOS ARGENTINOS SOC COOP LTDA,"IMAZETAPIR 10,6%",IV
39003,IMAZETAPIR ANGIRU,AGRICULTORES FEDERADOS ARGENTINOS SOC COOP LTDA,"IMAZETAPIR 10,6%",IV
39002,ATRAZINA ANGIRU,AGRICULTORES FEDERADOS ARGENTINOS SOC COOP LTDA,ATRAZINA 50%,IV
39001,ATRAZINA ARATIRI,AGRICULTORES FEDERADOS ARGENTINOS SOC COOP LTDA,ATRAZINA 50%,IV
39000,ATRAZINA LEMBU,AGRICULTORES FEDERADOS ARGENTINOS SOC COOP LTDA,ATRAZINA 50%,IV
38998,GLIFOSATO ANGIRU 43.8,AGRICULTORES FEDERADOS ARGENTINOS SOC COOP LTDA,"GLIFOSATO 43,8%",IV
38997,"2,4 DB EBC",ENRIQUE M BAYA CASAL S. A.,"2,4-DB 93,1%",II
38996,"2,4DB LUXIA",JLB Y ASOCIADOS S.A,"2,4-DB 93,1%",II
38995,"2,4-DB AGROTERRUM",AGROTERRUM S. A.,"2,4-DB 93,1%",II
38994,LANCASTER PHILAGRO,PHILAGRO S.A,"PARAQUAT DICLORURO 27,6%",III
38993,ACETOCLOR ATANOR A,ATANOR SOCIEDAD EN COMANDITA POR ACCIONES,ACETOCLOR 90%,III
38992,"PARAQUAT 27,6 SL",ADAMA ARGENTINA SOCIEDAD ANONIMA,"PARAQUAT DICLORURO 27,6%",II
38991,ACETOCLOR ATANOR B,ATANOR SOCIEDAD EN COMANDITA POR ACCIONES,ACETOCLOR 90%,III
38990,YPF AGRO PARAQUAT HB,YPF SOCIEDAD ANONIMA,"PARAQUAT DICLORURO 27,6%",II
38989,FLORANE ACA,ASOCIACION DE COOPERATIVAS ARGENTINAS - COOP. LTDA.,FLUROCLORIDONA 25%,II
38988,NOCAUT SC,ATANOR SOCIEDAD EN COMANDITA POR ACCIONES,IMIDACLOPRID 35%,II
38987,"2,4D EH 102,5% EBC",ENRIQUE M BAYA CASAL S. A.,"2,4 D 102,5%",III
38986,"YPF AGRO 2,4D ETHEX ESTER HF",RAINBOW AGROSCIENSES SA,"2,4 D 102,5%",III
38985,PICLORAM 24 SL ACA,ASOCIACION DE COOPERATIVAS ARGENTINAS - COOP. LTDA.,"PICLORAM 27,8%",III
38984,YPF AGRO PICLORAM HF,RAINBOW AGROSCIENSES SA,"PICLORAM 27,8%",III
38983,CUMPLIDOR,RAINBOW AGROSCIENSES SA,"METRIBUZIN 48%, SULFENTRAZONE 32%",III
38982,CLEANIL XTRA,RAINBOW AGROSCIENSES SA,CLOROTALONIL 90%,III
38981,WRAP UP,GULF OIL ARGENTINA S.A.,ACEITE MINERAL 86%,IV
38980,CONTROLE 77 SG,TECNOMYL S. A.,DICAMBA 77%,IV
38979,DIZE,NOVA S. A. U.,"PICLORAM 27,7%",IV
38978,GARFIO,NOVA S. A. U.,"PICLORAM 27,7%",IV
38976,EXCEMINE,RAINBOW AGROSCIENSES SA,"2,4 D 60%",II
38973,PICLORAM ASTRO,INSUMOS AGROQUIMICOS SOCIEDAD ANONIMA,"PICLORAM 38,8%",III
38972,YPF GLIFOSATO CONCENTRADO HL,TECNOMYL S. A.,"GLIFOSATO 66,2%",IV
38971,WEEDFIRE,RAINBOW AGROSCIENSES SA,"FLUROXIPIR MEPTIL 28,79%",III
38970,PIRATE,BASF AGRICULTURAL SOLUTIONS ARGENTINA S.A.,CLORFENAPIR 24%,II
38968,PRODINOLEO METILADO,PRODINSA ARGENTINA S A,"ESTERES METILICOS DE ACIDOS GRASOS DE ACEITE DE SOJA 82%, ESTERES METILICOS DE ACIDOS GRASOS DE ACEITE VEGETAL 82%",IV
38967,YAPU 90 WG ATRAZINA,REGISTROS AGROPECUARIOS SRL,ATRAZINA 90%,III
38966,START UP IMIGO PLUS,UPL ARGENTINA S. A.,"IMIDACLOPRID 23,3%, TEBUCONAZOLE 1,3%",III
38965,GLIFOSATO ATANOR II A,ATANOR SOCIEDAD EN COMANDITA POR ACCIONES,"GLIFOSATO 43,8%",IV
38964,GLIFOSATO ATANOR II C,ATANOR SOCIEDAD EN COMANDITA POR ACCIONES,"GLIFOSATO 43,8%",IV
38963,GLIFOSATO ATANOR II B,ATANOR SOCIEDAD EN COMANDITA POR ACCIONES,"GLIFOSATO 43,8%",IV
38961,SILVZOLE PLUS,RAINBOW AGROSCIENSES SA,TEBUCONAZOLE 75%,III
38960,PENDIPLUS 50 EC,S ANDO Y CIA SACIIF,PENDIMETALIN 50%,III
38959,TOPRID PLUS,RAINBOW AGROSCIENSES SA,IMIDACLOPRID 70%,II
38958,CLETHODIM 24 EC PROVENTIS,AGROREGISTROS PROFESIONALES S.R.L.,CLETODIM 24%,III
38957,PRADO EXTRA,CORTEVA AGRISCIENCE ARGENTINA SRL,"2,4 D 48,2%, AMINOPIRALID 6,1%",II
38956,ACETONOR,ATANOR SOCIEDAD EN COMANDITA POR ACCIONES,ACETOCLOR 90%,II
38954,MIRAVIS DUO CON TECNOLOGIA ADEPIDYN -,SYNGENTA AGRO SOCIEDAD ANONIMA,"DIFENOCONAZOLE 12,5%, PIDIFLUMETOFEN 7,5%",II
38952,DICAMBA CONTROLER,AGROFACIL S A,"DICAMBA 57,8%",III
38951,LOMBOK,PROQUIMUR SA,"AZOXISTROBINA 20%, CIPROCONAZOLE 8%",III
38950,AGROZINA 90 WDG,NGC AGROSCIENCES ARGENTINA S.A.,ATRAZINA 90%,III
38949,TECNOQUAT PLUS,WECAN AGRO SA,"DIURON 10%, PARAQUAT DICLORURO 27,6%",II
38948,IMAZETAPIR MAX SIGMA,SIGMA AGRO S.A,IMAZETAPIR 80%,III
38947,AGROLUFEN 5 EC,NGC AGROSCIENCES ARGENTINA S.A.,LUFENURON 5%,IV
38946,GREEN OIL,POTENCIAL QUIMICA S.A.,ACEITE DE SOJA 93%,IV
38945,MARCH II SL,AGROFINA S A,"GLIFOSATO 64,5%",IV
38944,POLARIS ACCELERATE,ADAMA ARGENTINA SOCIEDAD ANONIMA,"GLIFOSATO 64,5%",IV
38943,NUFARM CREDIT HL,SUMITOMO CHEMICAL ARGENTINA S.A.,"GLIFOSATO 64,5%",IV
38941,TANALITH 60% CCA C,ARXADA ARGENTINA S.A.,SALES CCA 108%,Ia
38940,OIL MEN,BIOMEN TECHNOLOGY SA,ACEITE DE SOJA 86%,IV
38939,ERRASIN WP,CHEMOTECNICA S. A.,METSULFURON METIL 60%,III
38938,MERLIN TOTAL,AGRO BAYER S. R. L.,"INDAZIFLAM 15%, ISOXAFLUTOLE 45%",II
38937,TAMARIN,HELM ARGENTINA S. R. L.,BIFENTRIN 10%,II
38936,ABRIDOR PLUS,AGROFINA S A,"DIURON 6%, TIDIAZURON 12%",IV
38935,COADYUVANTE ESPACIAL SILICONADO FACYT,FACYT I + D SA,"ALCOHOL LAURICO ETOXILADO 24,9%",IV
38933,"ASP 2,4 DB XTRA",NUTRIEN AG SOLUTIONS ARGENTINA S. A.,"2,4-DB 93,1%",II
38932,PERICON MIX,PRODINSA ARGENTINA S A,"IMIDACLOPRID 23,3%, TEBUCONAZOLE 1,3%",III
38931,GREEN WET,POTENCIAL QUIMICA S.A.,ALCOHOL GRASO ETOXILADO 25%,IV
38929,GREEN DICAMBA,MOLINO CAÑUELAS SOCIEDAD ANONIMA COMERCIAL INDUSTRIAL FINANCIERA INMOBILIARIA Y AGROPECUARIA,"DICAMBA 57,8%",III
38928,DICANFA 58,FARMCHEM SA,DICAMBA 58%,II
38927,PARADISE FIT,NOVA S. A. U.,"AZOXISTROBINA 20%, CIPROCONAZOLE 12%",II
38926,CORVEMAX,ASFE - AGRONEGOCIOS SANTA FE SOCIEDAD DE RESPONSABILIDAD LIMITADA,ALCOHOL GRASO ETOXILADO 30%,III
38925,ADAMA GUAPO ULTRA,ADAMA ARGENTINA SOCIEDAD ANONIMA,"AZOXISTROBINA 10%, EPOXICONAZOLE 10%",III
38924,INNOIL M OPTIMO,INNOQUIM S.A.,"ESTERES METILICOS DE ACIDOS GRASOS DE ACEITE DE SOJA 76,6%",IV
38923,DABOIL MET,COMPAÑIA DAB S.R.L.,"ESTERES METILICOS DE ACIDOS GRASOS DE ACEITE DE SOJA 76,6%",IV
38922,OIL SP MAX,LABORATORIO SAN PABLO PRODUCTOS BIOLOGICOS S.R.L.,"ESTERES METILICOS DE ACIDOS GRASOS DE ACEITE DE SOJA 76,6%",IV
38921,METIL OIL,POTENCIAL QUIMICA S.A.,"ESTERES METILICOS DE ACIDOS GRASOS DE ACEITE DE SOJA 76,6%",IV
38920,TROYA,NOVA S. A. U.,"LAMBDA-CIALOTRINA 8,33%, PROFENOFOS 50%",II
38919,ORIGEN,NOVA S. A. U.,"AZOXISTROBINA ,6%, CARBOXIN 20%, METALAXIL 1,33%, METIL TIOFANATO 10%",IV
38918,OILCO LB,CREMER Y ASOCIADOS SOCIEDAD ANONIMA,ESTERES METILICOS DE ACIDOS GRASOS DE ACEITE VEGETAL 80%,IV
38917,AGROTALONIL 72 STICK PRO,NGC AGROSCIENCES ARGENTINA S.A.,CLOROTALONIL 72%,III
38916,"EFIMAX GLIFOSATO 75,7 SG",AGRICULTORES FEDERADOS ARGENTINOS SOC COOP LTDA,"GLIFOSATO 75,7%",IV
38914,CURASEM,AGROFACIL S A,"CARBENDAZIM 15%, TIRAM 15%",III
38913,FIDEMAX BIFENTRIN 10,AGRICULTORES FEDERADOS ARGENTINOS SOC COOP LTDA,BIFENTRIN 10%,II
38912,"HALOXIFOP 12,5 CAMPO",PROCHEM BIO SA.,"HALOXIFOP-P METIL 12,5%",III
38911,LEXOREX,DVA AGRO GMBH S.E.E.,METRIBUZIN 70%,II
38910,GLUFAN,AGROFINA S A,GLUFOSINATO DE AMONIO 20%,III
38909,ASTAR 80 WG,RAINBOW AGROSCIENSES SA,AZOXISTROBINA 80%,III
38908,RIZODERMA Soja,RIZOBACTER ARGENTINA S A,TRICHODERMA AFROHARZIANUM cepa Th2R199 50%,IV
38907,SUPERBE,RIZOBACTER ARGENTINA S A,ESTERES METILICOS DE ACIDOS GRASOS DE ACEITE VEGETAL 82%,IV
38906,RIZO OIL M PLUS,RIZOBACTER ARGENTINA S A,ESTERES METILICOS DE ACIDOS GRASOS DE ACEITE VEGETAL 82%,IV
38904,FIDEMAX METOLACLORO 96,AGRICULTORES FEDERADOS ARGENTINOS SOC COOP LTDA,METOLACLORO 96%,III
38903,CARDAZIM,RAINBOW AGROSCIENSES SA,CARBENDAZIM 50%,III
38902,GUARDAZIM,RAINBOW AGROSCIENSES SA,CARBENDAZIM 50%,III
38901,LANFOR,ATANOR SOCIEDAD EN COMANDITA POR ACCIONES,"AZOXISTROBINA 20%, CIPROCONAZOLE 8%",III
38900,MESOTRIONE 48 SC PROVENTIS,AGROREGISTROS PROFESIONALES S.R.L.,MESOTRIONE 48%,III
38899,TIAMOTTO 75 EXTRA,RAINBOW AGROSCIENSES SA,TIAMETOXAM 75%,III
38898,THAIS 75 EXTRA,RAINBOW AGROSCIENSES SA,TIAMETOXAM 75%,III
38897,"EFIMAX DICAMBA 57,8",AGRICULTORES FEDERADOS ARGENTINOS SOC COOP LTDA,"DICAMBA 57,8%",IV
38896,YPF AGRO DICAMBA HF,RAINBOW AGROSCIENSES SA,"DICAMBA 57,8%",IV
38895,AZOXYSOL XTRA 80 WG,VERTISOLES S.R.L,AZOXISTROBINA 80%,III
38893,TIMEROLE 75 EXTRA,RAINBOW AGROSCIENSES SA,TIAMETOXAM 75%,III
38889,LASSO,RAINBOW AGROSCIENSES SA,LAMBDA-CIALOTRINA 25%,II
38887,GLIAS 75.7 SG,RAINBOW AGROSCIENSES SA,"GLIFOSATO 75,7%",IV
38886,HALOXIGEN MAX,TECNOMYL S. A.,HALOXIFOP-P METIL 54%,II
38885,SILICONADO AKTIV,AKTIV S.R.L.,ALCOHOL LAURICO ETOXILADO 50%,II
38884,CLETODIM HUAGRO,HUAGRO S A,CLETODIM 24%,III
38883,CLETODIM JNG,JNG & ASOCIADOS S A,CLETODIM 24%,III
38882,GENESIS DUO,TECNOMYL S. A.,"AZOXISTROBINA 20%, CIPROCONAZOLE 8%",III
38881,AMOUNT,AGM ARGENTINA S. A.,GLUFOSINATO DE AMONIO 20%,III
38880,NICOSULFURON NOVA,NOVA S. A. U.,NICOSULFURON 24%,IV
38879,COADYUVANTE TODO TERRENO ESPACIAL FACYT,FACYT I + D SA,"ALCOHOL LAURICO ETOXILADO 36,3%",IV
38878,FLECHA,INDUAGRO SRL,HALOXIFOP-P METIL 54%,II
38877,YPF ATRAZINA HG,YPF SOCIEDAD ANONIMA,ATRAZINA 50%,IV
38876,YPF GLIFOSATO CONCENTRADO HG,YPF SOCIEDAD ANONIMA,"GLIFOSATO 66,2%",IV
38875,RIZODERMA Trigo,RIZOBACTER ARGENTINA S A,TRICHODERMA AFROHARZIANUM cepa Th2R199 50%,IV
38873,RID GONE,RAINBOW AGROSCIENSES SA,GLIFOSATO 42%,III
38872,ARALAMBDA 25,ARANAMI S.A.,LAMBDA-CIALOTRINA 25%,II
38871,"HARVISTA 1,3 SC",AGROFRESH ARGENTINA S.R.L.,"METIL CICLOPROPENO 1,7%",IV
38869,GLADIUS CROSS,TECNOMYL S. A.,ACETOCLOR 84%,III
38868,FIDEPLUS IMIDA-LAMBDA,AGRICULTORES FEDERADOS ARGENTINOS SOC COOP LTDA,"IMIDACLOPRID 20%, LAMBDA-CIALOTRINA 10%",II
38867,ASAX 24,TECNOMYL S. A.,"PICLORAM 27,8%",III
38866,BISPIRIBAC 40 RAINBOW,RAINBOW AGROSCIENSES SA,BISPIRIBAC SODIO 40%,III
38865,WEEDAMINA 72 SL,NGC AGROSCIENCES ARGENTINA S.A.,"2,4 D 72%",II
38864,NUTAR,SUMITOMO CHEMICAL ARGENTINA S.A.,TIAMETOXAM 35%,III
38863,CLORIMURON 75 MAX SIGMA,SIGMA AGRO S.A,CLORIMURON ETIL 75%,III
38862,TIODICARB 80 DVA,DVA AGRO GMBH S.E.E.,TIODICARB 80%,II
38861,ACEITE VEGETAL AKTIV,AKTIV S.R.L.,ACEITE DE SOJA 85%,IV
38860,FLEXSTAR GT,SYNGENTA AGRO SOCIEDAD ANONIMA,"FOMESAFEN 7,1%, GLIFOSATO 32,5%",IV
38859,GLIFO PAMPA PLUS,COFCO INTERNATIONAL ARGENTINA S.A.,"GLIFOSATO 66,2%",IV
38858,KULT,TECNOMYL S. A.,"HALOXIFOP-P METIL 12,5%",III
38857,AZOXY 20 + CYPRO 8 SC PROVENTIS,AGROREGISTROS PROFESIONALES S.R.L.,"AZOXISTROBINA 20%, CIPROCONAZOLE 8%",II
38856,CUMPA,INDUAGRO SRL,"AZOXISTROBINA 20%, CIPROCONAZOLE 8%",III
38855,ECO VIRA RED,AGROSS S.R.L.,ALCOHOL LAURICO ETOXILADO 48%,III
38854,BORDER,,"AZOXISTROBINA 12,5%, FLUTRIAFOL 12,5%",III
38853,COADYUVANTE ESPACIAL TRIPLE EFECTO FACYT,FACYT I + D SA,ALCOHOL LAURICO ETOXILADO 12%,III
38852,NICOSH 75 WG,SHARDA CROPCHEM LIMITED SUC.EMP.EXT.,NICOSULFURON 75%,III
38851,INSYST,NOVA S. A. U.,"ABAMECTINA ,6%, PROFENOFOS 50%",II
38850,ECO POTENT K,AGROSS S.R.L.,ALCOHOL LAURICO ETOXILADO 48%,III
38849,BRUJO,SURCOS S.A.,"2,4 D 44,8%, PICLORAM 11,5%",II
38848,NUFARM VALDO,SUMITOMO CHEMICAL ARGENTINA S.A.,FLUMETSULAM 80%,III
38847,AZBANY MAXX,SUMITOMO CHEMICAL ARGENTINA S.A.,FLUROXIPIR MEPTIL 48%,III
38846,GLADIUS,TECNOMYL S. A.,ACETOCLOR 90%,III
38844,VIKING,FMC QUIMICA S. A.,"AZOXISTROBINA 12,5%, FLUTRIAFOL 12,5%",III
38842,ZAWE,AGM ARGENTINA S. A.,CLETODIM 24%,III
38841,YPF AGRO GLIFOSATO CONCENTRADO HF,RAINBOW AGROSCIENSES SA,"GLIFOSATO 66,2%",III
38839,ADAMA POLARIS ACC,ADAMA ARGENTINA SOCIEDAD ANONIMA,GLIFOSATO 62%,IV
38838,FOESA,RAINBOW AGROSCIENSES SA,"FOMESAFEN 26,25%",III
38837,ARDAK,ATANOR SOCIEDAD EN COMANDITA POR ACCIONES,FLUROXIPIR MEPTIL 48%,III
38835,ECO TWISTER-RAIN,AGROSS S.R.L.,ALCOHOL LAURICO ETOXILADO 48%,III
38834,PINAZOLE,RAINBOW AGROSCIENSES SA,PROPICONAZOLE 25%,III
38832,CLOVEN 25,CHEMOTECNICA S. A.,CLORIMURON ETIL 25%,III
38830,NOZOMI,SUMITOMO CHEMICAL ARGENTINA S.A.,FLUMIOXAZIN 48%,IV
38829,MORRIGAN,AGROFINA S A,DICLOSULAM 84%,IV
38828,BIFENTRIN 25 FENDER,PRO CROP S.A.,BIFENTRIN 25%,II
38827,EVITO T MIX,UPL ARGENTINA S. A.,"FLUOXASTROBINA 12,5%, TEBUCONAZOLE 32,5%",IV
38826,METILADO SILICONADO ARN EBC,ENRIQUE M BAYA CASAL S. A.,"ESTERES METILICOS DE ACIDOS GRASOS DE ACEITE DE SOJA 76,6%",IV
38825,FIDEMAX SULFENTRAZONE 50,AGRICULTORES FEDERADOS ARGENTINOS SOC COOP LTDA,SULFENTRAZONE 50%,IV
38824,COVER 5,TECNOMYL S. A.,LAMBDA-CIALOTRINA 5%,II
38823,VIRAJE XT,LARTIRIGOYEN Y CIA S A,ESTERES METILICOS DE ACIDOS GRASOS DE ACEITE VEGETAL 62%,IV
38822,CUPROSO WG,AGROSPEC ARGENTINA S.A.,"OXIDO CUPROSO 56,3%",II
38821,ADAMA BENDER,ADAMA ARGENTINA SOCIEDAD ANONIMA,"2,4-DB 93,1%",II
38820,XTENDICAM,AGRO BAYER S. R. L.,"DICAMBA 51,5%",IV
38819,CLEANER PLUS,GRUPO AGROS S.A.,"AZOXISTROBINA 25%, CIPROCONAZOLE 10%",III
38818,ECO ADHERENTE AKTIV,AKTIV S.R.L.,ALCOHOL LAURICO ETOXILADO 40%,III
38817,AGROMID 35 SC,NGC AGROSCIENCES ARGENTINA S.A.,IMIDACLOPRID 35%,III
38816,METIL TIOFANATO 50 SC PROVENTIS,AGROREGISTROS PROFESIONALES S.R.L.,METIL TIOFANATO 50%,III
38813,FOMESA DELTA AGRO,AGROINSUMOS B Y L S.A.,FOMESAFEN 25%,III
38811,MAGIC,WECAN AGRO SA,ALFACIPERMETRINA/ALFAMETRINA 20%,II
38810,SUPERIOR,AGROCAC S.R.L.,GLIFOSATO 90%,III
38809,AUSTRAL MAX,REGISTROS AGROPECUARIOS SRL,"GLIFOSATO 75,7%",III
38808,THUNDER,AGM ARGENTINA S. A.,FOMESAFEN 25%,IV
38807,"2,4-DB DELTA AGRO",AGROINSUMOS B Y L S.A.,"2,4-DB 93,1%",II
38806,"2,4-DB SIGMA",SIGMA AGRO S.A,"2,4-DB 93,1%",II
38804,UP - STAGE,UPL ARGENTINA S. A.,CLOMAZONE 50%,III
38803,LEX PLUS EBC,ENRIQUE M BAYA CASAL S. A.,LECITINA DE SOJA 35%,IV
38801,ALTAR,NOVA S. A. U.,FLUROXIPIR MEPTIL 48%,III
38798,SUBITO,NOVA S. A. U.,"CLOPYRALID 47,51%",IV
38796,CENTAURO,UPL ARGENTINA S. A.,CLETODIM 24%,III
38795,PROAZO,SINER S A,"AZOXISTROBINA 20%, CIPROCONAZOLE 8%",II
38794,TRIBU,LABORATORIOS PEYTE S.A.,METRIBUZIN 48%,III
38793,RD MAX LE,SERV - QUIM S.A.,NONIL FENOL ETOXILADO 19%,III
38792,"2,4D- EHE AGROTERRUM",AGROTERRUM S. A.,"2,4 D 102,5%",III
38790,SULFOGLIF 62,INSUMOS AGROQUIMICOS SOCIEDAD ANONIMA,GLIFOSATO 62%,IV
38788,BASTEX,DVA AGRO GMBH S.E.E.,GLUFOSINATO DE AMONIO 20%,III
38787,COADYUVANTE FACYT ECOMAX,FACYT I + D SA,"ESTERES METILICOS DE ACIDOS GRASOS DE ACEITE DE SOJA 78%, ESTERES METILICOS DE ACIDOS GRASOS DE ACEITE VEGETAL 78%",IV
38786,ZAFIRO,SURCOS S.A.,"IMAZAPIC 52,5%, IMAZAPIR 17,5%",IV
38785,AGROSTOM 33 EC,NGC AGROSCIENCES ARGENTINA S.A.,PENDIMETALIN 33%,II
38784,TEKOVE,ROTAM DE ARGENTINA AGROQUIMICA SRL,MESOTRIONE 48%,IV
38783,HERBIFEN ADVANCE,ATANOR SOCIEDAD EN COMANDITA POR ACCIONES,"2,4 D 97%",II
38782,KYLIAN 24,CAMPO CROP S.A.,CLETODIM 24%,III
38781,MEPICOT,SURCOS S.A.,MEPIQUAT CLORURO 5%,IV
38780,SYNERGI,FRAGARIA S.A.,"AZOXISTROBINA 1,25%, METALAXIL 4,2%, METIL TIOFANATO 45%",III
38779,BIO EMAG 76,FRAGARIA S.A.,ESTERES METILICOS DE ACIDOS GRASOS DE ACEITE VEGETAL 76%,IV
38778,DICAMBA ATANOR A,ATANOR SOCIEDAD EN COMANDITA POR ACCIONES,"DICAMBA 57,8%",III
38777,PARAQUAT + DIURON DELTA AGRO,AGROINSUMOS B Y L S.A.,"DIURON 10%, PARAQUAT DICLORURO 27,6%",II
38776,HIDROXICOBRE WP,AGROSPEC ARGENTINA S.A.,HIDROXIDO DE COBRE 77%,II
38775,ZAPHYR 75 WG,DVA AGRO GMBH S.E.E.,IMAZETAPIR 75%,IV
38773,ADAMA ESSENTIALS PASO 24,ADAMA ARGENTINA SOCIEDAD ANONIMA,"PICLORAM 27,8%",III
38772,S-MASPOR,RAINBOW AGROSCIENSES SA,S-METOLACLORO 96%,III
38771,IMIDAGOLD FS PARA SEMILLEROS,UPL ARGENTINA S. A.,IMIDACLOPRID 60%,III
38770,MAGNUM MAX ADN,ADN AGRO S.A.,"GLIFOSATO 75,7%",III
38769,SPECIAL OIL,NUPROFER S. A.,ACEITE DE SOJA 85%,IV
38768,TARPAN FOL,GLEBA S A,METALAXIL 35%,II
38767,GLORY,UPL ARGENTINA S. A.,"AZOXISTROBINA 5%, MANCOZEB 70%",IV
38765,TITUS,CORTEVA AGRISCIENCE ARGENTINA SRL,RIMSULFURON 25%,III
38764,ACEITE GRHESA EC,NINIVE SOCIEDAD ANONIMA COM IND FIN INM Y AGROPECUARIA,ACEITE MINERAL 84%,III
38763,"PARAQUAT EBC 27,6%",ENRIQUE M BAYA CASAL S. A.,"PARAQUAT DICLORURO 27,6%",III
38762,MANCOZENT,FARM CHEMICALS ARGENTINA S.R.L,MANCOZEB 80%,III
38761,DEFERON HEXIL,ADAMA ARGENTINA SOCIEDAD ANONIMA,"2,4 D 102,5%",III
38760,LOGAN,GLEBA S A,"2,4 D 102,5%",III
38759,SOUTHLAMBDA,SOUTH AGRO S. R. L.,LAMBDA-CIALOTRINA 25%,II
38758,PICLORAM TECNOMYL,TECNOMYL S. A.,"PICLORAM 27,8%",III
38757,STARLIN,AGRI STAR S. A.,PENDIMETALIN 33%,III
38756,METOLACHLOR 96,ADAMA ARGENTINA SOCIEDAD ANONIMA,METOLACLORO 96%,III
38755,METOLACHLOR EC,ADAMA ARGENTINA SOCIEDAD ANONIMA,METOLACLORO 96%,III
38754,"GLIFOSATO 66,2 JLB",JLB Y ASOCIADOS S.A,"GLIFOSATO 66,2%",IV
38753,SARMAC,RAINBOW AGROSCIENSES SA,"FENOXAPROP-P ETIL 6,9%",IV
38752,AGROFEN 24 EC,NGC AGROSCIENCES ARGENTINA S.A.,OXIFLUORFEN 24%,III
38751,G 66,TECNOMYL S. A.,"GLIFOSATO 66,2%",IV
38750,DIFLUBENZURON ADN,ADN AGRO S.A.,DIFLUBENZURON 25%,IV
38749,PROCORE,RAINBOW AGROSCIENSES SA,DICLOSULAM 84%,III
38748,METRIBUZIN NOVA,NOVA S. A. U.,METRIBUZIN 48%,III
38747,HELLION,NOVA S. A. U.,"BENZOATO DE EMAMECTINA 4%, LUFENURON 16%",III
38746,ORION FORTE,FORMULAGRO SOCIEDAD RESPONSABILIDAD LIMITADA,"GLIFOSATO 66,2%",IV
38745,WEEDS OFF PLUS,PROCHEM BIO SA.,"GLIFOSATO 66,2%",IV
38744,"GLIFOTOP LQ 66,2",LANTHER QUIMICA S. A.,"GLIFOSATO 66,2%",IV
38743,GLIFO POTASICO RINDER,AGROFACIL S A,"GLIFOSATO 66,2%",IV
38742,MAZETA,RAINBOW AGROSCIENSES SA,"IMAZETAPIR 10,6%",IV
38741,NV ATANOR C,ATANOR SOCIEDAD EN COMANDITA POR ACCIONES,"2,4 D 80,4%",II
38740,DEFERON,ADAMA ARGENTINA SOCIEDAD ANONIMA,"2,4 D 80,4%",II
38739,"HALOXIFOP 12,5 CONTROLER",AGROFACIL S A,"HALOXIFOP-P METIL 12,5%",III
38738,FIDEMAX ACEITE AGR COLA 85,AGRICULTORES FEDERADOS ARGENTINOS SOC COOP LTDA,ACEITE DE SOJA 85%,IV
38737,CLETODIM 24 AGROTERRUM,AGROTERRUM S. A.,CLETODIM 24%,III
38734,CLETODIM 24 LOMAS,3 LOMAS S.A.,CLETODIM 24%,III
38733,LUFENURON CONTROLER,AGROFACIL S A,LUFENURON 5%,IV
38732,TRUENO,REGISTROS AGROPECUARIOS SRL,GLIFOSATO 77%,III
38731,GLIFOPOTASICO SIGMA,SIGMA AGRO S.A,GLIFOSATO 77%,III
38730,PALA OLEO TRIPLE ACCI N,PALAVERSICH Y CIA S AC,ESTERES METILICOS DE ACIDOS GRASOS DE ACEITE VEGETAL 70%,IV
38729,HACHAZO,SHARDA CROPCHEM LIMITED SUC.EMP.EXT.,"DIURON 46,8%, HEXAZINONA 13,2%",III
38728,CALIBAN,FMC QUIMICA S. A.,TIACLOPRID 48%,II
38727,PUKAVY,ROTAM DE ARGENTINA AGROQUIMICA SRL,"IMIDACLOPRID 15%, TIODICARB 45%",II
38726,TRINPRID 3-10,LABORATORIOS PEYTE S.A.,"BIFENTRIN 3%, IMIDACLOPRID 10%",II
38725,"2,4D 80,4 NV DELTA AGRO",AGROINSUMOS B Y L S.A.,"2,4 D 80,4%",II
38724,CLETODIM FALCROP,FALCROP S. A.,CLETODIM 24%,III
38723,BENEFIT 15%,LABORATORIOS PEYTE S.A.,ALFACIPERMETRINA/ALFAMETRINA 15%,II
38722,"DOGO ACA 27,6 SL",ASOCIACION DE COOPERATIVAS ARGENTINAS - COOP. LTDA.,"PARAQUAT DICLORURO 27,6%",III
38721,"ADOC 25,2",ATANOR SOCIEDAD EN COMANDITA POR ACCIONES,"FOMESAFEN 25,2%",III
38720,FOMESAFEN 24 SL,ADAMA ARGENTINA SOCIEDAD ANONIMA,"FOMESAFEN 25,2%",III
38719,SUPEROIL,ARROWWS ARGENTINA S. R. L.,ACEITE DE SOJA 48%,IV
38718,"IMAZETAPIR 10,6% KEMSURE",AGROEMPRESA COLON S.A.,"IMAZETAPIR 10,6%",IV
38717,ASOMBROSO,RAINBOW AGROSCIENSES SA,"FLUROXIPIR MEPTIL 28,79%",III
38715,GLIFOSATO PREMIUM RURALCO,RURALCO SOLUCIONES S.A.,GLIFOSATO 62%,IV
38714,CLETHODIM EC,ADAMA ARGENTINA SOCIEDAD ANONIMA,CLETODIM 24%,III
38713,CLETHODIM 24 EC,ADAMA ARGENTINA SOCIEDAD ANONIMA,CLETODIM 24%,III
38712,ARTERO,GELP S. R. L.,SULFENTRAZONE 50%,II
38711,DAARGUS LAMBDA 25 ME,REOPEN S A,LAMBDA-CIALOTRINA 25%,II
38710,CREOX,SIPCAM ARGENTINA S.R.L.,SULFENTRAZONE 50%,III
38709,OXYGEN,NOVA S. A. U.,"DIFENOCONAZOLE 4,6%, IPRODIONE 12,5%, METALAXIL 2,3%",III
38708,ABAMMAX,BORCHES Y CIA S A,"ABAMECTINA 1,8%",II
38707,CLETODIM SIGMA,SIGMA AGRO S.A,CLETODIM 24%,III
38706,ENOIL,ENDROP S.R.L.,"ESTERES METILICOS DE ACIDOS GRASOS DE ACEITE VEGETAL 76,6%",IV
38705,ACTIVE,FITOQUIMICA S.A.,ACIDO FOSFORICO 50%,III
38704,DIZOLE,RAINBOW AGROSCIENSES SA,DIFENOCONAZOLE 25%,III
38703,DAKAR,SHARDA CROPCHEM LIMITED SUC.EMP.EXT.,MICLOBUTANIL 24%,III
38702,LA TIJERETA PLATINUM II,AGRO BAYER S. R. L.,"GLIFOSATO 66,2%",IV
38701,METRIBUZIN 48 DVA,DVA AGRO GMBH S.E.E.,METRIBUZIN 48%,II
38700,FOMESAFEN 25 DVA,DVA AGRO GMBH S.E.E.,"FOMESAFEN 26,3%",IV
38699,ENLIST,CORTEVA AGRISCIENCE ARGENTINA SRL,"2,4 D 66,9%",II
38698,SISTIVA,BASF AGRICULTURAL SOLUTIONS ARGENTINA S.A.,"FLUXAPIROXAD 33,3%",III
38697,ACURON GOLD,SYNGENTA AGRO SOCIEDAD ANONIMA,"BICICLOPIRONA 8%, S-METOLACLORO 40%",III
38696,PYRMAX,SIPCAM ARGENTINA S.R.L.,"IMAZAPIR 58,9%",III
38694,CLETODIM MULTIAGRO,MULTIAGRO S. A.,CLETODIM 24%,III
38693,TropUP,TROPFEN S. A.,"ESTERES METILICOS DE ACIDOS GRASOS DE ACEITE DE SOJA 76,6%",IV
38692,ACEITE METILADO AKTIV,AKTIV S.R.L.,"ESTERES METILICOS DE ACIDOS GRASOS DE ACEITE DE SOJA 76,6%",IV
38691,PICLO,SURCOS S.A.,"PICLORAM 27,8%",IV
38689,SULFENTRAZONE FORMULAGRO,FORMULAGRO SOCIEDAD RESPONSABILIDAD LIMITADA,SULFENTRAZONE 50%,III
38688,TAMIZ,SUMITOMO CHEMICAL ARGENTINA S.A.,"AZOXISTROBINA 12%, TEBUCONAZOLE 16%",II
38687,MR SHERIFF ANIKILATOR MAX,FARM CHEMICALS ARGENTINA S.R.L,"QUIZALOFOP-P ETIL 10,8%",III
38686,FLUTOP,ADN AGRO S.A.,"FLUTRIAFOL 12,5%",IV
38685,SOYAFLAG,RAINBOW AGROSCIENSES SA,"FOMESAFEN 26,25%",III
38684,MASPOR,RAINBOW AGROSCIENSES SA,METOLACLORO 96%,III
38683,EFIMAX HALOXIFOP 54,AGRICULTORES FEDERADOS ARGENTINOS SOC COOP LTDA,HALOXIFOP-P METIL 54%,III
38682,METRIBUZIN ADN,ADN AGRO S.A.,METRIBUZIN 48%,II
38681,FENT 10,TECNOMYL S. A.,BIFENTRIN 10%,II
38678,POWER MAXX,ATANOR SOCIEDAD EN COMANDITA POR ACCIONES,"GLIFOSATO 79,2%",IV
38677,SNIPER DRY,AGRO BAYER S. R. L.,"GLIFOSATO 79,2%",IV
38675,ACTIVE AD,FITOQUIMICA S.A.,ACIDO FOSFORICO 50%,III
38674,ROLEN,RAINBOW AGROSCIENSES SA,OXIFLUORFEN 24%,III
38673,PERLAN,S ANDO Y CIA SACIIF,"6 BENCILADENINA 1,9%, GIBERELINA A4 Y A7 1,9%",III
38672,GENOGOR 40 EC,NGC AGROSCIENCES ARGENTINA S.A.,DIMETOATO 40%,II
38671,GLYNOMYL NH,TECNOMYL S. A.,"GLIFOSATO 39,2%",IV
38670,CLEANER,ADN AGRO S.A.,AZOXISTROBINA 25%,IV
38669,SOUTHRIN 25,SOUTH AGRO S. R. L.,BIFENTRIN 25%,II
38665,PANTHER FULL,PHILAGRO S.A,"GLIFOSATO 66,2%",IV
38664,BIOSPRAY EXTREME,SINER S A,ESTERES METILICOS DE ACIDOS GRASOS DE ACEITE VEGETAL 65%,IV
38663,PALA ACTIVE TOTAL,PALAVERSICH Y CIA S AC,ALCOHOL GRASO ETOXILADO 48%,II
38662,LEXONE FARM CHEMICALS,FARM CHEMICALS ARGENTINA S.R.L,METRIBUZIN 70%,III
38660,EFIMAX ATRAZINA 50,AGRICULTORES FEDERADOS ARGENTINOS SOC COOP LTDA,ATRAZINA 50%,III
38659,GRANERO ATRAZINA,ATANOR SOCIEDAD EN COMANDITA POR ACCIONES,ATRAZINA 50%,III
38658,ATRAFINA 50,AGROFINA S A,ATRAZINA 50%,III
38657,IMIDACROPS 60%,SURCROPS SRL,IMIDACLOPRID 60%,II
38656,TIMEROL,RAINBOW AGROSCIENSES SA,TIAMETOXAM 75%,III
38655,"GLIFOCROPS 60,8%",SURCROPS SRL,"GLIFOSATO 60,8%",IV
38654,TORCH XTRA,RAINBOW AGROSCIENSES SA,"2,4 D 72%, PICLORAM 18%",III
38653,MELTHIS DUO,SURCROPS SRL,"2,4 D 10%, IMIDACLOPRID 20%",III
38652,DACTYL,GENBRA ARGENTINA S.A.,CLETODIM 24%,III
38651,ASGARD T,GENBRA ARGENTINA S.A.,CLETODIM 24%,III
38650,FREEDOM,NOVA S. A. U.,"AZOXISTROBINA 20%, CIPROCONAZOLE 8%",III
38649,MAYNER,COMPAÑIA DAB S.R.L.,ACEITE MINERAL 84%,III
38647,FENIX 20 EW,FMC QUIMICA S. A.,ZETAMETRINA 20%,II
38646,MAXIM RFC,SYNGENTA AGRO SOCIEDAD ANONIMA,"FLUDIOXONIL 2,5%, METALAXIL -M 3,75%",IV
38645,PYROLIS 10,TECNOMYL S. A.,"IMAZETAPIR 10,6%",IV
38644,MIFOS P,VITERRA ACOPIO S. A.,GLIFOSATO 62%,IV
38643,ARMETIL M FALCROP,FALCROP S. A.,"MANCOZEB 64%, METALAXIL 8%",III
38642,UNIVERSAL OIL,LABORATORIOS PEYTE S.A.,"ESTERES METILICOS DE ACIDOS GRASOS DE ACEITE DE SOJA 76%, ESTERES METILICOS DE ACIDOS GRASOS DE ACEITE VEGETAL 76%",IV
38641,"FACYT CRUCIAL 2,4D ME",FACYT I + D SA,"2,4 D 30%",II
38640,TEMPUS,ASOCIACION DE COOPERATIVAS ARGENTINAS - COOP. LTDA.,"AZOXISTROBINA 20%, CIPROCONAZOLE 8%",II
38639,HAMET,ATANOR SOCIEDAD EN COMANDITA POR ACCIONES,ACETOCLOR 90%,III
38638,FACYT TBZ 6,FACYT I + D SA,TEBUCONAZOLE 6%,III
38637,OPTIONS ADVANCE FS BLUE,NOVA S. A. U.,"CAPTAN 14,8%, CARBOXIN 10%, METALAXIL ,67%, METIL TIOFANATO 5%",IV
38636,ARAPOTY,R&D AGRO CONSULTORA S.A.,AZOXISTROBINA 25%,III
38635,DIPEL DF,SUMITOMO CHEMICAL ARGENTINA S.A.,BACILLUS THURINGIENSIS 54%,IV
38634,GLUFOSINATO DE AMONIO SIGMA,SIGMA AGRO S.A,GLUFOSINATO DE AMONIO 20%,III
38633,ZORVEC ENICADE,CORTEVA AGRISCIENCE ARGENTINA SRL,OXATIAPIPROLIN 10%,IV
38632,BIOL,SINER S A,ESTERES METILICOS DE ACIDOS GRASOS DE ACEITE VEGETAL 65%,IV
38630,ACTION FULL,WECAN AGRO SA,"GLIFOSATO 66,2%",IV
38629,GLIFOMAX GS ZAMBA,COFCO INTERNATIONAL ARGENTINA S.A.,"GLIFOSATO 75,7%",IV
38626,"GLIFOSATO SUMAGRO 66,2",ADECO AGROPECUARIA S. A.,"GLIFOSATO 66,2%",IV
38625,CARB TH,PRODINSA ARGENTINA S A,"CARBENDAZIM 10%, TIRAM 10%",II
38621,DIFAZ,SHARDA CROPCHEM LIMITED SUC.EMP.EXT.,"AZOXISTROBINA 20%, DIFENOCONAZOLE 12,5%",III
38620,GLIFOSATO MAX SIGMA,SIGMA AGRO S.A,"GLIFOSATO 75,7%",IV
38619,SULFENAX 50,AGROFINA S A,SULFENTRAZONE 50%,III
38618,FUNGIZEB,RAINBOW AGROSCIENSES SA,MANCOZEB 75%,III
38617,METOLACLORO SUMAGRO,SIPCAM ARGENTINA S.R.L.,METOLACLORO 96%,II
38616,XINGFA ULTRA G,XINGFA ARGENTINA S.A.,"GLIFOSATO 75,7%",III
38615,ZIMBA,TECNOMYL S. A.,GLIFOSATO 62%,IV
38614,GLIFO BAC NH,TECNOMYL S. A.,"GLIFOSATO 39,2%",IV
38613,HALOX,SIGMA AGRO S.A,"HALOXIFOP-P METIL 12,5%",III
38611,CONTROL R,FITOQUIMICA S.A.,EXTRACTO DE AJO 100%,IV
38609,KING 50,,"2,4 D 60,2%",II
38608,PORCEL,ATANOR SOCIEDAD EN COMANDITA POR ACCIONES,PIRIPROXIFEN 10%,IV
38607,BIO NASS,LABORATORIOS PEYTE S.A.,LECITINA DE SOJA 35%,IV
38605,LARGIN EC,RAINBOW AGROSCIENSES SA,LAMBDA-CIALOTRINA 5%,II
38602,ADAMA ESSENTIALS ARROW 24,TECNOMYL S. A.,CLETODIM 24%,III
38601,PULSAR GOLD,UPL ARGENTINA S. A.,LAMBDA-CIALOTRINA 25%,II
38599,ONTARIO,NOVA S. A. U.,"IMAZAPIR 30,4%",IV
38597,STRIKE PLUS,TRICAL ARGENTINA S.R.L.,"CLOROPICRINA 84,6%, DICLOROPROPENO (1,3-D) 54,9%",Ia
38596,CLOPYRALID NOVA,NOVA S. A. U.,"CLOPYRALID 47,51%",IV
38595,YPF CLETODIM HD,TECNOMYL S. A.,CLETODIM 24%,III
38594,MOAV SUPER,GELP S. R. L.,"METRIBUZIN 30%, SULFENTRAZONE 20%",II
38593,FIDEMAX DIFENOCONAZOLE 25,AGRICULTORES FEDERADOS ARGENTINOS SOC COOP LTDA,DIFENOCONAZOLE 25%,IV
38592,COADYUVANTE ACTION,WECAN AGRO SA,"ESTERES METILICOS DE ACIDOS GRASOS DE ACEITE DE SOJA 76,6%",IV
38591,METOMIL 90 FARM CHEMICALS,FARM CHEMICALS ARGENTINA S.R.L,METOMIL 90%,Ib
38590,TERRO-CLEAN,AGROQUIMICOS DE LEVANTE S.A.,"CLOROPICRINA 33,3%, DICLOROPROPENO (1,3-D) 60,8%",Ia
38589,PROGIBB 40 SG,SUMITOMO CHEMICAL ARGENTINA S.A.,GIBERELINA A3 40%,IV
38588,CAMPO-NICO LPU,NGC AGROSCIENCES ARGENTINA S.A.,NICOSULFURON 4%,III
38587,CAMPUS,CAMPOCATT SRL,"GLIFOSATO 39,2%",IV
38586,LOGIC,FARM CHEMICALS ARGENTINA S.R.L,"BIFENTRIN 3%, IMIDACLOPRID 10%",II
38584,YPF AGRO ATRAZINA GRANULADA HD,TECNOMYL S. A.,ATRAZINA 90%,IV
38583,ATRANEX 90,TECNOMYL S. A.,ATRAZINA 90%,IV
38582,EMAS,AGROFACIL S A,"ESTERES METILICOS DE ACIDOS GRASOS DE ACEITE DE SOJA 76,6%, ESTERES METILICOS DE ACIDOS GRASOS DE ACEITE VEGETAL 76,6%",III
38580,DIFLU 50 CONTROLER,AGROFACIL S A,DIFLUFENICAN 50%,IV
38579,SALTUM,ASOCIACION DE COOPERATIVAS ARGENTINAS - COOP. LTDA.,SULFENTRAZONE 50%,III
38578,PROMINENS,ASOCIACION DE COOPERATIVAS ARGENTINAS - COOP. LTDA.,GLUFOSINATO DE AMONIO 20%,IV
38577,LANCER GOLD,UPL ARGENTINA S. A.,"ACEFATO 50%, IMIDACLOPRID 5%",II
38576,NUCLEUS,HELM ARGENTINA S. R. L.,PICLORAM 43%,III
38575,RANGER 24 SL,AGM ARGENTINA S. A.,"PICLORAM 38,8%",III
38574,ENLARGER,FRAGARIA S.A.,"AZOXISTROBINA 12%, TEBUCONAZOLE 20%",IV
38573,CAMPO-QUAT 20 SL,NGC AGROSCIENCES ARGENTINA S.A.,DIQUAT 20%,II
38572,NISSHIN OD 4% LPU,SUMMIT AGRO ARGENTINA S A,NICOSULFURON 4%,IV
38571,PITBULL,INSUMOS AGROQUIMICOS SOCIEDAD ANONIMA,"ABAMECTINA 1,8%, BIFENTRIN 9%, IMIDACLOPRID 30%",II
38570,ZETHA MAXX,SUMITOMO CHEMICAL ARGENTINA S.A.,"FLUMIOXAZIN 10%, IMAZETAPIR 21,2%",III
38569,"ARA 2,4D",ARANAMI S.A.,"2,4 D 60,2%",III
38567,"2,4D 60 SIGMA",SIGMA AGRO S.A,"2,4 D 60%",II
38565,ARMETIL COBRE FALCROP,FALCROP S. A.,"METALAXIL 8%, OXICLORURO DE COBRE 67,2%",III
38563,CUPERTINE M FALCROP,FALCROP S. A.,"MANCOZEB 8%, SULFATO TETRACUPRICO TRICALCICO 74,1%",II
38561,LIGIER ORBIT,BAHNSA S.A.,ALCOHOL GRASO ETOXILADO 50%,IV
38558,DICAM-BAC,TECNOMYL S. A.,"DICAMBA 57,8%",IV
38557,GLIFOSATO 54 P KEMSURE,AGROEMPRESA COLON S.A.,"GLIFOSATO 66,2%",IV
38553,CYRTOP SC,DVA AGRO GMBH S.E.E.,"AZOXISTROBINA 20%, CIPROCONAZOLE 8%",III
38552,BLADE,NOVA S. A. U.,FLUROXIPIR MEPTIL 48%,III
38551,YETI,SIPCAM ARGENTINA S.R.L.,AZOXISTROBINA 25%,II
38550,POWER MAXX ALB,ATANOR SOCIEDAD EN COMANDITA POR ACCIONES,"GLIFOSATO 74,7%",IV
38549,PYTAGUA,R&D AGRO CONSULTORA S.A.,CLETODIM 24%,III
38548,"2,4D ESTER ACTION",EL TOBIANO SA,"2,4 D 97%",II
38547,FYSIUM,GOLDAR DANIEL EDMUNDO,METIL CICLOPROPENO 98%,IV
38546,CAPTAN ANDO FLO C,S ANDO Y CIA SACIIF,CAPTAN 37%,III
38544,PYRU,R&D AGRO CONSULTORA S.A.,"DICAMBA 57,8%",III
38543,BAUNDAP MAX,PROCHEM BIO SA.,GLIFOSATO 60%,IV
38542,ONSITE,UPL ARGENTINA S. A.,CLOMAZONE 50%,III
38541,RUBRIC MAX,FMC QUIMICA S. A.,"AZOXISTROBINA 20%, EPOXICONAZOLE 10%",II
38540,ACTION AMONIO BRANAGRO,MOLINO CAÑUELAS SOCIEDAD ANONIMA COMERCIAL INDUSTRIAL FINANCIERA INMOBILIARIA Y AGROPECUARIA,GLIFOSATO 42%,III
38536,SILOKEEP RATICIDA,FARMCHEM SA,"BROMADIOLONE ,006%",Ia
38535,METNATE,RAINBOW AGROSCIENSES SA,METIL TIOFANATO 85%,III
38534,ICEFATE 75,RAINBOW AGROSCIENSES SA,ACEFATO 75%,II
38533,LARGIN,RAINBOW AGROSCIENSES SA,LAMBDA-CIALOTRINA 25%,II
38532,ECOPROCHEM,PROCHEM BIO SA.,"ESTERES METILICOS DE ACIDOS GRASOS DE ACEITE DE SOJA 76,6%",IV
38530,LAMBDA 25 ME SIGMA,SIGMA AGRO S.A,LAMBDA-CIALOTRINA 25%,II
38529,DOMO OLEUM,BIOCEN S.A.,ACEITE DE SOJA 86%,IV
38528,DRIFT ZERO EVO,PHILAGRO S.A,"ESTERES METILICOS DE ACIDOS GRASOS DE ACEITE DE SOJA 76%, ESTERES METILICOS DE ACIDOS GRASOS DE ACEITE VEGETAL 76%",IV
38527,HALOXYGRASS,INSUMOS AGROQUIMICOS SOCIEDAD ANONIMA,HALOXIFOP-P METIL 54%,II
38526,KEMAZON II,NUTRIEN AG SOLUTIONS ARGENTINA S. A.,"PARAQUAT DICLORURO 27,6%",III
38525,PARAQUAT SINO-AGRI,SAL ARGENTINA S.R.L.,"PARAQUAT DICLORURO 27,6%",III
38524,CLORIMURON SINON 25% WG,INDUSTRIAS QUIMICAS Y VEGETALES S A,CLORIMURON ETIL 25%,III
38523,PATRON,ROTAM DE ARGENTINA AGROQUIMICA SRL,"FOMESAFEN 26,25%",III
38521,BACKUP,,,III
38519,MSO PLUS,BIOTYS S.A.,ESTERES METILICOS DE ACIDOS GRASOS DE ACEITE VEGETAL 53%,IV
38518,VANTAL XL,,ABAMECTINA 18%,II
38517,NERO SURCOS,SURCOS S.A.,"IMIDACLOPRID 20%, LAMBDA-CIALOTRINA 10%",II
38516,ACTIVE CLEANER,FITOQUIMICA S.A.,ACIDO FOSFORICO 50%,III
38515,FULL WET BIO COR,LABORATORIO SAN PABLO PRODUCTOS BIOLOGICOS S.R.L.,ACIDO FOSFORICO 50%,III
38513,FIDEMAX LAMBDACIALOTRINA 5,AGRICULTORES FEDERADOS ARGENTINOS SOC COOP LTDA,LAMBDA-CIALOTRINA 5%,II
38511,FUEGO,AGROCAC S.R.L.,"PARAQUAT DICLORURO 27,6%",III
38510,AR WATER ACONDICIONADOR DE AGUAS,SERV - QUIM S.A.,NONIL FENOL ETOXILADO 19%,III
38509,AF PLUS LE,SERV - QUIM S.A.,NONIL FENOL ETOXILADO 19%,III
38508,CIPROBIN,FARMCHEM SA,"AZOXISTROBINA 20%, CIPROCONAZOLE 8%",III
38507,FARM CHEMICALS PREMIUM MAX,FARM CHEMICALS ARGENTINA S.R.L,"GLIFOSATO 75,7%",III
38506,VIS OIL,RIZOBACTER ARGENTINA S A,ESTERES METILICOS DE ACIDOS GRASOS DE ACEITE VEGETAL 82%,IV
38505,TUKEN ALB,ATANOR SOCIEDAD EN COMANDITA POR ACCIONES,DIFLUFENICAN 50%,III
38504,CRUZA,ASOCIACION DE COOPERATIVAS ARGENTINAS - COOP. LTDA.,"BIFENTRIN 3%, IMIDACLOPRID 10%",II
38503,AZOXY 25 DVA,DVA AGRO GMBH S.E.E.,AZOXISTROBINA 25%,III
38501,ARGENFRUT SUPREME GREEN WINTER,GULF OIL ARGENTINA S.A.,ACEITE MINERAL 86%,IV
38500,WEEDCLEAR 48,RAINBOW AGROSCIENSES SA,FLUROXIPIR MEPTIL 48%,III
38499,SUNGUARD,RAINBOW AGROSCIENSES SA,SULFENTRAZONE 75%,III
38497,KINGDOM,SUMMIT AGRO ARGENTINA S A,"METOMINOSTROBIN 15%, TEBUCONAZOLE 30%",II
38495,TEXARO,CORTEVA AGRISCIENCE ARGENTINA SRL,"DICLOSULAM 58%, HALAUXIFEN METIL 11,5%",IV
38494,EXCELL MT,SERV - QUIM S.A.,ACEITE DE SOJA 100%,IV
38493,OILXTREM,MULCHEN AGROTOTAL SOCIEDAD ANONIMA,ESTERES METILICOS DE ACIDOS GRASOS DE ACEITE VEGETAL 62%,IV
38492,EFIMAX PARAQUAT,AGRICULTORES FEDERADOS ARGENTINOS SOC COOP LTDA,"PARAQUAT DICLORURO 27,6%",III
38491,WEEDOUT SL,CHEMOTECNICA S. A.,"PARAQUAT DICLORURO 27,6%",III
38490,EFIMAX 2-4D EHE,AGRICULTORES FEDERADOS ARGENTINOS SOC COOP LTDA,"2,4 D 102,5%",III
38489,MAXIM INTEGRAL,SYNGENTA AGRO SOCIEDAD ANONIMA,"FLUDIOXONIL 2,5%, METALAXIL -M 2%, TIABENDAZOL 15%, TIAMETOXAM 35%",III
38488,DELENTE CIPERMETRINA,DELENTE S. R. L.,CIPERMETRINA 25%,II
38487,DOGURON ACA,ASOCIACION DE COOPERATIVAS ARGENTINAS - COOP. LTDA.,"DIURON 10%, PARAQUAT DICLORURO 27,6%",II
38486,LUFENURON 5 CAMPO,PROCHEM BIO SA.,LUFENURON 5%,IV
38485,FULL CONTROL BIO,ARROWWS ARGENTINA S. R. L.,ACIDO FOSFORICO 23%,III
38484,SOLUTION FULL,RAINBOW AGROSCIENSES SA,"2,4 D 86,7%",II
38483,KATANA LPU,GLEBA S A,"HALOXIFOP-P METIL 3,11%",III
38482,ROLLING,NOVA S. A. U.,"FLUROXIPIR MEPTIL 12%, IMAZETAPIR 5,3%",III
38480,ARGOS,HELM ARGENTINA S. R. L.,MESOTRIONE 48%,III
38479,BIOFUSION,PROCESADORA VOLGA S.A.,LECITINA DE SOJA 30%,IV
38478,ADAMA OXALIS 48 SC,ADAMA ARGENTINA SOCIEDAD ANONIMA,FLUMIOXAZIN 48%,III
38477,DUOZOLE SURCOS,SURCOS S.A.,"IMIDACLOPRID 23,3%, TEBUCONAZOLE 1,3%",III
38476,ADAMA ESSENTIALS RAINBOW EC,ADAMA ARGENTINA SOCIEDAD ANONIMA,FLUROCLORIDONA 25%,III
38475,TURBO,GLEBA S A,"FOMESAFEN 26,25%",III
38473,CAAPOTI,R&D AGRO CONSULTORA S.A.,"EPOXICONAZOLE 12,5%",III
38471,KILATES,ADN AGRO S.A.,DIFENOCONAZOLE 25%,II
38470,PICLORAM NOVA,NOVA S. A. U.,"PICLORAM 27,7%",IV
38469,NICOBEST,FARM CHEMICALS ARGENTINA S.R.L,NICOSULFURON 75%,III
38468,TEBUCONAZOLE 43 FALCROP,FALCROP S. A.,TEBUCONAZOLE 43%,III
38467,ALFAMETRINA 10 SUMAGRO EC,SIPCAM ARGENTINA S.R.L.,ALFACIPERMETRINA/ALFAMETRINA 10%,II
38466,BIOMETHYL MAX,FRAGARIA S.A.,ESTERES METILICOS DE ACIDOS GRASOS DE ACEITE VEGETAL 76%,IV
38463,EXOCET,AGRI STAR S. A.,"FLUROXIPIR MEPTIL 28,8%",III
38462,TEPPEKI,AGRI STAR S. A.,FLONICAMID 50%,IV
38461,ACENTO 90 ACA,ASOCIACION DE COOPERATIVAS ARGENTINAS - COOP. LTDA.,ACETOCLOR 90%,II
38460,GLIFOSATO RURALCO EXTRAMAX,RURALCO SOLUCIONES S.A.,"GLIFOSATO 60,8%",IV
38457,YPF AGRO PARAQUAT 3,YPF SOCIEDAD ANONIMA,"PARAQUAT DICLORURO 27,6%",III
38456,MORTAL,TECNOMYL S. A.,"2,4 D 72%",II
38452,PAT BULO,NOVA S. A. U.,ALCOHOL GRASO ETOXILADO 48%,II
38451,HALOXIFOP 52,SUMITOMO CHEMICAL ARGENTINA S.A.,HALOXIFOP-P METIL 54%,II
38450,KIER III,AGROFINA S A,"ABAMECTINA ,18%, BIFENTRIN 1,8%, LUFENURON 1,5%",II
38449,CIDETRAK CM-OFM DUO,AGRICONSULTING JGP S.R.L .,"(E,E)8,10-DODECADIENOL 4,6%, (Z)/(E)-8-DODECENIL ACETATO 2%",IV
38447,PETRILAC PROTECTOR INSECTICIDA satinado,QUIMICA DEL NORTE S A,"CIPERMETRINA ,2%, T.C.M.T.B. ,4%",IV
38446,PETRILAC PROTECTOR + INSECTICIDA brillante,QUIMICA DEL NORTE S A,"CIPERMETRINA ,2%, T.C.M.T.B. ,4%",IV
38445,FRENO,ROTAM DE ARGENTINA AGROQUIMICA SRL,CLETODIM 24%,III
38440,LAMBDA 25 AGROTERRUM,AGROTERRUM S. A.,LAMBDA-CIALOTRINA 25%,II
38439,NUFARM TAZER PRO,SUMITOMO CHEMICAL ARGENTINA S.A.,"AZOXISTROBINA 20%, CIPROCONAZOLE 8%",III
38438,CLETODIM 24 NOVA,NOVA S. A. U.,CLETODIM 24%,III
38437,INVICTUS,ATANOR SOCIEDAD EN COMANDITA POR ACCIONES,GLUFOSINATO DE AMONIO 20%,III
38436,CAMPO AZOXY 25,PROCHEM BIO SA.,AZOXISTROBINA 25%,III
38435,DAKAR E,SHARDA CROPCHEM LIMITED SUC.EMP.EXT.,"MICLOBUTANIL 12,5%",III
38434,TODYM 24 EC,TECNOMYL S. A.,CLETODIM 24%,III
38433,PRELUDIO,NOVA S. A. U.,"HALOXIFOP-P METIL 20%, QUIZALOFOP-P ETIL 20%",II
38432,ARMADOX 33 E,FARM CHEMICALS ARGENTINA S.R.L,PENDIMETALIN 33%,III
38431,UNIMARK,UPL ARGENTINA S. A.,METRIBUZIN 48%,II
38430,ACEGOAL,RAINBOW AGROSCIENSES SA,ACETAMIPRID 70%,II
38429,"SUPER ESTRELLA GR 79,2",ASOCIACION DE COOPERATIVAS ARGENTINAS - COOP. LTDA.,"GLIFOSATO 79,2%",IV
38428,KRYNN DUO B,ATANOR SOCIEDAD EN COMANDITA POR ACCIONES,"2,4 D 80,4%",II
38427,ASP AMINA XTRA,NUTRIEN AG SOLUTIONS ARGENTINA S. A.,"2,4 D 80,4%",II
38426,CENTINEL CS,ATANOR SOCIEDAD EN COMANDITA POR ACCIONES,LAMBDA-CIALOTRINA 25%,II
38425,CLEANER XTRA 90 WG,RAINBOW AGROSCIENSES SA,CLOROTALONIL 90%,III
38424,DIAMONDIM,CARGILL SOCIEDAD ANONIMA COMERCIAL E INDUSTRIAL,CLETODIM 24%,III
38423,ALCOTT,TECNOMYL S. A.,FOMESAFEN 25%,IV
38422,FUTURELAB CORRECTOR BIO,ARROWWS ARGENTINA S. R. L.,"ALCOHOL LAURICO ETOXILADO 32,7%",IV
38421,DAKAR W,FARM CHEMICALS ARGENTINA S.R.L,MICLOBUTANIL 10%,III
38420,NUTAR 35 FS,SUMITOMO CHEMICAL ARGENTINA S.A.,TIAMETOXAM 35%,III
38419,BOMBERO,SURCOS S.A.,"LAMBDA-CIALOTRINA 1%, METOMIL 20%",II
38418,CIALOFOP CONTROLER,AGROFACIL S A,CIALOFOP-BUTIL 18%,III
38417,ION - TRAP,LABORATORIOS PEYTE S.A.,ACIDO FOSFORICO 30%,III
38416,PRONTO,AGROCAC S.R.L.,FLUROCLORIDONA 25%,III
38415,RID OVER,RAINBOW AGROSCIENSES SA,"GLIFOSATO 74,7%",IV
38414,SERPICO,NOVA S. A. U.,BIFENTRIN 20%,II
38413,SHARMET 5% GB,SHARDA CROPCHEM LIMITED SUC.EMP.EXT.,METALDEHIDO 5%,III
38412,YPF FOMESAFEN HD,TECNOMYL S. A.,FOMESAFEN 25%,IV
38411,ACURON UNO,SYNGENTA AGRO SOCIEDAD ANONIMA,BICICLOPIRONA 20%,IV
38410,YPF IMAZETAPYR HD,TECNOMYL S. A.,"IMAZETAPIR 10,6%",IV
38409,LA TIJERETA IMAZETAPYR,TECNOMYL S. A.,"IMAZETAPIR 10,6%",IV
38407,ECO-WINER,AGROSS S.R.L.,ALCOHOL LAURICO ETOXILADO 48%,III
38406,PANTHER MAX,SANTEX S. A.,"GLIFOSATO 75,7%",III
38404,SINERGIA,SUMITOMO CHEMICAL ARGENTINA S.A.,"IMIDACLOPRID 35%, LAMBDA-CIALOTRINA 10%",II
38401,YPF AGRO PARAQUAT 2,YPF SOCIEDAD ANONIMA,"PARAQUAT DICLORURO 27,6%",III
38400,CYPERUS 10,TECNOMYL S. A.,"IMAZETAPIR 10,6%",IV
38399,IMIDA 60 FENDER,PRO CROP S.A.,IMIDACLOPRID 60%,II
38398,FLUROXANE,HELM ARGENTINA S. R. L.,"FLUROXIPIR MEPTIL 28,8%",III
38397,LOGO,SHARDA CROPCHEM LIMITED SUC.EMP.EXT.,"CLOPYRALID 59,89%",III
38396,RINGSIDE,SYNGENTA AGRO SOCIEDAD ANONIMA,FOMESAFEN 25%,III
38394,IMAZE AGROTERRUM,AGROTERRUM S. A.,"IMAZETAPIR 10,6%",IV
38393,KHOSPI,ROTAM DE ARGENTINA AGROQUIMICA SRL,"BIFENTRIN 3%, IMIDACLOPRID 10%",II
38392,EDDUS,SYNGENTA AGRO SOCIEDAD ANONIMA,"FOMESAFEN 11,95%, S-METOLACLORO 51,8%",III
38391,PADRON FUSION,CORTEVA AGRISCIENCE ARGENTINA SRL,"PICLORAM 27,7%",III
38390,MELTHIS SEED,SURCROPS SRL,IMIDACLOPRID 60%,II
38389,"DELTA NOVA 2,5",NOVA S. A. U.,"DELTAMETRINA 2,5%",II
38388,HALOXIGEN,TECNOMYL S. A.,"HALOXIFOP-P METIL 12,5%",III
38387,"FLUENT 12,5% EC",SHARDA CROPCHEM LIMITED SUC.EMP.EXT.,"FLUAZIFOP-P BUTIL 12,5%",III
38386,STEER PLUS,FITOQUIMICA S.A.,ACIDO FOSFORICO 50%,III
38385,EPOZOLE,RAINBOW AGROSCIENSES SA,"EPOXICONAZOLE 12,5%",III
38384,ROFEN,RAINBOW AGROSCIENSES SA,LUFENURON 5%,III
38383,FURIA 18 EC,FMC QUIMICA S. A.,ZETAMETRINA 18%,II
38380,ACOPIVAP POWER,COOPERATIVA AGROPECUARIA DE ACOPIADORES FEDERADOS LIMITADA,"DELTAMETRINA 2,5%",II
38379,SEROIL ECO,SERQUIM S.A.,ACEITE DE SOJA 86%,IV
38378,AZOXISTROBIN 25 SC PROVENTIS,AGROREGISTROS PROFESIONALES S.R.L.,AZOXISTROBINA 25%,II
38377,SOLY OIL METIL,LABORATORIOS PEYTE S.A.,"ESTERES METILICOS DE ACIDOS GRASOS DE ACEITE DE SOJA 76%, ESTERES METILICOS DE ACIDOS GRASOS DE ACEITE VEGETAL 76%",IV
38375,"IMAZETAPIR 10,6 SIGMA",SIGMA AGRO S.A,"IMAZETAPIR 10,6%",III
38373,LOFT,ADN AGRO S.A.,LUFENURON 5%,IV
38372,"GLIFOSATO 75,7 FUHUA",FUHUA CHEMICALS ARGENTINA S.A.U.,"GLIFOSATO 75,7%",III
38371,EXCELENT,RIZOBACTER ARGENTINA S A,ESTERES METILICOS DE ACIDOS GRASOS DE ACEITE VEGETAL 70%,IV
38370,ECO PARTNER LQ,LANTHER QUIMICA S. A.,ALCOHOL GRASO ETOXILADO 48%,III
38369,KOSAKO,UPL ARGENTINA S. A.,CLETODIM 24%,III
38367,ACOPITRINA NF,COOPERATIVA AGROPECUARIA DE ACOPIADORES FEDERADOS LIMITADA,LAMBDA-CIALOTRINA 5%,II
38366,SOLARA,FMC QUIMICA S. A.,SULFENTRAZONE 50%,IV
38365,BORAL,FMC QUIMICA S. A.,SULFENTRAZONE 50%,IV
38364,LIFELINE,UPL ARGENTINA S. A.,GLUFOSINATO DE AMONIO 28%,III
38363,GLIFOSATO 48 KEMSURE,AGROEMPRESA COLON S.A.,GLIFOSATO 48%,III
38362,GLIFOSATO KEMSURE,AGROEMPRESA COLON S.A.,"GLIFOSATO 40,5%",IV
38360,DUOM,NOVA S. A. U.,"ESTERES METILICOS DE ACIDOS GRASOS DE ACEITE DE SOJA 76%, ESTERES METILICOS DE ACIDOS GRASOS DE ACEITE VEGETAL 76%",IV
38358,BIFENTRIN 10 BAC,INSUMOS AGROQUIMICOS SOCIEDAD ANONIMA,BIFENTRIN 10%,II
38357,"2,4D AMINA 60 LQ",LANTHER QUIMICA S. A.,"2,4 D 60%",II
38356,SOYAYUDA,RAINBOW AGROSCIENSES SA,CLORIMURON ETIL 75%,III
38355,EFIMAX CLORIMURON 75,AGRICULTORES FEDERADOS ARGENTINOS SOC COOP LTDA,CLORIMURON ETIL 75%,III
38354,CLORI 75% PEYTE,LABORATORIOS PEYTE S.A.,CLORIMURON ETIL 75%,III
38353,GEOS,RIZOBACTER ARGENTINA S A,ESTERES METILICOS DE ACIDOS GRASOS DE ACEITE VEGETAL 70%,IV
38352,BUZZIN,SHARDA CROPCHEM LIMITED SUC.EMP.EXT.,METRIBUZIN 48%,III
38351,PRONTO,SULPHUR MILLS SA,IMIDACLOPRID 70%,II
38350,CAMPO EMAMECTINA 5G,CAMPO CROP S.A.,BENZOATO DE EMAMECTINA 5%,II
38349,LOFT EXTRA,ADN AGRO S.A.,"LUFENURON 5%, PROFENOFOS 50%",II
38348,PITCHER,FMC QUIMICA S. A.,CLETODIM 24%,III
38344,YPF AGRO GLUFOSINATO DE AMONIO HF,RAINBOW AGROSCIENSES SA,GLUFOSINATO DE AMONIO 20%,III
38340,BENTA 48 SL,S ANDO Y CIA SACIIF,BENTAZONA 48%,II
38339,GALOPE,CHEMOTECNICA S. A.,"DICAMBA 57,8%",III
38338,BUZZ ULTRA,SULPHUR MILLS SA,TEBUCONAZOLE 75%,III
38335,SULFEN MAX,BORCHES Y CIA S A,SULFENTRAZONE 50%,III
38330,RAPIER,RAINBOW AGROSCIENSES SA,LAMBDA-CIALOTRINA 25%,II
38329,LANFOR PRO,ATANOR SOCIEDAD EN COMANDITA POR ACCIONES,"AZOXISTROBINA 20%, CIPROCONAZOLE 8%",III
38328,RESOLUTOR ACA,ASOCIACION DE COOPERATIVAS ARGENTINAS - COOP. LTDA.,CLETODIM 24%,III
38327,STARTINA LPU,AGRI STAR S. A.,"ABAMECTINA ,7%",III
38326,PRIMUS XTRA,INSUMOS AGROQUIMICOS SOCIEDAD ANONIMA,"AZOXISTROBINA 40%, CIPROCONAZOLE 16%",III
38325,DOMADOR FACYT,FACYT I + D SA,"AZOXISTROBINA 12%, TEBUCONAZOLE 20%",IV
38323,PASTISHA,SHARDA CROPCHEM LIMITED SUC.EMP.EXT.,"2,4 D 44,8%, PICLORAM 11,5%",III
38322,POWER MAXX SG,ATANOR SOCIEDAD EN COMANDITA POR ACCIONES,"GLIFOSATO 75,7%",IV
38319,SIMBIOSIS SC,CHEMOTECNICA S. A.,"IMIDACLOPRID 10%, LAMBDA-CIALOTRINA 1,25%",II
38317,WINTER,NOVA S. A. U.,LUFENURON 5%,III
38315,TECNOCLOR A,TECNOMYL S. A.,ACETOCLOR 84%,III
38314,ENERGY,INSUMOS AGROQUIMICOS SOCIEDAD ANONIMA,"BIFENTRIN 3%, IMIDACLOPRID 10%",II
38312,AVATAR XTRA,AGM ARGENTINA S. A.,"AZOXISTROBINA 40%, CIPROCONAZOLE 16%",III
38309,POTENZA FULL XTRA,NUTRIEN AG SOLUTIONS ARGENTINA S. A.,"GLIFOSATO 64,5%",IV
38308,GAMIT 36 CS,FMC QUIMICA S. A.,CLOMAZONE 36%,IV
38305,GLADER,SYNGENTA AGRO SOCIEDAD ANONIMA,"DICAMBA 57,8%",III
38304,GESAPRIM 90 WDG T,TECNOMYL S. A.,ATRAZINA 90%,III
38303,GOTEN T,TECNOMYL S. A.,ATRAZINA 90%,III
38299,CYLOGRAN,SULPHUR MILLS SA,LAMBDA-CIALOTRINA 24%,II
38298,CAIMAN PLUS,SYNGENTA AGRO SOCIEDAD ANONIMA,"DICAMBA 57,8%",III
38297,ORID,SYNGENTA AGRO SOCIEDAD ANONIMA,"LUFENURON 5%, PROFENOFOS 50%",II
38293,SPARTA,SIPCAM ARGENTINA S.R.L.,BIFENTRIN 10%,II
38292,OFICIO,NOVA S. A. U.,"ESTERES METILICOS DE ACIDOS GRASOS DE ACEITE DE SOJA 76%, ESTERES METILICOS DE ACIDOS GRASOS DE ACEITE VEGETAL 76%",IV
38289,BISTAR 20 EW,FMC QUIMICA S. A.,ZETAMETRINA 20%,II
38288,SUN-OIL,SINER S A,ACEITE MINERAL 84%,IV
38287,ROYALTAC-M,UPL ARGENTINA S. A.,"ALCOHOLES GRASOS 72,7%",IV
38286,SURRENA,RAINBOW AGROSCIENSES SA,SULFENTRAZONE 50%,III
38285,"DELTA NOVA 0,5",NOVA S. A. U.,"DELTAMETRINA ,5%",IV
38284,ENTRIX,FALCROP S. A.,"2,4 D 95%",II
38283,AZCAN,ADAMA ARGENTINA SOCIEDAD ANONIMA,"AZOXISTROBINA 12%, TEBUCONAZOLE 20%",III
38282,ADAMA ACADIA BIO,ADAMA ARGENTINA SOCIEDAD ANONIMA,"AZOXISTROBINA 12%, TEBUCONAZOLE 20%",III
38279,LA TIJERETA BOX L,AGRO BAYER S. R. L.,"GLIFOSATO 79,2%",IV
38278,BIFFO,SUMITOMO CHEMICAL ARGENTINA S.A.,GLUFOSINATO DE AMONIO 20%,III
38275,FIDEMAX GLUFOSINATO DE AMONIO 20,AGRICULTORES FEDERADOS ARGENTINOS SOC COOP LTDA,GLUFOSINATO DE AMONIO 20%,III
38274,YPF GLIFOSATO GRANULADO HD,TECNOMYL S. A.,GLIFOSATO 75%,III
38273,EXCELLENT FULL II,NUTRIEN AG SOLUTIONS ARGENTINA S. A.,"GLIFOSATO 66,2%",IV
38272,ECO COAD MELTHIS,SURCROPS SRL,ALCOHOL GRASO ETOXILADO 30%,III
38271,YPF DICAMBA HD,TECNOMYL S. A.,"DICAMBA 57,8%",IV
38270,BRIGHT,NOVA S. A. U.,HALOXIFOP-P METIL 54%,II
38269,"ABAX 3,6 FORMULAGRO",FORMULAGRO SOCIEDAD RESPONSABILIDAD LIMITADA,"ABAMECTINA 3,6%",II
38268,FIDEMAX IMAZETAPIR 10,AGRICULTORES FEDERADOS ARGENTINOS SOC COOP LTDA,"IMAZETAPIR 10,6%",IV
38266,BIOULTIMATE MAGNA,FRAGARIA S.A.,ESTERES METILICOS DE ACIDOS GRASOS DE ACEITE VEGETAL 76%,IV
38265,FACYT MALON,FACYT I + D SA,"ABAMECTINA 5%, IMIDACLOPRID 20%",II
38264,SUNATO,AGRO BAYER S. R. L.,"FIPRONIL 18%, IMIDACLOPRID 36%",II
38263,"ABA 0,7 LPU",FRAGARIA S.A.,"ABAMECTINA ,7%",III
38262,"FIDEMAX GLIFOSATO 43,8",AGRICULTORES FEDERADOS ARGENTINOS SOC COOP LTDA,"GLIFOSATO 43,8%",IV
38261,ACETA 70 WP,SHARDA CROPCHEM LIMITED SUC.EMP.EXT.,ACETAMIPRID 70%,II
38259,FIDEMAX AZOXISTROBINA 25,AGRICULTORES FEDERADOS ARGENTINOS SOC COOP LTDA,AZOXISTROBINA 25%,IV
38258,GLAMOUR,NGC AGROSCIENCES ARGENTINA S.A.,LAMBDA-CIALOTRINA 5%,II
38257,SPECTOR 25,ASOCIACION DE COOPERATIVAS ARGENTINAS - COOP. LTDA.,LAMBDA-CIALOTRINA 25%,III
38256,DIFO 3% FS,SHARDA CROPCHEM LIMITED SUC.EMP.EXT.,DIFENOCONAZOLE 3%,III
38255,FIDEMAX ATRAZINA 50,AGRICULTORES FEDERADOS ARGENTINOS SOC COOP LTDA,ATRAZINA 50%,IV
38254,HALOXIFOP CAMPO,PROCHEM BIO SA.,"HALOXIFOP-P METIL 12,5%",III
38253,CHALTU,R&D AGRO CONSULTORA S.A.,LAMBDA-CIALOTRINA 5%,II
38251,SHIP,SHARDA CROPCHEM LIMITED SUC.EMP.EXT.,IPRODIONE 50%,III
38250,FIDEMAX CARBENDAZIM 50,AGRICULTORES FEDERADOS ARGENTINOS SOC COOP LTDA,CARBENDAZIM 50%,IV
38249,GENDARME PLUS,INSUMOS AGROQUIMICOS SOCIEDAD ANONIMA,"BIFENTRIN 5%, LUFENURON 5%",II
38248,DALEST,SYNGENTA AGRO SOCIEDAD ANONIMA,S-METOLACLORO 96%,III
38247,EXPEDITION,CORTEVA AGRISCIENCE ARGENTINA SRL,"LAMBDA-CIALOTRINA 15%, SULFOXAFLOR 10%",II
38246,TECNOCLOR I,TECNOMYL S. A.,ACETOCLOR 90%,III
38244,COUNTER,NOVA S. A. U.,LAMBDA-CIALOTRINA 25%,III
38242,EPSILON,SURCOS S.A.,"IMAZAPIR 58,9%",IV
38241,MANCOZENT GLOBE,AGRIA ARGENTINA S.A.,MANCOZEB 75%,III
38240,DETONANTE,NITRAP SOCIEDAD DE RESPONSABILIDAD LIMITADA,METALAXIL 35%,II
38238,POTENZA PLUS,NUTRIEN AG SOLUTIONS ARGENTINA S. A.,GLIFOSATO 48%,IV
38236,BESULDA XTRA,RAINBOW AGROSCIENSES SA,FLUMETSULAM 80%,III
38234,METALAXIL QUIMECO,LABORATORIO QUIMECO S.R.L.,METALAXIL 35%,II
38233,TANCAP,RAINBOW AGROSCIENSES SA,CAPTAN 80%,III
38232,AZTROSTAR XTRA,RAINBOW AGROSCIENSES SA,AZOXISTROBINA 80%,III
38231,LUXOR,ATANOR SOCIEDAD EN COMANDITA POR ACCIONES,CLETODIM 24%,III
38230,AZOXI + CIPRO AGROTERRUM,AGROTERRUM S. A.,"AZOXISTROBINA 20%, CIPROCONAZOLE 8%",III
38229,LUMIVIA RA,CORTEVA AGRISCIENCE ARGENTINA SRL,"CLORANTRANILIPROLE 62,5%",IV
38228,HELMOQUAT,HELM ARGENTINA S. R. L.,"DIQUAT DIBROMURO 37,36%",II
38226,CROPMAX LAMBDA 5 EC,CROPMAX S.A,LAMBDA-CIALOTRINA 5%,II
38225,VEROSIL 70,AGROFINA S A,IMAZETAPIR 70%,IV
38224,SUPER ESTRELLA II ACA,ASOCIACION DE COOPERATIVAS ARGENTINAS - COOP. LTDA.,"GLIFOSATO 64,5%",IV
38223,"HARVISTA 0,8 OF",AGROFRESH ARGENTINA S.R.L.,"METIL CICLOPROPENO ,75%",IV
38222,PROTEMANI,PROTEGRAN S A,IMAZAPIC 20%,IV
38221,PROTEMAIZ,PROTEGRAN S A,"IMAZAPIC 15%, IMAZAPIR 5%",IV
38220,OPTIMIZER II,CAMPO CROP S.A.,"ESTERES METILICOS DE ACIDOS GRASOS DE ACEITE DE SOJA 76,6%",IV
38218,"IDMIT 28,5 SC",GELP S. R. L.,"SULFATO DE COBRE PENTAHIDRATADO 28,5%",IV
38217,ROCKET,NOVA S. A. U.,"AZOXISTROBINA 5%, EPOXICONAZOLE 2,5%, METIL TIOFANATO 37,5%",IV
38216,FACYT TBZ 43,FACYT I + D SA,TEBUCONAZOLE 43%,III
38214,"ARANYA 3,6%",LABORATORIOS PEYTE S.A.,"ABAMECTINA 3,6%",II
38213,X TRIM LOW FLOW,LABORATORIO QUIMECO S.R.L.,"ALCOHOL GRASO ETOXILADO 25%, ALCOHOL LAURICO ETOXILADO 25%",IV
38212,CAPAZ XL WG,FMC QUIMICA S. A.,"CLORIMURON ETIL 7,8%, SULFENTRAZONE 62,2%",III
38210,RAM,BIOTYS S.A.,"ALCOHOL LINEAL ETOXILADO 24,4%, LECITINA DE SOJA 48,8%",IV
38207,RCP,ARROWWS ARGENTINA S. R. L.,"ALCOHOL LAURICO ETOXILADO 32,7%",IV
38206,HARD,ARROWWS ARGENTINA S. R. L.,"ALCOHOL LAURICO ETOXILADO 32,7%",IV
38204,DIMETOATO 50 RAINBOW,RAINBOW AGROSCIENSES SA,DIMETOATO 50%,II
38203,CAPATAZ,ASOCIACION DE COOPERATIVAS ARGENTINAS - COOP. LTDA.,FLUMETSULAM 12%,III
38201,FORTALEZA ZAMBA,COFCO INTERNATIONAL ARGENTINA S.A.,CLETODIM 24%,III
38200,TTM,DESAB SA,ACEITE DE SOJA 80%,III
38199,ACREDI,SYNGENTA AGRO SOCIEDAD ANONIMA,"LAMBDA-CIALOTRINA 10,6%, TIAMETOXAM 14,1%",II
38198,ONEDROP BIO,ARROWWS ARGENTINA S. R. L.,"ALCOHOL LAURICO ETOXILADO 32,7%",IV
38197,DYNAMIC FULL II,NUTRIEN AG SOLUTIONS ARGENTINA S. A.,"GLIFOSATO 66,2%",IV
38195,VENGADOR,NOVA S. A. U.,"BIFENTRIN 5%, IMIDACLOPRID 20%, LAMBDA-CIALOTRINA 7,5%",II
38194,BANTIN,NOVA S. A. U.,"DIFENOCONAZOLE 9,2%, METALAXIL 4,6%",III
38191,LIMITE,RIZOBACTER ARGENTINA S A,ESTERES METILICOS DE ACIDOS GRASOS DE ACEITE VEGETAL 70%,IV
38189,INITIOS,ATANOR SOCIEDAD EN COMANDITA POR ACCIONES,"IMAZETAPIR 10,6%",III
38188,BYFEX,UPL ARGENTINA S. A.,"BIFENTRIN 3,5%, IMIDACLOPRID 12%",II
38187,SABLE,NOVA S. A. U.,LAMBDA-CIALOTRINA 25%,III
38186,FIDEMAX IMIDACLOPRID 35,AGRICULTORES FEDERADOS ARGENTINOS SOC COOP LTDA,IMIDACLOPRID 35%,II
38185,FIDEMAX TEBUCONAZOLE 43,AGRICULTORES FEDERADOS ARGENTINOS SOC COOP LTDA,TEBUCONAZOLE 43%,IV
38184,ATECTRA BV,BASF AGRICULTURAL SOLUTIONS ARGENTINA S.A.,"DICAMBA 70,8%",III
38183,ZYNION,BASF AGRICULTURAL SOLUTIONS ARGENTINA S.A.,CLETODIM 24%,III
38181,WEYCHAN,TECNOMYL S. A.,GLIFOSATO 75%,III
38180,MIRAGE HL,CORTEVA AGRISCIENCE ARGENTINA SRL,HALOXIFOP-P METIL 54%,II
38179,PALAVERSICH SUPER CONTROL,PALAVERSICH Y CIA S AC,METALAXIL 35%,II
38178,STRIM UPL,UPL ARGENTINA S. A.,S-METOLACLORO 96%,III
38177,POXICARB SC,RAINBOW AGROSCIENSES SA,"CARBENDAZIM 12,5%, EPOXICONAZOLE 12,5%",III
38176,DICAMBA SIGMA,SIGMA AGRO S.A,"DICAMBA 57,8%",III
38175,CURADOR AGM,AGM ARGENTINA S. A.,"LUFENURON 5%, PROFENOFOS 50%",II
38174,CURADOR,DVA AGRO GMBH S.E.E.,"LUFENURON 5%, PROFENOFOS 50%",II
38171,FACYT FF DUO,FACYT I + D SA,"CARBENDAZIM 25%, TEBUCONAZOLE 10%",IV
38169,DICAMBA FALCROP,FALCROP S. A.,"DICAMBA 57,8%",III
38168,"ALLGRAM 2,4D SDA 60",FARMCHEM SA,"2,4 D 60%",II
38167,ROBUST 6,FITOQUIMICA S.A.,TEBUCONAZOLE 6%,III
38166,PH-FULL,AGROPECUARIA LA CIMARRONA S.R.L.,ACIDO FOSFORICO 27%,III
38165,FULLSHOCK,AGROPECUARIA LA CIMARRONA S.R.L.,ACIDO FOSFORICO 27%,III
38164,ARAM 48,GELP S. R. L.,METRIBUZIN 48%,III
38163,CLOMATO,SINER S A,CLOMAZONE 50%,III
38162,ADAMA ESSENTIALS SARAMAX,ADAMA ARGENTINA SOCIEDAD ANONIMA,S-METOLACLORO 96%,III
38161,"HALOXIFOP 12,5 SIGMA",SIGMA AGRO S.A,"HALOXIFOP-P METIL 12,5%",III
38160,APOFIS ELITE,SURCOS S.A.,CLETODIM 24%,III
38159,NITRUR BTKP ULTRAMAX,CERGEN S R L,BACILLUS THURINGIENSIS 15%,IV
38158,ZAPRET FS,AVGUST ARGENTINA S.R.L.,IMIDACLOPRID 50%,II
38157,"YPF AGRO 2,4DB HF",RAINBOW AGROSCIENSES SA,"2,4-DB 93,1%",II
38153,ATRAZINA 50 ADN,ADN AGRO S.A.,ATRAZINA 50%,IV
38152,COSAVET,SULPHUR MILLS SA,AZUFRE 80%,III
38150,GLIFACYT,FACYT I + D SA,"GLIFOSATO 35,6%",III
38149,FIDEMAX DICAMBA,AGRICULTORES FEDERADOS ARGENTINOS SOC COOP LTDA,"DICAMBA 57,7%",III
38148,OLEO FULL,AGROPECUARIA LA CIMARRONA S.R.L.,ACEITE DE SOJA 76%,IV
38147,COMBA XTRA,GLEBA S A,"BIFENTRIN 4%, IMIDACLOPRID 20%, LAMBDA-CIALOTRINA 2%",II
38146,QUIRON,FORMULAGRO SOCIEDAD RESPONSABILIDAD LIMITADA,"LUFENURON 5%, PROFENOFOS 50%",II
38145,GARANTE XL,FALCROP S. A.,"GLIFOSATO 39,1%",IV
38144,LAMBDA LQ 5,LANTHER QUIMICA S. A.,LAMBDA-CIALOTRINA 5%,II
38143,BIFENTRIN LQ 10,LANTHER QUIMICA S. A.,BIFENTRIN 10%,II
38142,AREK,HELM ARGENTINA S. R. L.,"QUIZALOFOP-P ETIL 10,8%",III
38141,PUNIX,CAUQUE SRL,PENDIMETALIN 33%,III
38140,PROFIT 18 EC,FMC QUIMICA S. A.,ZETAMETRINA 18%,II
38139,VIRTUX,ATANOR SOCIEDAD EN COMANDITA POR ACCIONES,HALOXIFOP-P METIL 54%,II
38133,THUNDERACT,RAINBOW AGROSCIENSES SA,IMAZETAPIR 70%,IV
38132,SWIFT SPRAY,RAINBOW AGROSCIENSES SA,"2,4 D 96,3%",II
38130,KUNZE,SUMMIT AGRO ARGENTINA S A,LACTOFEN 24%,IV
38129,DIURON SINER,SINER S A,DIURON 80%,III
38128,MADDOX-S,R&D AGRO CONSULTORA S.A.,IMAZETAPIR 10%,III
38127,NUFARM BUTOXONE,SUMITOMO CHEMICAL ARGENTINA S.A.,"2,4-DB 93,1%",II
38126,CURYOM FIT UV,SYNGENTA AGRO SOCIEDAD ANONIMA,"BENZOATO DE EMAMECTINA 5%, LUFENURON 40%",II
38125,STARECO,AGRI STAR S. A.,MEZCLA DE ESTERES Y JABONES PROVENIENTES DE ACIDOS GRASOS DE ACEITES VEGETALES TRANSESTERIFICADOS CON GLICERINA. Contiene SUCROGLICERIDOS 86%,IV
38124,ADRESS,SYNGENTA AGRO SOCIEDAD ANONIMA,"LUFENURON 5%, PROFENOFOS 50%",II
38123,QUADRIS TOP,SYNGENTA AGRO SOCIEDAD ANONIMA,"AZOXISTROBINA 20%, DIFENOCONAZOLE 12,5%",III
38122,COMPINCHE SX,SYNGENTA AGRO SOCIEDAD ANONIMA,"DIFENOCONAZOLE 2,5%, FLUDIOXONIL 2,5%, SEDAXANE 5%",III
38121,TOTAL PLUS,,,IV
38118,GROW ULTRA,CERES-DEMETER S. A.,LECITINA DE SOJA 35%,IV
38117,GLOBESTAR,AGROFINA S A,TIDIAZURON 5%,IV
38116,ACETOCLOR 90% SURCOS,SURCOS S.A.,ACETOCLOR 90%,III
38115,ECOTENSIOSHOCK,AGROPECUARIA LA CIMARRONA S.R.L.,ALCOHOL LAURICO ETOXILADO 33%,IV
38114,MENTOR,TECNOMYL S. A.,DIFLUBENZURON 48%,III
38112,CLOSER,CORTEVA AGRISCIENCE ARGENTINA SRL,SULFOXAFLOR 24%,IV
38111,GLYNOMYL SENIOR I,TECNOMYL S. A.,GLIFOSATO 75%,III
38110,PICLORAM 24 INSUAGRO,INSUMOS AGROQUIMICOS SOCIEDAD ANONIMA,"PICLORAM 27,8%",III
38109,PHILZAPYR 10,PHILAGRO S.A,IMAZETAPIR 10%,III
38108,SYSTEMIC,WOHR RUBEN ALBERTO,ALCOHOL GRASO ETOXILADO 30%,III
38107,CONTACT,WOHR RUBEN ALBERTO,ALCOHOL GRASO ETOXILADO 30%,III
38106,VIRTUX EC,ATANOR SOCIEDAD EN COMANDITA POR ACCIONES,HALOXIFOP-P METIL 54%,III
38105,ROUNDUP CONTROLMAX,AGRO BAYER S. R. L.,"GLIFOSATO 79,2%",IV
38104,"FIDEPLUS GLIFOSATO 66,2",AGRICULTORES FEDERADOS ARGENTINOS SOC COOP LTDA,"GLIFOSATO 66,2%",IV
38103,DESPEJE WDG,BORCHES Y CIA S A,SULFENTRAZONE 75%,III
38101,DIMECTYON 40,AGM ARGENTINA S. A.,DIMETOATO 40%,II
38100,MAXI DROP BIO,ARROWWS ARGENTINA S. R. L.,ACEITE DE SOJA 48%,IV
38098,KUARTEL II,NUTRIEN AG SOLUTIONS ARGENTINA S. A.,"DICAMBA 57,8%",IV
38097,CAZADOR,RAINBOW AGROSCIENSES SA,"IMIDACLOPRID 25%, LAMBDA-CIALOTRINA 10%",II
38096,EFORIA S,SYNGENTA AGRO SOCIEDAD ANONIMA,"LAMBDA-CIALOTRINA 10,6%, TIAMETOXAM 14,1%",II
38094,"HALOMAX 12,5",SIPCAM ARGENTINA S.R.L.,"HALOXIFOP-P METIL 12,5%",III
38093,HALOMAX HIGH,SIPCAM ARGENTINA S.R.L.,HALOXIFOP-P METIL 54%,II
38092,PHILLAMBDA 25 ME,PHILAGRO S.A,LAMBDA-CIALOTRINA 25%,II
38091,BIABA,INSUMOS AGROQUIMICOS SOCIEDAD ANONIMA,"ABAMECTINA 3%, BIFENTRIN 10%",II
38090,LANCELOT,AGRI STAR S. A.,ACEFATO 75%,II
38089,SIGMA DICAMBA,SIGMA AGRO S.A,"DICAMBA 57,6%",III
38088,AZOSHY 25 SC,SHARDA CROPCHEM LIMITED SUC.EMP.EXT.,AZOXISTROBINA 25%,III
38086,"PARAQUAT 27,6 SIGMA",SIGMA AGRO S.A,"PARAQUAT DICLORURO 27,6%",II
38085,FOZIL 35,CHEMOTECNICA S. A.,IMIDACLOPRID 35%,II
38084,FABIAN,AVGUST ARGENTINA S.R.L.,"CLORIMURON ETIL 15%, IMAZETAPIR 45%",III
38083,STEER FIX,FITOQUIMICA S.A.,ACEITE DE SOJA 90%,IV
38082,COADYUVANTE SELECTO,RIZOBACTER ARGENTINA S A,ESTERES METILICOS DE ACIDOS GRASOS DE ACEITE VEGETAL 70%,IV
38081,DASH MSO,BASF ARGENTINA S. A.,ESTERES METILICOS DE ACIDOS GRASOS DE ACEITE VEGETAL 82%,IV
38079,LUFENURON 5 DVA,DVA AGRO GMBH S.E.E.,LUFENURON 5%,II
38078,ESTRELLA POTASSIUM,ASOCIACION DE COOPERATIVAS ARGENTINAS - COOP. LTDA.,"GLIFOSATO 43,8%",IV
38076,"GREEN HALOXIFOP 12,5",JLB Y ASOCIADOS S.A,"HALOXIFOP-P METIL 12,5%",III
38075,CAMPOZONE 75% GR,PROCHEM BIO SA.,SULFENTRAZONE 75%,III
38074,SUNZONE,RAINBOW AGROSCIENSES SA,SULFENTRAZONE 75%,III
38072,HOR-TAL eFe Uso Agr cola,RAUL OSCAR AGUERRE E HIJOS S A,"ALFACIPERMETRINA/ALFAMETRINA ,5%",IV
38069,PUCARA II,TECNOMYL S. A.,CIPERMETRINA 25%,II
38068,PUNTO 60 SEMILLERO,GLEBA S A,IMIDACLOPRID 60%,III
38067,AZOSHY 50,SHARDA CROPCHEM LIMITED SUC.EMP.EXT.,AZOXISTROBINA 50%,III
38065,ROUNDUP FG L,AGRO BAYER S. R. L.,"GLIFOSATO 79,2%",IV
38064,GLUFOSINATO 20 AGROTERRUM,AGROTERRUM S. A.,GLUFOSINATO DE AMONIO 20%,III
38063,ATRAZINA LQ 50,LANTHER QUIMICA S. A.,ATRAZINA 50%,IV
38061,KENDO GOLD,SYNGENTA AGRO SOCIEDAD ANONIMA,LAMBDA-CIALOTRINA 25%,II
38060,MALEVO PLUS,SYNGENTA AGRO SOCIEDAD ANONIMA,LAMBDA-CIALOTRINA 25%,II
38059,GLYNOMYL SENIOR,TECNOMYL S. A.,GLIFOSATO 75%,III
38057,ATRACTIVO 90 WG,SHARDA CROPCHEM LIMITED SUC.EMP.EXT.,ATRAZINA 90%,III
38056,AHIJUNA,R&D AGRO CONSULTORA S.A.,GLIFOSATO 77%,III
38055,VENDAVAL FUMIGANTE 51,BAC SCIENCES GROUP SA,METAN SODIO 51%,II
38054,ADARVE TBF,HIDRUM TECNOLOGIA QUIMICA SRL,TRIBROMOFENOL 40%,IV
38053,YPF AGRO PARAQUAT,YPF SOCIEDAD ANONIMA,"PARAQUAT DICLORURO 27,6%",III
38052,ABRIL 50 CURASEMILLA,PROQUIMUR SA,IPRODIONE 50%,III
38050,"GARANTE MAX 75,7 SG",FALCROP S. A.,"GLIFOSATO 75,7%",III
38049,TRANVEL,RAINBOW AGROSCIENSES SA,DICAMBA 77%,II
38048,SHELTER 3 FS,NUTRIEN AG SOLUTIONS ARGENTINA S. A.,DIFENOCONAZOLE 3%,III
38046,NUVOXL T,TECNOMYL S. A.,GLIFOSATO 62%,IV
38045,CELERITY XTREMO,LANTHER QUIMICA S. A.,ESTERES METILICOS DE ACIDOS GRASOS DE ACEITE DE SOJA 75%,IV
38043,WIND,WOHR RUBEN ALBERTO,ALCOHOL GRASO ETOXILADO 30%,III
38042,DESIKOTE MAX,EASTMAN DE ARGENTINA SRL,COPOLIMERO DE ALFA Y BETA PINENO 58%,III
38041,MILLION,AGROFINA S A,LACTOFEN 24%,IV
38038,HALOXI 54 AGROTERRUM,AGROTERRUM S. A.,HALOXIFOP-P METIL 54%,III
38037,SUREN PLUS,SYNGENTA AGRO SOCIEDAD ANONIMA,"DIFENOCONAZOLE 2,5%, FLUDIOXONIL 2,5%, TIAMETOXAM 26,25%",III
38036,CHARGE,SUMMIT AGRO ARGENTINA S A,FLUAZIFOP-P BUTIL 35%,IV
38034,AZOXY 50 DVA,DVA AGRO GMBH S.E.E.,AZOXISTROBINA 50%,III
38033,KARATHANE GOLD,CORTEVA AGRISCIENCE ARGENTINA SRL,MEPTIL DINOCAP 35%,II
38032,GLISAL FULL,QUAZAR SA,"GLIFOSATO 66,2%",IV
38030,EPOZOLE,RAINBOW AGROSCIENSES SA,"EPOXICONAZOLE 12,5%",III
38029,THANATOS,BORCHES Y CIA S A,ACETAMIPRID 20%,II
38028,ELATUS CON TECNOLOGIA SOLATENOL,SYNGENTA AGRO SOCIEDAD ANONIMA,"AZOXISTROBINA 30%, BENZOVINDIFLUPIR 15%",II
38027,SPARTA MAX,SIPCAM ARGENTINA S.R.L.,BIFENTRIN 25%,II
38026,DIMETOATO 40 FALCROP,FALCROP S. A.,DIMETOATO 40%,II
38024,"DIMECROPS 37,6%",SURCROPS SRL,"DIMETOATO 37,6%",II
38023,GENTOPYR,TECNOMYL S. A.,"GLIFOSATO 24%, IMAZETAPIR 2%",III
38022,WEEDCLEAR,RAINBOW AGROSCIENSES SA,"FLUROXIPIR MEPTIL 28,8%",III
38021,YKATU PLUS,ROTAM DE ARGENTINA AGROQUIMICA SRL,"AZOXISTROBINA 12%, TEBUCONAZOLE 20%",III
38020,"THOR 75,7 SG",3 LOMAS S.A.,"GLIFOSATO 75,7%",IV
38019,LUXOR 24,ATANOR SOCIEDAD EN COMANDITA POR ACCIONES,CLETODIM 24%,III
38018,LAMBDA ATANOR,ATANOR SOCIEDAD EN COMANDITA POR ACCIONES,LAMBDA-CIALOTRINA 5%,II
38017,HAPMET,RAINBOW AGROSCIENSES SA,"HALOXIFOP-P METIL 12,5%",III
38016,ADAMA ESSENTIALS ALEF,ADAMA ARGENTINA SOCIEDAD ANONIMA,"FOMESAFEN 25,2%",III
38015,MA Z PROTECTOR,PROTEGRAN S A,"IMAZAPIR 5%, IMAZETAPIR 15%",III
38014,PROTESOL,PROTEGRAN S A,IMAZAPIR 25%,III
38013,AZOXI-EPOXI,SUMITOMO CHEMICAL ARGENTINA S.A.,"AZOXISTROBINA 25%, EPOXICONAZOLE 12,5%",III
38012,TENACIUS SX,SYNGENTA AGRO SOCIEDAD ANONIMA,"DIFENOCONAZOLE 2,5%, FLUDIOXONIL 2,5%, SEDAXANE 5%, TIAMETOXAM 17,5%",III
38011,ZAINO SURCOS,SURCOS S.A.,IMIDACLOPRID 60%,III
38010,CONFIDENCE XTRA WG,RAINBOW AGROSCIENSES SA,"AZOXISTROBINA 60%, CIPROCONAZOLE 24%",III
38009,FAST ULTRA,GLEBA S A,"ABAMECTINA 1,8%, IMIDACLOPRID 17,5%",II
38008,MANTO,NOVA S. A. U.,LAMBDA-CIALOTRINA 25%,III
38007,JUMKAN,FRAGARIA S.A.,MEZCLA DE ESTERES Y JABONES PROVENIENTES DE ACIDOS GRASOS DE ACEITES VEGETALES TRANSESTERIFICADOS CON GLICERINA. Contiene SUCROGLICERIDOS 86%,IV
38006,PENDIMETALIN 33 CHEMPRO,FALCROP S. A.,PENDIMETALIN 33%,III
38005,THIODI 80 WG,SHARDA CROPCHEM LIMITED SUC.EMP.EXT.,TIODICARB 80%,II
38004,RIZODERMA,RIZOBACTER ARGENTINA S A,TRICHODERMA AFROHARZIANUM cepa Th2R199 50%,IV
38003,LAMBDA 24,SUMITOMO CHEMICAL ARGENTINA S.A.,LAMBDA-CIALOTRINA 24%,II
38000,SCHOLAR,SYNGENTA AGRO SOCIEDAD ANONIMA,FLUDIOXONIL 23%,IV
37999,WATERSHOCK,AGROPECUARIA LA CIMARRONA S.R.L.,ACIDO FOSFORICO 27%,III
37998,ARADOR 60,FALCROP S. A.,"2,4 D 60%",II
37996,MIFOS SUPER,CHEMOTECNICA S. A.,"GLIFOSATO 60,8%",IV
37995,TIMON,SURCOS S.A.,GLUFOSINATO DE AMONIO 20%,III
37994,LARGIN CS,RAINBOW AGROSCIENSES SA,LAMBDA-CIALOTRINA 25%,II
37993,ACEFATO SIGMA,SIGMA AGRO S.A,ACEFATO 75%,II
37992,CAPAZ MTZ,FMC QUIMICA S. A.,"METRIBUZIN 27%, SULFENTRAZONE 18%",IV
37991,CAPAZ MTZ WG,FMC QUIMICA S. A.,"METRIBUZIN 27%, SULFENTRAZONE 18%",IV
37988,YPF GLIFOSATO CONCENTRADO HD,TECNOMYL S. A.,GLIFOSATO 62%,IV
37987,TERRA 90,TECNOMYL S. A.,ATRAZINA 90%,IV
37985,SILVZOLE XTRA,RAINBOW AGROSCIENSES SA,TEBUCONAZOLE 75%,III
37984,EXIREL,FMC QUIMICA S. A.,CIANTRANILIPROLE 10%,IV
37983,BOREY,AVGUST ARGENTINA S.R.L.,"IMIDACLOPRID 15%, LAMBDA-CIALOTRINA 5%",II
37982,COADYUVANTE ESPACIAL EFECTO CORRECTO FACYT,FACYT I + D SA,"ALCOHOL LAURICO ETOXILADO 17,3%",IV
37981,CLEANDIM,RAINBOW AGROSCIENSES SA,CLETODIM 24%,III
37980,COADYUVANTE KUMMEL BIO VENTO,ESCOBOSA EDUARDO JOSE,ALCOHOL GRASO ETOXILADO 20%,IV
37978,PENDI 33 EC,SHARDA CROPCHEM LIMITED SUC.EMP.EXT.,PENDIMETALIN 33%,III
37976,MOAV 50 SC,GELP S. R. L.,SULFENTRAZONE 50%,II
37975,MIDATRIN,FARMCHEM SA,"IMIDACLOPRID 20%, LAMBDA-CIALOTRINA 10%",II
37971,PENDIPAX,RAINBOW AGROSCIENSES SA,PENDIMETALIN 50%,III
37966,KRYNN DUO A,ATANOR SOCIEDAD EN COMANDITA POR ACCIONES,"2,4 D 80,4%",II
37965,SUPER ESTRELLA GR ACA,AGRO BAYER S. R. L.,"GLIFOSATO 74,7%",III
37964,HERBICIDA DAARGUS FULL,REOPEN S A,"GLIFOSATO 66,2%",IV
37963,GLORIUS MYL,TECNOMYL S. A.,"PICLORAM 27,8%",III
37962,AGROMIPRID 20 SP,NGC AGROSCIENCES ARGENTINA S.A.,ACETAMIPRID 20%,III
37961,MAGNUM AMONIO,ADN AGRO S.A.,GLIFOSATO 40%,IV
37960,GRAMAX 54,FORMULAGRO SOCIEDAD RESPONSABILIDAD LIMITADA,HALOXIFOP-P METIL 54%,II
37959,"2,4D CHEMPRO",FALCROP S. A.,"2,4 D 95%",II
37958,SILVZOLE EW,RAINBOW AGROSCIENSES SA,TEBUCONAZOLE 25%,II
37955,"GLIFOSATO 75,7 JLB",JLB Y ASOCIADOS S.A,"GLIFOSATO 75,7%",IV
37954,ORCUSS ELITE,SURCOS S.A.,HALOXIFOP-P METIL 25%,II
37953,WEEDS OFF,CAMPO CROP S.A.,GLIFOSATO 62%,IV
37952,CLORIMURON 75 FENDER,PRO CROP S.A.,CLORIMURON ETIL 75%,III
37951,LAMBDACIALOTRINA MARKETING AGR COLA,MARKETING AGRICOLA S.R.L.,LAMBDA-CIALOTRINA 5%,Ib
37950,HUAGRO TOX,HUAGRO S A,"ABAMECTINA ,011%",III
37948,SUPER ESTRELLA II ACA,AGRO BAYER S. R. L.,"GLIFOSATO 66,2%",IV
37946,KINGSTAR SC,RAINBOW AGROSCIENSES SA,"AZOXISTROBINA 20%, CIPROCONAZOLE 8%",III
37945,FOX,SINER S A,"FOMESAFEN 26,25%",III
37944,DIAPASON,NOVA S. A. U.,"EPOXICONAZOLE 12,5%",IV
37943,USGUR,AVGUST ARGENTINA S.R.L.,IMIDACLOPRID 50%,II
37942,HIGHNESS,NOVA S. A. U.,DIFENOCONAZOLE 16%,IV
37941,AVATAR,AGM ARGENTINA S. A.,AZOXISTROBINA 50%,III
37940,WEEDAR FULL,SUMITOMO CHEMICAL ARGENTINA S.A.,"2,4 D 83,5%",II
37939,MICROGROWTH,MULCHEN AGROTOTAL SOCIEDAD ANONIMA,ESTERES METILICOS DE ACIDOS GRASOS DE ACEITE VEGETAL 62%,IV
37936,ADAMA ESSENTIALS AZTEK,ADAMA ARGENTINA SOCIEDAD ANONIMA,IMAZETAPIR 70%,IV
37932,"2,4D 60 GREEN CROPS",RAINBOW AGROSCIENSES SA,"2,4 D 60%",III
37931,RICEFOP,SURCOS S.A.,CIALOFOP-BUTIL 18%,III
37930,HARRIER BIO,ARROWWS ARGENTINA S. R. L.,"ALCOHOL LAURICO ETOXILADO 32,7%",IV
37929,CARBEN WG,RAINBOW AGROSCIENSES SA,CARBENDAZIM 80%,III
37928,PINAR SURCOS,SURCOS S.A.,"PICLORAM 27,8%",IV
37927,CLEANER XTRA,RAINBOW AGROSCIENSES SA,CLOROTALONIL 90%,III
37926,LIGERO,AGM ARGENTINA S. A.,"PARAQUAT DICLORURO 27,6%",III
37925,BABOSIL SUPER,NINIVE SOCIEDAD ANONIMA COM IND FIN INM Y AGROPECUARIA,METALDEHIDO 20%,II
37924,PRIAXOR,BASF AGRICULTURAL SOLUTIONS ARGENTINA S.A.,"FLUXAPIROXAD 16,7%, PIRACLOSTROBIN 33,3%",II
37919,SHERIDAN,HELM ARGENTINA S. R. L.,CLORIMURON ETIL 25%,IV
37917,MARDER,CHEMOTECNICA S. A.,"ACETAMIPRID 2%, LAMBDA-CIALOTRINA 2%",II
37915,ACEITE QUIMECO,LABORATORIO QUIMECO S.R.L.,ACEITE DE SOJA 85%,IV
37914,TUTOR METIL,ALTERBIO SA,METIL TIOFANATO 24%,IV
37913,STERN,FMC QUIMICA S. A.,"CLORSULFURON 62,5%, METSULFURON METIL 12,5%",IV
37911,POLARIS T,TECNOMYL S. A.,GLIFOSATO 62%,IV
37910,COADYUVANTE KUMMEL 3 ELEMENTOS BIO,ESCOBOSA EDUARDO JOSE,ALCOHOL GRASO ETOXILADO 20%,IV
37909,HYPER,SHARDA CROPCHEM LIMITED SUC.EMP.EXT.,"AZOXISTROBINA 20%, CIPROCONAZOLE 8%",II
37906,VIBRANCE GOLD,SYNGENTA AGRO SOCIEDAD ANONIMA,"DIFENOCONAZOLE 2,5%, FLUDIOXONIL 2,5%, SEDAXANE 5%",III
37905,ANTIDERIVA FULLDROP,LABORATORIO QUIMECO S.R.L.,"ALCOHOL LAURICO ETOXILADO 20%, ALCOHOL LINEAL ETOXILADO 20%",III
37904,GLYNOMYL PREMIUM,TECNOMYL S. A.,GLIFOSATO 62%,IV
37901,COSMIC,SYNGENTA AGRO SOCIEDAD ANONIMA,"LAMBDA-CIALOTRINA 10,6%, TIAMETOXAM 14,1%",II
37900,CRUISER OPTI,SYNGENTA AGRO SOCIEDAD ANONIMA,"LAMBDA-CIALOTRINA 3,75%, TIAMETOXAM 21%",III
37899,YPF IMAZETAPIR HE,YPF SOCIEDAD ANONIMA,"IMAZETAPIR 10,6%",IV
37898,AGRIQUAT,NGC AGROSCIENCES ARGENTINA S.A.,"PARAQUAT DICLORURO 27,6%",II
37897,IMIDA 70 WG BIESTERFELD,BIESTERFELD ARGENTINA SOCIEDAD ANONIMA,IMIDACLOPRID 70%,II
37896,KAYTINA EC,KAYKUN S.R.L.,"ABAMECTINA 1,8%",II
37893,ADAMA ESSENTIALS AZUR,ADAMA ARGENTINA SOCIEDAD ANONIMA,HALOXIFOP-P METIL 54%,III
37889,SUPERMET,RAINBOW AGROSCIENSES SA,METSULFURON METIL 60%,III
37888,AMETRINA 80 SINER,SINER S A,AMETRINA 80%,III
37887,NUFARM KAMBA FULL,SUMITOMO CHEMICAL ARGENTINA S.A.,"DICAMBA 88,8%",III
37885,UNIKUM,HELM ARGENTINA S. R. L.,TIAMETOXAM 25%,IV
37884,CURYGEN,AVGUST ARGENTINA S.R.L.,DIFENOCONAZOLE 25%,II
37883,IMAZETAPIR 80 HUAGRO,HUAGRO S A,IMAZETAPIR 80%,III
37882,TOUCHE ULTRA WG,RAINBOW AGROSCIENSES SA,"IMIDACLOPRID 25%, LAMBDA-CIALOTRINA 10%",II
37881,FORTUNA GLOBE 75 WDG,AGRIA ARGENTINA S.A.,MANCOZEB 75%,III
37880,RANCONA ME,UPL ARGENTINA S. A.,"IPCONAZOLE 1,5%",III
37878,FLUTRIAFOL SINON,INDUSTRIAS QUIMICAS Y VEGETALES S A,"FLUTRIAFOL 12,5%",III
37875,BRETON,FMC QUIMICA S. A.,LUFENURON 5%,III
37873,COMPACT,SUMITOMO CHEMICAL ARGENTINA S.A.,LUFENURON 5%,III
37871,DESPEJE,BORCHES Y CIA S A,SULFENTRAZONE 50%,III
37870,CARVIN 5 G,BENOC ARGENTINA S R L,CARBARIL 5%,IV
37869,SMARTSPRAY,RAINBOW AGROSCIENSES SA,"2,4-DB 93,1%",II
37866,GOTEN,SYNGENTA AGRO SOCIEDAD ANONIMA,ATRAZINA 90%,III
37865,LEDON,SYNGENTA AGRO SOCIEDAD ANONIMA,S-METOLACLORO 96%,III
37863,YPF COA VEGETAL SILICONADO,YPF SOCIEDAD ANONIMA,LECITINA DE SOJA 35%,IV
37861,CEBOL,LANTHER QUIMICA S. A.,CARBARIL 8%,II
37856,GLOBAL OIL,LABORATORIOS PEYTE S.A.,ACEITE DE SOJA 85%,IV
37854,BIOLURE LB,NASTIA S.R.L.,"(E,Z)7,9-DODECADIENIL ACETATO ,3%",IV
37853,FUNGIZEB WP,RAINBOW AGROSCIENSES SA,MANCOZEB 80%,III
37852,COBRE SL AGROSPEC,AGROSPEC ARGENTINA S.A.,"SULFATO DE COBRE PENTAHIDRATADO 21,61%",III
37851,ELUNEY,R&D AGRO CONSULTORA S.A.,IMAZETAPIR 10%,III
37850,KINGOLOR,RAINBOW AGROSCIENSES SA,IMIDACLOPRID 35%,II
37848,KEYZOL,AVGUST ARGENTINA S.R.L.,TEBUCONAZOLE 25%,II
37840,DETECTOR,BORCHES Y CIA S A,"IMAZETAPIR 10,59%",III
37839,TSURF BIO,TONAMARK AGRO S.R.L.,ALCOHOL GRASO ETOXILADO 48%,IV
37838,BINGO,SURCOS S.A.,"FOMESAFEN 26,2%",III
37833,KEKOL LPU,QUIMICA KEKOL SRL,"CIPERMETRINA ,21%, NAFTENATO DE ZINC 3,15%",III
37832,VIRAJE,LARTIRIGOYEN Y CIA S A,ESTERES METILICOS DE ACIDOS GRASOS DE ACEITE VEGETAL 62%,IV
37831,MATADOR 54 EC,NUTRIEN AG SOLUTIONS ARGENTINA S. A.,HALOXIFOP-P METIL 54%,III
37828,MANCONYL,AGRI STAR S. A.,"MANCOZEB 64%, METALAXIL 8%",III
37827,QUADRIS 50 WG,SYNGENTA AGRO SOCIEDAD ANONIMA,AZOXISTROBINA 50%,III
37825,"DOGO 27,6 SL",ASOCIACION DE COOPERATIVAS ARGENTINAS - COOP. LTDA.,"PARAQUAT DICLORURO 27,6%",III
37824,PROGUS,SYNGENTA AGRO SOCIEDAD ANONIMA,"FLUDIOXONIL 2,5%, METALAXIL -M 3,75%",IV
37822,SEEDVAULT,NOVA S. A. U.,ANTRANILATO DE METILO 30%,IV
37821,CAMPO SEAL,PROCHEM BIO SA.,"AZOXISTROBINA 20%, CIPROCONAZOLE 8%",II
37819,EMBLEM MAXX,SUMITOMO CHEMICAL ARGENTINA S.A.,HALOXIFOP-P METIL 54%,II
37813,EXALT,CORTEVA AGRISCIENCE ARGENTINA SRL,SPINETORAM 12%,IV
37812,DOMARK EXCELL,GOWAN ARGENTINA S.R.L.,"AZOXISTROBINA 10%, TETRACONAZOLE 8%",II
37810,YPF GLIFOSATO HD,TECNOMYL S. A.,"GLIFOSATO 39,2%",IV
37809,ECO DEGSER WET,LABORATORIOS DEGSER SOCIEDAD DE RESPONSABILIDAD LIMITADA,ALCOHOL GRASO ETOXILADO 48%,III
37808,ZINO 75 WG,SHARDA CROPCHEM LIMITED SUC.EMP.EXT.,HEXAZINONA 75%,II
37807,DIFENO 25 CAMPO,PROCHEM BIO SA.,DIFENOCONAZOLE 25%,III
37806,FUGAZ,CHEMOTECNICA S. A.,AZOXISTROBINA 25%,III
37805,TUTALURE,WAYNE CHEMICAL SRL,"(E,Z,Z)3,8,11 TETRADECATRIENIL ACETATO ,07%",IV
37804,RADIX 35% TB,WAYNE CHEMICAL SRL,ACIDO INDOL 3 BUTIRICO 35%,III
37802,SULFAR,FARMCHEM SA,METSULFURON METIL 60%,III
37799,FACYT TC 35 + 15,FACYT I + D SA,"CARBENDAZIM 15%, TIRAM 35%",III
37798,ORLIAN,CORTEVA AGRISCIENCE ARGENTINA SRL,"PENTIOPIRAD 10%, PICOXISTROBIN 10%",II
37796,AIKIDO 25,HELM ARGENTINA S. R. L.,LAMBDA-CIALOTRINA 25%,II
37795,PRODINXIL 35 FS,PRODINSA ARGENTINA S A,METALAXIL 35%,II
37792,HUCK 24 EC,SUMMIT AGRO ARGENTINA S A,LACTOFEN 24%,IV
37791,AZOXY PRO,AGROFINA S A,"AZOXISTROBINA 20%, CIPROCONAZOLE 8%",III
37790,AZOXY 25,AMAGGI ARGENTINA S.A.,AZOXISTROBINA 25%,IV
37789,YUVAL 50,GELP S. R. L.,LINURON 50%,III
37788,ECOSPRAY,RIZOBACTER ARGENTINA S A,ALCOHOL GRASO ETOXILADO 48%,III
37785,SECUESTRANTE ROCIO,TRES ROCIOS S.R.L.,ALCOHOL GRASO ETOXILADO 25%,IV
37784,COADYUVANTE ROCIO,TRES ROCIOS S.R.L.,"ALCOHOL GRASO ETOXILADO 85,8%",IV
37783,CAPTAN WP ANDO,S ANDO Y CIA SACIIF,CAPTAN 80%,III
37782,ADMIRAL 25 WP,WECAN AGRO SA,CLORIMURON ETIL 25%,III
37781,YUNNUX,RAINBOW AGROSCIENSES SA,CLORIMURON ETIL 75%,III
37779,C?COA VEGETAL,YPF SOCIEDAD ANONIMA,ACEITE DE SOJA 83%,IV
37778,CLEANSPRAY SP,RAINBOW AGROSCIENSES SA,"2,4 D 96,3%",II
37777,CIVIC,NOVA S. A. U.,"LAMBDA-CIALOTRINA 5%, LUFENURON 5%",II
37776,PARADISE,NOVA S. A. U.,"AZOXISTROBINA 20%, EPOXICONAZOLE 10%",III
37775,MURO WDG,NUTRIEN AG SOLUTIONS ARGENTINA S. A.,CLORIMURON ETIL 25%,III
37774,BLOCKADER,AGRIMARKETING SA,ALCOHOL GRASO ETOXILADO 25%,IV
37773,BIO H,POTENCIAL QUIMICA S.A.,ALCOHOL GRASO ETOXILADO 25%,IV
37772,YPF AGRO GLIFOSATO CONCENTRADO HA,YPF SOCIEDAD ANONIMA,"GLIFOSATO 64,5%",IV
37771,METALAXIL 35 BAC,AGROFACIL S A,METALAXIL 35%,II
37770,"HALOXIFOP 12,5 MELTHIS",SURCROPS SRL,"HALOXIFOP-P METIL 12,5%",III
37767,AGH PLUS,QUIMADH SOCIEDAD DE RESPONSABILIDAD LIMITADA,"2,2′,2″- NITRILOTRIETANOL ALQUILARIL-SULFONATO LINEAL.ISÓMEROS DE MONOALQUIL HIDROXIBENCENO ETOXILADO 74%",III
37762,JUNO FUSION,CORTEVA AGRISCIENCE ARGENTINA SRL,"CIPROCONAZOLE 8%, PICOXISTROBIN 20%",III
37761,HOOD,NOVA S. A. U.,"BIFENTRIN 5%, LUFENURON 5%",II
37760,FOKKER,NOVA S. A. U.,FOMESAFEN 25%,III
37759,VELOCITY,NOVA S. A. U.,HALOXIFOP-P METIL 54%,II
37758,"PARAQUAT 27,6 SINER",SINER S A,"PARAQUAT DICLORURO 27,6%",II
37757,ESKOBA FULL II SURCOS,SURCOS S.A.,"GLIFOSATO 66,2%",III
37756,AGROZIM 50 SC,NGC AGROSCIENCES ARGENTINA S.A.,CARBENDAZIM 50%,III
37755,ATRAX 90 WG,SINER S A,ATRAZINA 90%,IV
37754,TAZER XPERT,SUMITOMO CHEMICAL ARGENTINA S.A.,"AZOXISTROBINA 25%, EPOXICONAZOLE 12,5%",III
37753,FORTENZA SEMILLERO,SYNGENTA AGRO SOCIEDAD ANONIMA,CIANTRANILIPROLE 60%,IV
37752,AMISTAR 50 WG,SYNGENTA AGRO SOCIEDAD ANONIMA,AZOXISTROBINA 50%,III
37751,NUMEX,XOMEZANA SA,"QUIZALOFOP-P ETIL 10,8%",III
37750,"PHILAMEC 3,6",PHILAGRO S.A,"ABAMECTINA 3,6%",II
37749,ZENITH SURCOS,SURCOS S.A.,LAMBDA-CIALOTRINA 25%,II
37748,RIDOWN PLUS,RAINBOW AGROSCIENSES SA,"GLIFOSATO 24%, IMAZETAPIR 2%",III
37747,TRESPASS,RAINBOW AGROSCIENSES SA,"ABAMECTINA 1,8%",II
37746,SUSTENTOR,BORCHES Y CIA S A,CLETODIM 24%,III
37745,ARIES,NOVA S. A. U.,AZOXISTROBINA 25%,IV
37744,ATRAZINA 90 INZIRA,RINDES Y CULTIVOS DAS S.A. - FEDEA S.A. - SUMIDAS JV S.A.- DASER AGRO S.A. - AMBITO DAS S.A. - TERRAMAR JV S.A. - DESAB S.A. U. T. E.,ATRAZINA 90%,IV
37743,CLEANER,RAINBOW AGROSCIENSES SA,CLOROTALONIL 72%,III
37742,AZTROSTAR,RAINBOW AGROSCIENSES SA,AZOXISTROBINA 50%,III
37741,BOLT,NOVA S. A. U.,ALCOHOL GRASO ETOXILADO 2%,IV
37740,"2,4D AMINA SUMAGRO SL",SIPCAM ARGENTINA S.R.L.,"2,4 D 58,4%",II
37738,ROVRAL,FMC QUIMICA S. A.,IPRODIONE 50%,III
37737,GLIFACYT COMPLETO,FACYT I + D SA,"2,4 D 13,7%, DICAMBA 4,5%, GLIFOSATO 32,4%",III
37734,INDIGO ELITE,SURCOS S.A.,"IMAZETAPIR 4,5%",III
37732,GLUFO ACTION,WECAN AGRO SA,GLUFOSINATO DE AMONIO 20%,III
37731,WEEDS,NATECO AGRO S.R.L.,ALCOHOL GRASO ETOXILADO 30%,III
37730,ENEDOS ECO,LABORATORIOS ARBO S.R.L.,ALCOHOL GRASO ETOXILADO 48%,III
37725,HALOXIFOP AS,ARECO SEMILLAS S.A.,"HALOXIFOP-P METIL 10,8%",III
37724,LUCKRON,RAINBOW AGROSCIENSES SA,LUFENURON 5%,III
37718,ADAGE 60 FS SEMILLERO,SYNGENTA AGRO SOCIEDAD ANONIMA,TIAMETOXAM 60%,IV
37717,SUREN 60 FS SEMILLERO,SYNGENTA AGRO SOCIEDAD ANONIMA,TIAMETOXAM 60%,IV
37716,PARAQUAT MULTIAGRO,MULTIAGRO S. A.,"PARAQUAT DICLORURO 27,6%",III
37715,"ESTRELLA SG 75,7",ASOCIACION DE COOPERATIVAS ARGENTINAS - COOP. LTDA.,"GLIFOSATO 75,7%",IV
37714,SUREN 35 FS,SYNGENTA AGRO SOCIEDAD ANONIMA,TIAMETOXAM 35%,III
37713,QUIMECO TC 10 + 10,LABORATORIO QUIMECO S.R.L.,"CARBENDAZIM 10%, TIRAM 10%",II
37711,YPF AGRO ABAMEC IF,RAINBOW AGROSCIENSES SA,"ABAMECTINA 1,8%",II
37710,ESPLANADE,2022 ENVIRONMENTAL SCIENCE AR S.A.,INDAZIFLAM 50%,III
37709,REZINA 90 WG,CARGILL SOCIEDAD ANONIMA COMERCIAL E INDUSTRIAL,ATRAZINA 90%,III
37708,GLIFOSATO AMONIO SIGMA,VITERRA ACOPIO S. A.,GLIFOSATO 42%,III
37707,BIO BTK FORMULAGRO,FORMULAGRO SOCIEDAD RESPONSABILIDAD LIMITADA,"BACILLUS THURINGIENSIS var KURSTAKI 3,5%",IV
37706,CALDO BORDELES VALLES ASP,NUTRIEN AG SOLUTIONS ARGENTINA S. A.,"SULFATO TETRACUPRICO TRICALCICO 78,43%",III
37705,METILUS,CAMPOCATT SRL,ACEITE DE SOJA 87%,IV
37704,CADMA,RAINBOW AGROSCIENSES SA,"2,4 D 60%",II
37702,"2,4D AMINA MAX 50",BORCHES Y CIA S A,"2,4 D 60%",II
37699,SPIKE I,FORMULAGRO SOCIEDAD RESPONSABILIDAD LIMITADA,"AZOXISTROBINA 20%, CIPROCONAZOLE 8%",III
37698,TANKE 33,GLEBA S A,PENDIMETALIN 33%,III
37697,ZODIAC,NOVA S. A. U.,"ABAMECTINA ,7%, BIFENTRIN 5%, LUFENURON 5%",II
37696,TIZCA,FMC QUIMICA S. A.,FLUAZINAM 50%,III
37695,FENOTRINA NF,FARMCHEM SA,LAMBDA-CIALOTRINA 5%,II
37694,KONAN 50 SC,PROQUIMUR SA,IPRODIONE 50%,III
37693,ACETOCLOR ASSA,ARECO SEMILLAS S.A.,ACETOCLOR 90%,II
37692,AMISTAR XTRA GOLD,SYNGENTA AGRO SOCIEDAD ANONIMA,"AZOXISTROBINA 20%, CIPROCONAZOLE 8%",III
37691,FORTRESS,COMPAÑIA ASCARISCER S.A.,"DELTAMETRINA 3,5%",III
37690,AERO,NATECO AGRO S.R.L.,ALCOHOL GRASO ETOXILADO 30%,III
37689,DUO,NATECO AGRO S.R.L.,ALCOHOL GRASO ETOXILADO 30%,III
37688,METT,SINER S A,METSULFURON METIL 60%,III
37686,MEPISTAR,AGRI STAR S. A.,MEPIQUAT CLORURO 5%,III
37685,RICEBAC,SURCOS S.A.,BISPIRIBAC SODIO 40%,III
37684,BIPOWER MAX SUMAGRO,SIPCAM ARGENTINA S.R.L.,"BIFENTRIN 3,5%, IMIDACLOPRID 12%",II
37683,PARAQUAT HUAGRO,HUAGRO S A,"PARAQUAT DICLORURO 27,6%",III
37682,HALOX 54,AGROFINA S A,HALOXIFOP-P METIL 54%,II
37681,DEORO,AGRO BAYER S. R. L.,"FLUMETRALIN 12,5%",III
37679,AVAUNT,FMC QUIMICA S. A.,INDOXACARB 30%,II
37678,KINGOLOR XTRA,RAINBOW AGROSCIENSES SA,IMIDACLOPRID 70%,II
37677,CLORIMUR,UPL ARGENTINA S. A.,CLORIMURON ETIL 25%,III
37675,ACOPIFUNG,COOPERATIVA AGROPECUARIA DE ACOPIADORES FEDERADOS LIMITADA,"CARBENDAZIM 10%, TIRAM 10%",II
37668,"GLIFO POWER 64,5 DELTA AGRO",AGROINSUMOS B Y L S.A.,"GLIFOSATO 64,5%",IV
37667,CABURE,ASOCIACION DE COOPERATIVAS ARGENTINAS - COOP. LTDA.,IMIDACLOPRID 60%,II
37663,MULCHEN METILOIL,MULCHEN AGROTOTAL SOCIEDAD ANONIMA,ESTERES METILICOS DE ACIDOS GRASOS DE ACEITE VEGETAL 62%,IV
37662,VIBRANCE SEMILLERO,SYNGENTA AGRO SOCIEDAD ANONIMA,SEDAXANE 50%,III
37659,LINX,NOVA S. A. U.,"AZOXISTROBINA 20%, DIFENOCONAZOLE 12,5%",IV
37658,FACYT IMPID,FACYT I + D SA,IMIDACLOPRID 20%,III
37657,GURU,UPL ARGENTINA S. A.,HALOXIFOP-P METIL 12%,III
37656,ECO PLUS SILICONADO,SERV - QUIM S.A.,ALCOHOL GRASO ETOXILADO 49%,III
37653,KAMBA,SINER S A,"DICAMBA 57,8%",IV
37652,SUPERFINA,AGROFINA S A,CIPERMETRINA 25%,II
37651,RAINDAZIM,RAINBOW AGROSCIENSES SA,CARBENDAZIM 80%,IV
37650,IMAZETAPIR 10 MELTHIS,SURCROPS SRL,"IMAZETAPIR 10,6%",III
37649,"HALOXIFOP 12,5 ACTION",WECAN AGRO SA,"HALOXIFOP-P METIL 12,5%",III
37647,SIRTAKI,SIPCAM ARGENTINA S.R.L.,CLOMAZONE 50%,III
37646,OPTIONS ADVANCE FS,NOVA S. A. U.,"CAPTAN 14,8%, CARBOXIN 10%, METALAXIL ,67%, METIL TIOFANATO 5%",IV
37644,POTENZA K,NUTRIEN AG SOLUTIONS ARGENTINA S. A.,"GLIFOSATO 43,8%",IV
37643,TUKEN,ROTAM DE ARGENTINA AGROQUIMICA SRL,DIFLUFENICAN 50%,IV
37640,DEDALO ELITE,SURCOS S.A.,"2,4 D 30%",III
37639,RAINQUAT PLUS,RAINBOW AGROSCIENSES SA,"DIURON 10%, PARAQUAT DICLORURO 27,6%",II
37638,PERFEKTHION,FARM CHEMICALS ARGENTINA S.R.L,DIMETOATO 40%,II
37637,ICEFATE,RAINBOW AGROSCIENSES SA,ACEFATO 90%,II
37636,NOMINEE GOLD,SUMMIT AGRO ARGENTINA S A,BISPIRIBAC SODIO 10%,II
37635,TOPLOX XTRA,RAINBOW AGROSCIENSES SA,HALOXIFOP-P METIL 54%,III
37634,VERIMARK,FMC QUIMICA S. A.,CIANTRANILIPROLE 20%,IV
37633,MOVENTO,AGRO BAYER S. R. L.,SPIROTETRAMAT 15%,III
37631,SISTEMOIL ACA,ASOCIACION DE COOPERATIVAS ARGENTINAS - COOP. LTDA.,ACEITE DE SOJA 80%,IV
37630,OCTANO,SURCOS S.A.,"ABAMECTINA 4%, LAMBDA-CIALOTRINA 5%",II
37629,SULFO-CUP PREMIUM,A R V SA,"AZUFRE 70%, HIDROXIDO DE COBRE 17%, OXICLORURO DE COBRE 6,7%",III
37628,"HALOXIFOP 12,5 SINER",SINER S A,"HALOXIFOP-P METIL 12,5%",III
37627,PROMETRIN 50 SURCOS,SURCOS S.A.,PROMETRINA 50%,III
37626,ISATALONIL MAX,SIPCAM ARGENTINA S.R.L.,CLOROTALONIL 50%,III
37624,KOLTAR,ADAMA ARGENTINA SOCIEDAD ANONIMA,OXIFLUORFEN 24%,III
37622,YPF AGRO GLIFOSATO GRANULADO HF,RAINBOW AGROSCIENSES SA,"GLIFOSATO 75,7%",IV
37621,ATRAZINA 90 WG SINO-AGRI,SAL ARGENTINA S.R.L.,ATRAZINA 90%,III
37615,GLIFO 75.7 AGROTERRUM,AGROTERRUM S. A.,"GLIFOSATO 75,7%",IV
37614,POLARIS ACC,ADAMA ARGENTINA SOCIEDAD ANONIMA,"GLIFOSATO 75,7%",IV
37613,RIPER,SUMMIT AGRO ARGENTINA S A,FLUMIOXAZIN 48%,IV
37611,UPTAKE PLUS,CORTEVA AGRISCIENCE ARGENTINA SRL,ESTERES METILICOS DE ACIDOS GRASOS DE ACEITE VEGETAL 82%,IV
37610,ZITA,FALCROP S. A.,ZIRAM 76%,III
37604,VENCEWEED EXTRA D,ATANOR SOCIEDAD EN COMANDITA POR ACCIONES,"2,4-DB 93,1%",II
37594,TORO 24 SL,NUTRIEN AG SOLUTIONS ARGENTINA S. A.,"PICLORAM 27,8%",III
37593,ATRA 90 WG KEMSURE,AGROEMPRESA COLON S.A.,ATRAZINA 90%,IV
37589,BRIOS,RIZOBACTER ARGENTINA S A,ALCOHOL GRASO ETOXILADO 48%,III
37588,PARAQUAT NOVA -,NOVA S. A. U.,"PARAQUAT DICLORURO 27,6%",III
37587,FOCUS,RIZOBACTER ARGENTINA S A,ESTERES METILICOS DE ACIDOS GRASOS DE ACEITE VEGETAL 70%,IV
37581,"2,4 D AMINA 60% SURCROPS",SURCROPS SRL,"2,4 D 60%",III
37577,ADAMA ATRANEX,ADAMA ARGENTINA SOCIEDAD ANONIMA,ATRAZINA 90%,III
37576,TORCH PLUS,RAINBOW AGROSCIENSES SA,"PICLORAM 11,4%",III
37573,ALION,AGRO BAYER S. R. L.,INDAZIFLAM 50%,III
37571,DIFLUFENICAN 50 AGROTERRUM,AGROTERRUM S. A.,DIFLUFENICAN 50%,III
37570,AZOGRANERO,NATURALIS S.A.,BACILLUS SUBTILIS 5%,IV
37569,AZOFOLIAR,NATURALIS S.A.,BACILLUS SUBTILIS 5%,IV
37568,POTASO SURCOS,SURCOS S.A.,GLIFOSATO 62%,III
37567,CAMBACROPS,SURCROPS SRL,"DICAMBA 57,8%",III
37565,"PARAQUAT 27,6 AS",ARECO SEMILLAS S.A.,"PARAQUAT DICLORURO 27,6%",III
37563,FEROX EC,ATANOR SOCIEDAD EN COMANDITA POR ACCIONES,"ABAMECTINA 1,8%",II
37562,GLINT,RAINBOW AGROSCIENSES SA,"HALOXIFOP-P METIL 12,5%",III
37561,NEON FAST,SPEEDAGRO S.R.L.,"PICLORAM 27,8%",III
37560,RID AWAY,RAINBOW AGROSCIENSES SA,"GLIFOSATO 66,2%",III
37555,EXIMIA TP,NOVA S. A. U.,"METALAXIL 1,33%, METIL TIOFANATO 10%",IV
37554,SIPCAPRIN MAX,SIPCAM ARGENTINA S.R.L.,PROMETRINA 50%,III
37553,TRENDING TOPIC PRO STICK,FARM CHEMICALS ARGENTINA S.R.L,CLOROTALONIL 72%,III
37552,ITALAME MAX,SIPCAM ARGENTINA S.R.L.,AMETRINA 50%,III
37551,FACYT CARB 50,FACYT I + D SA,CARBENDAZIM 50%,III
37550,ADAMA PARALLEL PLUS,ADAMA ARGENTINA SOCIEDAD ANONIMA,"ATRAZINA 33,6%, METOLACLORO 32,4%",III
37549,DELFARM,FARMCHEM SA,DELTAMETRINA 10%,II
37548,MAIZAL WG SURCOS,SURCOS S.A.,ATRAZINA 90%,III
37547,LUPARA ULV,FMC QUIMICA S. A.,MERCAPTOTION 120%,II
37546,NEMATHORIN EC 15,ISK ARGENTINA BRANCH,FOSTIAZATE 15%,II
37545,COWBOY ELITE,SURCOS S.A.,DICAMBA 20%,III
37544,PARAQUAT MAX,BORCHES Y CIA S A,"PARAQUAT DICLORURO 27,6%",III
37543,JANITOR,RAINBOW AGROSCIENSES SA,IMAZETAPIR 70%,IV
37542,"2,4D AMINA MAX 60",BORCHES Y CIA S A,"2,4 D 60%",II
37541,AJUSTE ROTAM,ROTAM DE ARGENTINA AGROQUIMICA SRL,HEPTAMETILTRISILOXANO 100%,III
37538,FOMESAMAX 25,SIPCAM ARGENTINA S.R.L.,FOMESAFEN 25%,III
37537,SABIUS,YERCO S A,LAMBDA-CIALOTRINA 25%,III
37536,TACORA XTRA,GLEBA S A,"AZOXISTROBINA 12%, TEBUCONAZOLE 20%",III
37534,TRIBUTO 75 WG,SURCOS S.A.,METRIBUZIN 75%,II
37533,DECIS FORTE,AGRO BAYER S. R. L.,DELTAMETRINA 10%,II
37532,SADDLER SEMILLERO,ROTAM DE ARGENTINA AGROQUIMICA SRL,TIODICARB 35%,II
37530,CHAMACO,GLEBA S A,TIODICARB 35%,II
37529,ACETO SHARDA 20 SP,SHARDA CROPCHEM LIMITED SUC.EMP.EXT.,ACETAMIPRID 20%,II
37528,VALIS M,FMC QUIMICA S. A.,"MANCOZEB 60%, VALIFENALATE 6%",IV
37526,MANCOZEB 75 HELM,HELM ARGENTINA S. R. L.,MANCOZEB 75%,III
37525,MANCOZEB 80 HELM,HELM ARGENTINA S. R. L.,MANCOZEB 80%,III
37524,LUPARA DK,FMC QUIMICA S. A.,MERCAPTOTION 100%,II
37523,VIVANDO,BASF AGRICULTURAL SOLUTIONS ARGENTINA S.A.,METRAFENONE 50%,IV
37522,REALEZA RED SURCOS,SURCOS S.A.,"GLIFOSATO 24%, IMAZETAPIR 2%",III
37521,FANTIC M,S ANDO Y CIA SACIIF,"BENALAXIL-M 4%, MANCOZEB 65%",IV
37520,POTENZA FULL,NUTRIEN AG SOLUTIONS ARGENTINA S. A.,"GLIFOSATO 66,2%",IV
37519,CYCLON PLUS,NOVA S. A. U.,"ABAMECTINA 1%, BIFENTRIN 5%, IMIDACLOPRID 20%, LAMBDA-CIALOTRINA 7,5%",II
37518,HALOXIFOP 24 DVA,DVA AGRO GMBH S.E.E.,HALOXIFOP-P METIL 24%,II
37517,ALFAMETRINA 10 SUMAGRO,SIPCAM ARGENTINA S.R.L.,ALFACIPERMETRINA/ALFAMETRINA 10%,II
37516,"2,4 D HEXIL 1025 FORMULAGRO",FORMULAGRO SOCIEDAD RESPONSABILIDAD LIMITADA,"2,4 D 102,5%",III
37515,TORCH,RAINBOW AGROSCIENSES SA,"2,4 D 44,7%, PICLORAM 11,4%",III
37512,ECO MELTHIS,SURCROPS SRL,"ACEITE DE SOJA 82,46%",IV
37499,GENFOSATO SUPER,NGC AGROSCIENCES ARGENTINA S.A.,"GLIFOSATO 75,7%",III
37498,ALFA POWER,TAGROS ARGENTINA S.R.L.,ALFACIPERMETRINA/ALFAMETRINA 15%,II
37494,PICLO 24 AGROTERRUM,AGROTERRUM S. A.,"PICLORAM 27,8%",IV
37493,ATRAMYL 90 WG,TECNOMYL S. A.,ATRAZINA 90%,IV
37488,LEGADO,ASOCIACION DE COOPERATIVAS ARGENTINAS - COOP. LTDA.,"HALOXIFOP-P METIL 12,5%",II
37487,ATRAST 90 WG,TECNOMYL S. A.,ATRAZINA 90%,IV
37486,CORRECTOR SINER,SINER S A,ACIDO FOSFORICO 72%,IV
37485,LAMBDATRIN,AGROFINA S A,LAMBDA-CIALOTRINA 5%,III
37484,GRADUATE A +,SYNGENTA AGRO SOCIEDAD ANONIMA,"AZOXISTROBINA 23,8%, FLUDIOXONIL 23,8%",II
37483,CHECK MATE LB F,NASTIA S.R.L.,"(E,Z)7,9-DODECADIENIL ACETATO 18,29%",IV
37482,FLECHA,NITRAP SOCIEDAD DE RESPONSABILIDAD LIMITADA,ACIDO CITRICO 31%,IV
37478,DESECANTE KEMSURE,AGROEMPRESA COLON S.A.,"PARAQUAT DICLORURO 27,6%",II
37477,GLIFOPAMPA ZAMBA,COFCO INTERNATIONAL ARGENTINA S.A.,GLIFOSATO 62%,IV
37476,COADYUVANTE SILICONADO BAGUAL,FACYT I + D SA,"DODECIL BENCEN SULFONICO 25,2%",III
37475,ATANOR ACETAMIPRID 20 SP IE,ATANOR SOCIEDAD EN COMANDITA POR ACCIONES,ACETAMIPRID 20%,II
37474,HALIZAN AGM,AGM ARGENTINA S. A.,HALOXIFOP-P METIL 24%,II
37473,NANOK,FMC QUIMICA S. A.,"AZOXISTROBINA 12,5%, FLUTRIAFOL 12,5%",III
37471,SARIT 50 WG,GELP S. R. L.,AZOXISTROBINA 50%,III
37470,SILVZOLE,RAINBOW AGROSCIENSES SA,TEBUCONAZOLE 43%,III
37469,HOR-TAL USO AGR COLA,RAUL OSCAR AGUERRE E HIJOS S A,"CIPERMETRINA ,2%, DELTAMETRINA ,46%",III
37466,HURON,GENBRA ARGENTINA S.A.,CLORIMURON ETIL 25%,IV
37465,ATRAZINA TM 50,TECNOMYL S. A.,ATRAZINA 50%,III
37464,GLYNOMYL II,TECNOMYL S. A.,"GLIFOSATO 43,6%",III
37463,LAMBDACIALOTRINA TECNOMYL,TECNOMYL S. A.,LAMBDA-CIALOTRINA 5%,II
37461,"ADAMA ESSENTIALS 2,4D AMINA 60,2 SL",ADAMA ARGENTINA SOCIEDAD ANONIMA,"2,4 D 60,2%",II
37460,ABAMET,RAINBOW AGROSCIENSES SA,"ABAMECTINA 1,8%",II
37459,TEBUCONAZOLE LINE,UPL ARGENTINA S. A.,TEBUCONAZOLE 43%,III
37456,DINNO,SUMMIT AGRO ARGENTINA S A,DINOTEFURAN 70%,IV
37455,HELPER,D'AMATO JOSE LUIS,"ALCOHOL GRASO ETOXILADO 13,2%",III
37454,NIEBLA ECOPLUS,D'AMATO JOSE LUIS,"ALCOHOL GRASO ETOXILADO 13,2%",III
37453,METSULFURON AS,ARECO SEMILLAS S.A.,METSULFURON METIL 60%,IV
37452,ATAVIO,NOVA S. A. U.,ACEITE DE SOJA 85%,IV
37447,QUINTAL,CORTEVA AGRISCIENCE ARGENTINA SRL,"METOXIFENOCIDE 10,4%, SPINOSAD 5,2%",IV
37446,HALOXIFOP MELTHIS,SURCROPS SRL,"HALOXIFOP-P METIL 10,8%",III
37445,HALOXIFOP BIESTERFELD,BIESTERFELD ARGENTINA SOCIEDAD ANONIMA,HALOXIFOP-P METIL 12%,III
37444,PIREO,SIPCAM ARGENTINA S.R.L.,LUFENURON 5%,III
37443,TOPLOX,RAINBOW AGROSCIENSES SA,"HALOXIFOP-P METIL 12,5%",III
37441,ALFAMAX 25 MICRO,BORCHES Y CIA S A,ALFACIPERMETRINA/ALFAMETRINA 25%,III
37440,SHARPEN 33 EC,SHARDA CROPCHEM LIMITED SUC.EMP.EXT.,PENDIMETALIN 33%,III
37439,IMAZACURE 50 EC,AFRICHEM S.A.,IMAZALIL 50%,II
37436,BIFENTRIN FALCROP,FALCROP S. A.,BIFENTRIN 10%,II
37433,PUFFER LB,NASTIA S.R.L.,"(E,Z)7,9-DODECADIENIL ACETATO 9,11%",IV
37432,GLIFORTE,XOMEZANA SA,GLIFOSATO 48%,IV
37429,PARAQUAT ADN,ADN AGRO S.A.,"PARAQUAT DICLORURO 27,6%",II
37428,ACETOCLOR 90 ADN,ADN AGRO S.A.,ACETOCLOR 90%,III
37427,SMARTFRESH PROTABS,AGROFRESH ARGENTINA S.R.L.,METIL CICLOPROPENO 2%,IV
37426,A VOLAR C & P,TROCKI JORGE MARCELO,TIRAM 24%,III
37425,"GLIFO 75,7",ZSCHEM ARGENTINA S. A.,"GLIFOSATO 75,7%",IV
37422,MANCOZEB FARM CHEMICALS,FARM CHEMICALS ARGENTINA S.R.L,MANCOZEB 80%,III
37421,SUPERB 70,AGM ARGENTINA S. A.,DICAMBA 77%,II
37420,"2,4D AMINA 85 BV",PROCHEM BIO SA.,"2,4 D 85%",II
37418,TEBUCROPS 43%,SURCROPS SRL,TEBUCONAZOLE 43%,III
37417,ALFACROP,FALCROP S. A.,ALFACIPERMETRINA/ALFAMETRINA 15%,II
37414,ORQUESTA ULTRA,BASF AGRICULTURAL SOLUTIONS ARGENTINA S.A.,"EPOXICONAZOLE 5%, FLUXAPIROXAD 5%, PIRACLOSTROBIN 8,1%",II
37412,PHILAMINA 50,PHILAGRO S.A,"2,4 D 60,2%",III
37410,RADIS,SYNGENTA AGRO SOCIEDAD ANONIMA,"ABAMECTINA 3,6%, TIAMETOXAM 7,2%",II
37400,ARTILLERO,NOVA S. A. U.,"BIFENTRIN 5%, IMIDACLOPRID 20%, LAMBDA-CIALOTRINA 7,5%",II
37398,ESPOLETA,NITRAP SOCIEDAD DE RESPONSABILIDAD LIMITADA,IMIDACLOPRID 60%,II
37397,WIPE OUT,RAINBOW AGROSCIENSES SA,"GLIFOSATO 88,8%",III
37391,TORCH PLUS,RAINBOW AGROSCIENSES SA,"2,4 D 44,7%, PICLORAM 11,4%",III
37390,IMAZETAPIR ASSA,ARECO SEMILLAS S.A.,"IMAZETAPIR 10,6%",III
37389,PICLORAM 24 RAINBOW,RAINBOW AGROSCIENSES SA,"PICLORAM 27,8%",IV
37386,STACK SIGMA,SOUTH AGRO S. R. L.,"BIFENTRIN 5%, IMIDACLOPRID 20%, LAMBDA-CIALOTRINA 7,5%",III
37385,LIGIER VERDE BIO,BAHNSA S.A.,ALCOHOL GRASO ETOXILADO 50%,IV
37384,MOVENTO PLUS,AGRO BAYER S. R. L.,"IMIDACLOPRID 36%, SPIROTETRAMAT 12%",II
37383,HEXEN,CORTEVA AGRISCIENCE ARGENTINA SRL,DICLOSULAM 84%,III
37382,QUID OIL,CORTEVA AGRISCIENCE ARGENTINA SRL,ESTERES METILICOS DE ACIDOS GRASOS DE ACEITE VEGETAL 70%,IV
37381,TALSTAR EXTRA,FMC QUIMICA S. A.,"ABAMECTINA 5%, BIFENTRIN 25%",II
37379,IDENTITY,BALESTRINI Y CIA S A,LECITINA DE SOJA 35%,IV
37376,ATRAZINA 90 WG KEMSURE,AGROEMPRESA COLON S.A.,ATRAZINA 90%,III
37374,"HALOXIFOP 12,5",SUMITOMO CHEMICAL ARGENTINA S.A.,"HALOXIFOP-P METIL 12,5%",IV
37373,ADJUST ALB,ATANOR SOCIEDAD EN COMANDITA POR ACCIONES,MEPIQUAT CLORURO 5%,III
37369,MANCHESTER S,FEIT Y OLIVARI S A,"SULFLURAMIDA ,3%",II
37365,"ABACROPS 1,8%",SURCROPS SRL,"ABAMECTINA 1,8%",II
37364,SUTERRA VMB,NASTIA S.R.L.,"LAVANDULIL SENECIOATO ,02%",IV
37363,AVIZOR RM,ASOCIACION DE COOPERATIVAS ARGENTINAS - COOP. LTDA.,"CARBENDAZIM 12,5%, EPOXICONAZOLE 12,5%",III
37361,ZONDA,NOVA S. A. U.,GLIFOSATO 62%,III
37360,TRICUR,GENBRA ARGENTINA S.A.,TEBUCONAZOLE 25%,III
37359,DEFENTOX D,UPL ARGENTINA S. A.,"DELTAMETRINA 2,5%",II
37358,ABA TOBIANO,EL TOBIANO SA,"ABAMECTINA 1,8%",II
37357,CHEMQUAT,WECAN AGRO SA,"PARAQUAT DICLORURO 27,6%",II
37356,NOVOLESTER 97,AGM ARGENTINA S. A.,"2,4 D 97%",II
37355,SPEEDWET XION SILICONGEL,SPEEDAGRO S.R.L.,"ALCOHOL GRASO ETOXILADO 17%, ALCOHOLES GRASOS 17%",IV
37354,SPEEDWET XION ACTIVEGEL,SPEEDAGRO S.R.L.,"ALCOHOL GRASO ETOXILADO 25%, ALCOHOLES GRASOS 25%",IV
37353,LUCIFER 5,SURCOS S.A.,LUFENURON 5%,III
37352,LABEL SURCOS,SURCOS S.A.,LAMBDA-CIALOTRINA 5%,II
37351,SAX,TORT VALLS S.A.,HIDROXIDO DE COBRE 54%,II
37350,"FOMESA 26,25 ADN",ADN AGRO S.A.,"FOMESAFEN 26,25%",III
37349,ACENTO,SURCOS S.A.,"AZOXISTROBINA 20%, TEBUCONAZOLE 12%",III
37348,JANFRY XTRA,GLEBA S A,"AZOXISTROBINA 20%, DIFENOCONAZOLE 12,5%",III
37347,SERDRIFT MAX,SERQUIM S.A.,NONIL FENOL ETOXILADO 1%,III
37346,MAIZAL SURCOS,SURCOS S.A.,ATRAZINA 50%,III
37345,MANCOZEB 80 MELTHIS,SURCROPS SRL,MANCOZEB 80%,III
37341,"GREEN 2,4D SG",RAINBOW AGROSCIENSES SA,"2,4 D 96,3%",II
37339,BORDÓ WG,A R V SA,"SULFATO DE COBRE PENTAHIDRATADO 84,65%",III
37338,"FLUTRI 12,5 SC",SHARDA CROPCHEM LIMITED SUC.EMP.EXT.,"FLUTRIAFOL 12,5%",III
37334,ANTIDERIVA BAGUAL,FACYT I + D SA,"DODECIL BENCEN SULFONICO 26,5%",III
37333,TROMPO,SURCOS S.A.,"LUFENURON 5%, PROFENOFOS 50%",II
37332,CAPTAIN 80 WP,SHARDA CROPCHEM LIMITED SUC.EMP.EXT.,CAPTAN 80%,III
37330,METOMIL LINE,UPL ARGENTINA S. A.,METOMIL 90%,Ib
37329,QUICK WATER,CUTHILL JUAN MARTIN,ALQUIL ARIL POLIGLICOL ETER 35%,IV
37327,CENTINELA,NOVA S. A. U.,IMIDACLOPRID 60%,II
37326,GLIFOCAS K,TECNOMYL S. A.,GLIFOSATO 48%,IV
37324,NOVACTION,FMC QUIMICA S. A.,MERCAPTOTION 32%,III
37323,NICOSULFURON 75 SURCOS,SURCOS S.A.,NICOSULFURON 75%,III
37318,AMICOR,FMC QUIMICA S. A.,CLORANTRANILIPROLE 20%,IV
37317,STARKLE 70 WP,SUMMIT AGRO ARGENTINA S A,DINOTEFURAN 70%,IV
37316,PROCLAIM FORTE,SYNGENTA AGRO SOCIEDAD ANONIMA,BENZOATO DE EMAMECTINA 5%,II
37314,"DICAMBA DAARGUS 57,7",REOPEN S A,"DICAMBA 57,7%",III
37309,PARAQUAT INSUAGRO,INSUMOS AGROQUIMICOS SOCIEDAD ANONIMA,"PARAQUAT DICLORURO 27,6%",III
37307,ROMECTIN G,ROTAM DE ARGENTINA AGROQUIMICA SRL,"ABAMECTINA 1,8%",III
37304,MAT MAS,COMPAÑIA DAB S.R.L.,"ALCOHOL GRASO ETOXILADO 10%, ALCOHOL LAURICO ETOXILADO 10%",III
37301,BIGUA,CORTEVA AGRISCIENCE ARGENTINA SRL,DICLOSULAM 84%,III
37300,PERCUTOR,AGRO BAYER S. R. L.,"IODO SULFURON METIL SODIO 6%, TIENCARBAZONE METIL 45%",III
37299,TALONE NEW,FMC QUIMICA S. A.,CLOROTALONIL 50%,IV
37298,SMART,AGM ARGENTINA S. A.,"2,4 D 96%",II
37297,VENTO,GLEBA S A,"LUFENURON 5%, TIODICARB 40%",II
37296,BIOSTICK,DESAB SA,"ALCOHOL GRASO ETOXILADO 29%, ALCOHOL LINEAL ETOXILADO 29%",III
37295,HIDROXICOBRE 35 WG,AGROSPEC ARGENTINA S.A.,"HIDROXIDO DE COBRE 53,8%",II
37294,LA TIJERETA BOX,AGRO BAYER S. R. L.,"GLIFOSATO 79,2%",III
37292,KARMA,PESCE FRANCO JESUS,"CARBENDAZIM 30%, TIRAM 30%",II
37291,ADAMA ESSENTIALS MESOFLEX,ADAMA ARGENTINA SOCIEDAD ANONIMA,MESOTRIONE 48%,III
37290,ACETOPRO 90,LANTHER QUIMICA S. A.,ACETOCLOR 90%,II
37289,QuitoSAR,NUTRITERRA SA,"QUITOSANO 2,5%",IV
37288,SOXIS,GLEBA S A,AZOXISTROBINA 25%,III
37287,LUMIVIA SEMILLERO,CORTEVA AGRISCIENCE ARGENTINA SRL,"CLORANTRANILIPROLE 62,5%",IV
37286,"2,4D AMINA FORMULAGRO",FORMULAGRO SOCIEDAD RESPONSABILIDAD LIMITADA,"2,4 D 60%",II
37284,TIENTO,GLEBA S A,"PICLORAM 27,8%",IV
37283,OPTYMUS X ECOLOGY EVOLUTION,PESCE FRANCO JESUS,"ALCOHOL GRASO ETOXILADO 85,8%",IV
37280,ASP ESTER LV,NUTRIEN AG SOLUTIONS ARGENTINA S. A.,"2,4 D 102,5%",III
37278,TEBUCONAZOLE 25 UPL,UPL ARGENTINA S. A.,TEBUCONAZOLE 25%,III
37276,KUAT,SINER S A,"PARAQUAT DICLORURO 27,6%",III
37274,"GLIFO 88,8 AGROTERRUM",AGROTERRUM S. A.,"GLIFOSATO 88,8%",IV
37271,HAKA 25,YERCO S A,LAMBDA-CIALOTRINA 25%,II
37270,NIEBLA MAS,D'AMATO JOSE LUIS,ACEITE DE SOJA 80%,III
37267,ACEITE ABL,LABORATORIOS PEYTE S.A.,"ACEITE DE SOJA 82,46%",IV
37266,HALO PLUS,ADN AGRO S.A.,HALOXIFOP-P METIL 12%,III
37265,ACEITE VEGETAL SUMAGRO,SIPCAM ARGENTINA S.R.L.,ACEITE DE SOJA 87%,IV
37264,DIURON SHARDA 80 SC,SHARDA CROPCHEM LIMITED SUC.EMP.EXT.,DIURON 80%,III
37262,CENTINEL 25,ATANOR SOCIEDAD EN COMANDITA POR ACCIONES,LAMBDA-CIALOTRINA 25%,II
37261,NOVOLESTER AGM,AGM ARGENTINA S. A.,"2,4 D 102,5%",III
37260,GRAM PLUS,AGROFINA S A,ACEITE DE SOJA 70%,IV
37259,OIL SOLUTION,AGROFINA S A,ACEITE DE SOJA 80%,IV
37257,EVEREST 70 WDG,UPL ARGENTINA S. A.,FLUCARBAZONE SODICO 70%,IV
37256,FOLCISTIN,BALESTRINI Y CIA S A,FOLCISTEINA 5%,IV
37255,X-TRIM G POWER,LABORATORIO QUIMECO S.R.L.,ALCOHOL GRASO ETOXILADO 26%,III
37254,CLEANOUT,RAINBOW AGROSCIENSES SA,"DIQUAT 37,4%",II
37250,NATIUR,GLEBA S A,LUFENURON 5%,III
37249,ZINAX,AGROFINA S A,"ESTERES METILICOS DE ACIDOS GRASOS DE ACEITE DE SOJA 75%, ESTERES METILICOS DE ACIDOS GRASOS DE ACEITE VEGETAL 75%",IV
37248,GLIFOPRO FULL,PROTEGRAN S A,"GLIFOSATO 66,2%",III
37247,SCREEN DUO,AGRO ROCA S A,CAOLINITA 93%,IV
37245,LORD,UPL ARGENTINA S. A.,CLETODIM 24%,III
37244,ISOMATE C PLUS LL RING,AGRO ROCA S A,"(E,E)8,10-DODECADIENOL 88,67%",II
37241,KUARTEL 70 SG,RAINBOW AGROSCIENSES SA,DICAMBA 77%,II
37240,METOLACHLOR LINE,UPL ARGENTINA S. A.,METOLACLORO 96%,III
37236,ISOMATE CTT,AGRO ROCA S A,"(E,E)8,10-DODECADIENOL 88,67%",II
37235,NEOMET P,BENOC ARGENTINA S R L,METAM POTASIO 50%,II
37233,OLEAJE,AGRO BAYER S. R. L.,"CIPROCONAZOLE 16%, TRIFLOXISTROBIN 37,5%",IV
37232,SPARVIERO,SIPCAM ARGENTINA S.R.L.,LAMBDA-CIALOTRINA 10%,III
37231,GLIFOGLEX FULL III,GLEBA S A,"GLIFOSATO 66,15%",IV
37230,DRIVER,GLEBA S A,"ACIDO ACETICO 35%, LECITINA DE SOJA 35%",III
37229,METEO WDG,SURCOS S.A.,"CLORIMURON ETIL 75,5%",III
37228,MASTRIN,PHILAGRO S.A,"BIFENTRIN 5%, IMIDACLOPRID 20%, LAMBDA-CIALOTRINA 7,5%",III
37227,ACEITE QUIMECO PLUS,LABORATORIO QUIMECO S.R.L.,ACEITE DE SOJA 85%,IV
37226,REBELEX,CORTEVA AGRISCIENCE ARGENTINA SRL,"CIALOFOP BUTIL 21,4%, CIALOFOP-BUTIL 21,4%, PENOXULAM 3%",IV
37225,LAMBDA ADN,ADN AGRO S.A.,LAMBDA-CIALOTRINA 25%,II
37224,TEBUMIDA SAN PABLO,LABORATORIO SAN PABLO PRODUCTOS BIOLOGICOS S.R.L.,"IMIDACLOPRID 23,3%, TEBUCONAZOLE 1,3%",III
37222,GUAYRA,ROTAM DE ARGENTINA AGROQUIMICA SRL,"AZOXISTROBINA 7,5%, CARBENDAZIM 36%, TEBUCONAZOLE 16,5%",III
37221,CORREDOR,RAINBOW AGROSCIENSES SA,IMAZETAPIR 70%,IV
37220,ADAMA ESSENTIALS KOHINOR 70 WG,ADAMA ARGENTINA SOCIEDAD ANONIMA,IMIDACLOPRID 70%,II
37219,TRAC WG,ATANOR SOCIEDAD EN COMANDITA POR ACCIONES,ATRAZINA 90%,III
37218,HUSSAR PLUS,AGRO BAYER S. R. L.,"IODO SULFURON METIL SODIO 5%, MEFENPIR DIETIL 25%, MESOSULFURON METIL ,78%",III
37217,CAPTION,NOVA S. A. U.,CAPTAN 30%,III
37216,AGROSATO,NGC AGROSCIENCES ARGENTINA S.A.,GLIFOSATO 48%,III
37215,GLIFOSATO G AMONIO,GENBRA ARGENTINA S.A.,"GLIFOSATO 40,6%",III
37214,GENSAFEN,TECNOMYL S. A.,FOMESAFEN 25%,IV
37212,ATANOR BIFENTRIN 10 EC II,ATANOR SOCIEDAD EN COMANDITA POR ACCIONES,BIFENTRIN 10%,II
37211,PLUSOIL LQ,LANTHER QUIMICA S. A.,ACEITE DE SOJA 75%,IV
37210,"PROTEMAZ IZP 10,6",PROTEGRAN S A,"IMAZETAPIR 10,6%",III
37208,"ECOPART 2,5 EC",SUMMIT AGRO ARGENTINA S A,"PIRAFLUFEN ETIL 2,5%",III
37205,LAMBDA 5 AS,ARECO SEMILLAS S.A.,LAMBDA-CIALOTRINA 5%,II
37201,NEOMET NA,BENOC ARGENTINA S R L,METAN SODIO 51%,II
37200,RECOVER,TECNOMYL S. A.,TEBUCONAZOLE 43%,IV
37198,G62,TECNOMYL S. A.,GLIFOSATO 62%,IV
37197,ATRAGEN 90,TECNOMYL S. A.,ATRAZINA 90%,IV
37196,BIFENTRIN MAX,FARM CHEMICALS ARGENTINA S.R.L,BIFENTRIN 10%,II
37195,MR SHERIFF ANIKILATOR,FARM CHEMICALS ARGENTINA S.R.L,"QUIZALOFOP-P ETIL 1,8%",III
37192,MTU,MADERSOL S A,CIPERMETRINA 2%,IV
37186,METSULFURON BAYER,AGRO BAYER S. R. L.,METSULFURON METIL 60%,IV
37184,TOP-GRAIN,SINER S A,"CARBENDAZIM 30%, TIRAM 30%",III
37183,YKATU,ROTAM DE ARGENTINA AGROQUIMICA SRL,"AZOXISTROBINA 8%, TEBUCONAZOLE 16%",III
37182,ADAMA GRIZLY MAX,ADAMA ARGENTINA SOCIEDAD ANONIMA,"BIFENTRIN 2%, IMIDACLOPRID 17,5%, NOVALURON 3%",III
37181,AVAL DOBLE,FALCROP S. A.,"ABAMECTINA 3,6%",II
37180,DICAMBA 58 FORMULAGRO,FORMULAGRO SOCIEDAD RESPONSABILIDAD LIMITADA,DICAMBA 58%,III
37179,"ABAMECTIN AGROSPEC 1,8 EC",AGROSPEC ARGENTINA S.A.,"ABAMECTINA 1,8%",II
37178,BENEVIA,FMC QUIMICA S. A.,CIANTRANILIPROLE 10%,IV
37176,PANZER GOLD EN,RINDES Y CULTIVOS DAS S.A. - FEDEA S.A. - SUMIDAS JV S.A.- DASER AGRO S.A. - AMBITO DAS S.A. - TERRAMAR JV S.A. - DESAB S.A. U. T. E.,"GLIFOSATO 60,8%",IV
37175,CLEANSPRAY,RAINBOW AGROSCIENSES SA,"2,4 D 96,3%",II
37170,X TRIM POWER,LABORATORIO QUIMECO S.R.L.,"ALCOHOL GRASO ETOXILADO 25%, ALCOHOL LAURICO ETOXILADO 25%",IV
37169,"RIDOWN PS 66,2",RAINBOW AGROSCIENSES SA,"GLIFOSATO 66,2%",IV
37168,SCATTO,GOWAN ARGENTINA S.R.L.,"DELTAMETRINA 2,5%",II
37166,RITA,GELP S. R. L.,METRIBUZIN 48%,III
37164,NOVOLESTER 68,AGM ARGENTINA S. A.,"2,4 D 68%",II
37162,ACTIVATE MAX,LABORATORIO QUIMECO S.R.L.,"ALCOHOL LAURICO ETOXILADO 20%, ALCOHOL LINEAL ETOXILADO 20%",III
37161,"ABAMECTINA 1,8 CAMPO",PROCHEM BIO SA.,"ABAMECTINA 1,8%",II
37160,GLYNOMYL NH,TECNOMYL S. A.,"GLIFOSATO 39,2%",IV
37157,DIFENOCONAZOLE 25 KEMSURE,AGROEMPRESA COLON S.A.,DIFENOCONAZOLE 25%,III
37155,ATRAZINA ASSA,ARECO SEMILLAS S.A.,ATRAZINA 50%,III
37153,TEBUCONAZOLE 43 KEMSURE,AGROEMPRESA COLON S.A.,TEBUCONAZOLE 43%,III
37152,IMIDACLOPRID 70 WP AGROSPEC,AGROSPEC ARGENTINA S.A.,IMIDACLOPRID 70%,II
37151,OXIBIOL,CHEMOTECNICA S. A.,"DELTAMETRINA 2,5%",II
37150,TENCHU,SUMMIT AGRO ARGENTINA S A,DINOTEFURAN 20%,IV
37149,RAINDAZIM SC,RAINBOW AGROSCIENSES SA,CARBENDAZIM 50%,III
37147,TIOGLEX,GLEBA S A,TIODICARB 35%,II
37146,TROPICA 84,RAINBOW AGROSCIENSES SA,ACETOCLOR 84%,II
37145,LOCKER DE PULVERIZACI N ANTIDERIVA-ANTIEVAPORANTE-ADHERENTE,QUIMADH SOCIEDAD DE RESPONSABILIDAD LIMITADA,"2,2′,2″- NITRILOTRIETANOL ALQUILARIL-SULFONATO LINEAL.ISÓMEROS DE MONOALQUIL HIDROXIBENCENO ETOXILADO 34%",IV
37144,"FOGO 27,6 SL",SURCOS S.A.,"PARAQUAT DICLORURO 27,6%",II
37143,CLEANSPRAY EHE,RAINBOW AGROSCIENSES SA,"2,4 D 102,5%",III
37142,GLIFO 88.8 SG AGROTERRUM,AGROTERRUM S. A.,"GLIFOSATO 88,8%",IV
37141,CENTRON,SURCOS S.A.,"ABAMECTINA 2%, LUFENURON 5%",II
37137,HELMSTAR,HELM ARGENTINA S. R. L.,AZOXISTROBINA 25%,III
37133,PROWET,FARMCHEM SA,ALCOHOL GRASO ETOXILADO 25%,IV
37131,OBJECT T,TECNOMYL S. A.,IMAZETAPIR 10%,IV
37129,D-AMINA,SINER S A,"2,4 D 58,4%",II
37128,MAGNUM FLIX,ADN AGRO S.A.,"GLIFOSATO 24%, IMAZETAPIR 2,41%",III
37127,JANFRY,GLEBA S A,DIFENOCONAZOLE 25%,III
37126,DICAMBA SURCROPS,SURCROPS SRL,"DICAMBA 57,8%",III
37123,DICAMBA SUMAGRO,SIPCAM ARGENTINA S.R.L.,"DICAMBA 57,7%",III
37122,ADAMA MAYORAL,ADAMA ARGENTINA SOCIEDAD ANONIMA,"IMAZAPIC 31,8%, IMAZAPIR 10,7%",III
37121,STIMULATE,STOLLER ARGENTINA S. A. U.,"ACIDO GIBERELICO ,005%, ACIDO INDOL 3 BUTIRICO ,005%, KINETINA ,009%",IV
37117,ACTION SEED 70,RAINBOW AGROSCIENSES SA,IMIDACLOPRID 70%,II
37116,FASTER,AZUR SOIL S.A.,"ALQUIL ARIL POLIGLICOL ETER 26,5%",IV
37115,PREVENTOR 80,GENBRA ARGENTINA S.A.,CARBENDAZIM 80%,III
37112,ACTION ALFA 15,RAINBOW AGROSCIENSES SA,ALFACIPERMETRINA/ALFAMETRINA 15%,II
37110,GRAINVAULT,NOVA S. A. U.,TIRAM 5%,III
37107,METSULFURON ACA 60 WDG,ASOCIACION DE COOPERATIVAS ARGENTINAS - COOP. LTDA.,METSULFURON METIL 60%,III
37105,TESIX,ASOCIACION DE COOPERATIVAS ARGENTINAS - COOP. LTDA.,TEBUCONAZOLE 6%,III
37104,MAGENTA 80 SC,SURCOS S.A.,DIURON 80%,III
37101,OPTIONS ADVANCE,NOVA S. A. U.,"CARBOXIN 20%, METALAXIL 1,33%, METIL TIOFANATO 10%",III
37100,LAMBDA SP,LABORATORIO SAN PABLO PRODUCTOS BIOLOGICOS S.R.L.,LAMBDA-CIALOTRINA 5%,II
37099,QUEEN SIGMA,VITERRA ACOPIO S. A.,"GLIFOSATO 24%, IMAZETAPIR 2%",III
37097,ACTION SEED 10 + 10,RAINBOW AGROSCIENSES SA,"CARBENDAZIM 10%, TIRAM 10%",III
37096,ESCOLTA,ASOCIACION DE COOPERATIVAS ARGENTINAS - COOP. LTDA.,"IMIDACLOPRID 23,3%, TEBUCONAZOLE 1,3%",III
37095,TERAPICO 30 + 30,ASOCIACION DE COOPERATIVAS ARGENTINAS - COOP. LTDA.,"CARBENDAZIM 30%, TIRAM 30%",III
37094,BIFENTRIN NOVA,NOVA S. A. U.,BIFENTRIN 10%,II
37093,"PARAQUAT SHARDA 27,6 SL",SHARDA CROPCHEM LIMITED SUC.EMP.EXT.,"PARAQUAT DICLORURO 27,6%",II
37092,GLIFOSATO MULTIAGRO,MULTIAGRO S. A.,"GLIFOSATO 74,7%",IV
37091,ROTASHOCK,ROTAM DE ARGENTINA AGROQUIMICA SRL,"METOMIL 21,6%",II
37090,FUXION,TECNO EMPRESA S.A.,"ACEITE DE SOJA 84,3%",IV
37086,METSULFURON 60 IASA,INSUMOS AGROQUIMICOS SOCIEDAD ANONIMA,METSULFURON METIL 60%,III
37085,CLOMAZON 48 CAMPO,CAMPO CROP S.A.,CLOMAZONE 48%,II
37084,SUMLES,ROTAM DE ARGENTINA AGROQUIMICA SRL,AZOXISTROBINA 25%,III
37083,AMIGO,NOVA S. A. U.,"DIFENOCONAZOLE 9,2%, METALAXIL 4,6%",III
37082,LIMIT,NOVA S. A. U.,"GLIFOSATO 24%, IMAZETAPIR 2%",IV
37081,D-70,SINER S A,"2,4 D 84,3%",II
37079,GLIFOPRO SP 55,PROTEGRAN S A,GLIFOSATO 55%,III
37078,MUROC 25 WDG,ASOCIACION DE COOPERATIVAS ARGENTINAS - COOP. LTDA.,CLORIMURON ETIL 25%,III
37077,ESKOBA AMONIO SURCOS,SURCOS S.A.,GLIFOSATO 40%,III
37076,OLIUS,CAMPOCATT SRL,ACEITE DE SOJA 87%,IV
37075,CANTUS,BASF AGRICULTURAL SOLUTIONS ARGENTINA S.A.,BOSCALID 50%,III
37073,RUEDA,AGRO BAYER S. R. L.,"CIPROCONAZOLE 16%, TRIFLOXISTROBIN 37,5%",III
37072,ABA AGRO ACA,SINER S A,"ABAMECTINA 1,8%",II
37071,ACETOCLOR GENBRA,GENBRA ARGENTINA S.A.,ACETOCLOR 90%,II
37070,VOLT,BORCHES Y CIA S A,FLUROCLORIDONA 25%,III
37069,POSEID N MAX,AGRO BAYER S. R. L.,"CIPROCONAZOLE 16%, TRIFLOXISTROBIN 37,5%",III
37067,KOLTAR 24 EC,SUMMIT AGRO ARGENTINA S A,OXIFLUORFEN 24%,III
37066,ADAGE,SYNGENTA AGRO SOCIEDAD ANONIMA,TIAMETOXAM 35%,III
37065,CORREDOR SL,RAINBOW AGROSCIENSES SA,"IMAZETAPIR 10,6%",IV
37064,LIGIER PH BIO,BAHNSA S.A.,ALCOHOL GRASO ETOXILADO 25%,IV
37063,ALMUS,CAMPOCATT SRL,ALCOHOL GRASO ETOXILADO 25%,IV
37059,GLYNOMYL A,TECNOMYL S. A.,GLIFOSATO 48%,III
37058,CLORIMURON BIESTERFELD,BIESTERFELD ARGENTINA SOCIEDAD ANONIMA,CLORIMURON ETIL 25%,III
37056,LAMBDA 5 MELTHIS,SURCROPS SRL,LAMBDA-CIALOTRINA 5%,II
37055,GLIFOS PLUS,FMC QUIMICA S. A.,GLIFOSATO 60%,III
37054,TEBUCONAZOLE 43 SC,SURCOS S.A.,TEBUCONAZOLE 43%,III
37052,UNION MAX ACA,ASOCIACION DE COOPERATIVAS ARGENTINAS - COOP. LTDA.,"IMIDACLOPRID 10%, LAMBDA-CIALOTRINA 1,25%",II
37049,AMBASSADOR,ASOCIACION DE COOPERATIVAS ARGENTINAS - COOP. LTDA.,METALAXIL 35%,III
37048,TECNOCLOR,TECNOMYL S. A.,ACETOCLOR 90%,II
37046,LAMBDA MICROCAP 25,YERCO S A,LAMBDA-CIALOTRINA 25%,II
37045,TORAM,SUMITOMO CHEMICAL ARGENTINA S.A.,"PICLORAM 28,7%",IV
37044,ATRACROPS 50,SURCROPS SRL,ATRAZINA 50%,IV
37043,BECTRA 75,GLEBA S A,METRIBUZIN 75%,III
37042,GANGSTER 90 SG,DVA AGRO GMBH S.E.E.,ACEFATO 90%,III
37039,ABAMECTINA FARM CHEMICALS FORTE,FARM CHEMICALS ARGENTINA S.R.L,"ABAMECTINA 3,6%",II
37037,KUMMEL SECUESTRANTE,ESCOBOSA EDUARDO JOSE,EDTA TETRASODICO 49%,IV
37036,FG II,AGRO BAYER S. R. L.,"GLIFOSATO 79,2%",IV
37035,CARBENDAZIM ACA 50,ASOCIACION DE COOPERATIVAS ARGENTINAS - COOP. LTDA.,CARBENDAZIM 50%,III
37033,"2,4D 60 DUSHO",SURCROPS SRL,"2,4 D 60%",III
37032,RAK M,BASF AGRICULTURAL SOLUTIONS ARGENTINA S.A.,"(Z)/(E)-8-DODECENIL ACETATO 7,2%",IV
37031,IMIDA 60 FS SUMAGRO,SIPCAM ARGENTINA S.R.L.,IMIDACLOPRID 60%,III
37029,TALONE P,,CLOROTALONIL 50%,III
37028,TITUS,CAMPOCATT SRL,"ALCOHOL GRASO ETOXILADO 85,8%",IV
37023,ACEITE VEGETAL ECO ADH,AGRONEGOCIOS LITORAL S.A.,ACEITE DE SOJA 86%,IV
37022,RIZO OIL M,RIZOBACTER ARGENTINA S A,ESTERES METILICOS DE ACIDOS GRASOS DE ACEITE VEGETAL 82%,IV
37021,RIZOSPRAY EXTREMO,RIZOBACTER ARGENTINA S A,ESTERES METILICOS DE ACIDOS GRASOS DE ACEITE VEGETAL 70%,IV
37020,CLORIMURON ASSA,ARECO SEMILLAS S.A.,CLORIMURON ETIL 25%,III
37018,GARANTE FULL II,FALCROP S. A.,GLIFOSATO 60%,IV
37013,FOGO SURCOS,CHIMAGRO SA,"PARAQUAT DICLORURO 27,6%",II
37012,GLIFOSATO POWER ARN EBC,ENRIQUE M BAYA CASAL S. A.,"GLIFOSATO 64,5%",IV
37011,ACETOCLOR 90 DUSHO,SURCROPS SRL,ACETOCLOR 90%,III
37010,CARBENDACROPS 50,SURCROPS SRL,CARBENDAZIM 50%,III
37009,GALGOTRIN PLUS,CHEMOTECNICA S. A.,CIPERMETRINA 50%,II
37007,DIATOMID ECOLOGIC INSECTICIDE,DOMANICO EDUARDO ARTURO,TIERRA DE DIATOMEAS 100%,IV
37006,"GLIFOSATO 88,8 FAMA",INSUMOS AGROQUIMICOS SOCIEDAD ANONIMA,"GLIFOSATO 88,8%",III
37004,ROGOR PLUS,FMC QUIMICA S. A.,DIMETOATO 40%,II
37003,GLIFOEXTRA G 48,GENBRA ARGENTINA S.A.,GLIFOSATO 48%,III
37002,BACANAL,INSUMOS AGROQUIMICOS SOCIEDAD ANONIMA,TEBUCONAZOLE 75%,IV
37000,AZUL 70,FALCROP S. A.,ZINEB 70%,III
36998,TILLAGE,FARMCHEM SA,CLORIMURON ETIL 25%,III
36997,ABRIGO PLUS,NOVA S. A. U.,"METIL TIOFANATO 37,5%, TEBUCONAZOLE 10%",III
36996,FLOUX,AGROFINA S A,"ACETAMIPRID 2%, LAMBDA-CIALOTRINA 2%",II
36990,GLIFOSATO 48 SL ASSA,ARECO SEMILLAS S.A.,GLIFOSATO 48%,III
36989,ESKOBA MAX SURCOS,SURCOS S.A.,"GLIFOSATO 75,7%",III
36987,GALENO,INSUMOS AGROQUIMICOS SOCIEDAD ANONIMA,CARBENDAZIM 80%,IV
36985,MACHETE D 72,GENBRA ARGENTINA S.A.,"2,4 D 72%",II
36984,SUMIEIGHT MT,SUMMIT AGRO ARGENTINA S A,"DINICONAZOLE-M 3,2%, METIL TIOFANATO 40%",III
36982,CROSS,INSUMOS AGROQUIMICOS SOCIEDAD ANONIMA,IMIDACLOPRID 75%,II
36981,"GLIFOCROPS 66,2 %",SURCROPS SRL,"GLIFOSATO 66,2%",IV
36979,RIDOWN 75.7,RAINBOW AGROSCIENSES SA,"GLIFOSATO 75,7%",IV
36978,NOXION SEMILLERO,AGROFINA S A,METALAXIL -M 35%,II
36976,REFLECT XTRA,SYNGENTA AGRO SOCIEDAD ANONIMA,"AZOXISTROBINA 20%, ISOPIRAZAM 12,5%",II
36975,HORMIXAN MIREX,PUNCH QUIMICA S A,"ABAMECTINA ,05%",IV
36974,ADJUST,ATANOR SOCIEDAD EN COMANDITA POR ACCIONES,MEPIQUAT CLORURO 5%,III
36973,ATRAZINA MAX SIGMA,SIGMA AGRO S.A,ATRAZINA 90%,III
36972,SOLOMON O-TEQ,AGRO BAYER S. R. L.,"BETA-CIFLUTRINA 9%, IMIDACLOPRID 21%",II
36971,QUARZ,INSUMOS AGROQUIMICOS SOCIEDAD ANONIMA,IMAZETAPIR 75%,III
36968,MANCOZEB BROMETAN,BROMETAN S. R. L.,MANCOZEB 80%,III
36963,SUPER KNOCK AGM,AGM ARGENTINA S. A.,"GLIFOSATO 88,8%",III
36962,"GLIFOSATO 39,2 ACTION",XINGFA ARGENTINA S.A.,"GLIFOSATO 39,2%",IV
36959,ZINEB BROMETAN,BROMETAN S. R. L.,ZINEB 70%,III
36958,CARBENDAZIM 50 KEMSURE,AGROEMPRESA COLON S.A.,CARBENDAZIM 50%,III
36957,STRIKE,TRICAL ARGENTINA S.R.L.,"CLOROPICRINA 41,48%, DICLOROPROPENO (1,3-D) 76,25%",Ia
36956,DELTAMETRINA ARN EBC,ENRIQUE M BAYA CASAL S. A.,DELTAMETRINA 10%,III
36954,TEBUCONAZOLE 25% SURCOS,SURCOS S.A.,TEBUCONAZOLE 25%,III
36952,PARAGLEX,GLEBA S A,"PARAQUAT DICLORURO 27,6%",III
36950,PLADOX,BASF AGRICULTURAL SOLUTIONS ARGENTINA S.A.,"EPOXICONAZOLE 5%, PIRACLOSTROBIN 13,3%",II
36949,RENASTE,BASF AGRICULTURAL SOLUTIONS ARGENTINA S.A.,"EPOXICONAZOLE 5%, PIRACLOSTROBIN 13,3%",II
36948,IMIDACAMPO 70,PROCHEM BIO SA.,IMIDACLOPRID 70%,II
36942,ERRASIN WDG,CHEMOTECNICA S. A.,METSULFURON METIL 60%,III
36940,ARGENFRUT SUPREME GREEN,GULF OIL ARGENTINA S.A.,ACEITE MINERAL 86%,IV
36938,IMAZETAPIR CONTROLER,AGROFACIL S A,"IMAZETAPIR 10,6%",III
36937,"CONTROL 2,4D",AGROFACIL S A,"2,4 D 60%",II
36936,FOGO SF,SURCOS S.A.,"PARAQUAT DICLORURO 27,6%",II
36935,TITANIUM WDG,BORCHES Y CIA S A,CLORIMURON ETIL 25%,IV
36934,DEDALO RED SURCOS,SURCOS S.A.,"2,4 D 60%",III
36933,ATRACAMPO I 90 WDG,PROCHEM BIO SA.,ATRAZINA 90%,III
36932,GAUCHO 60 FS INCOLORO SEMILLERO,AGRO BAYER S. R. L.,IMIDACLOPRID 60%,II
36928,SPADA 60 WG,UPL ARGENTINA S. A.,PROPANIL 60%,III
36920,GLIFOSATO 74.7 KEMSURE,AGROEMPRESA COLON S.A.,"GLIFOSATO 74,7%",IV
36917,CHECK MATE VMB,NASTIA S.R.L.,"LAVANDULIL SENECIOATO 8,61%",IV
36916,TENDAL,ASOCIACION DE COOPERATIVAS ARGENTINAS - COOP. LTDA.,BIFENTRIN 10%,II
36915,CIRCUS,AMAGGI ARGENTINA S.A.,CIPROCONAZOLE 10%,III
36914,METSUL 60 WG FALCROP,FALCROP S. A.,METSULFURON METIL 60%,IV
36913,"DAARGUS 2,4D AMINA",REOPEN S A,"2,4 D 60,2%",III
36912,DOUGLAS,NOVA S. A. U.,"DIFENOCONAZOLE 25%, PROPICONAZOLE 25%",II
36911,BUFFER,PRODINSA ARGENTINA S A,"ALCOHOL GRASO ETOXILADO 12%, ALCOHOL LAURICO ETOXILADO 12%",III
36910,MECTINA RED SURCOS,SURCOS S.A.,"ABAMECTINA 1,8%",III
36909,POLIMERO,SURCOS S.A.,"FENOXAPROP-P ETIL 6,9%",III
36907,BIFENTRIN SHARDA 25 EC,SHARDA CROPCHEM LIMITED SUC.EMP.EXT.,BIFENTRIN 25%,II
36906,ROBUST 43,FITOQUIMICA S.A.,TEBUCONAZOLE 43%,IV
36905,TOPGUARD,,"FLUTRIAFOL 12,5%",III
36902,ADHER FOL OLEO,LABORATORIOS BAHER S. A.,ACEITE DE SOJA 86%,IV
36901,PROPI 25,SINER S A,PROPICONAZOLE 25%,II
36900,CAMPOSAR 72,PROCHEM BIO SA.,M.S.M.A. 72%,II
36899,PRIFO,SHARDA CROPCHEM LIMITED SUC.EMP.EXT.,"DIFENOCONAZOLE 25%, PROPICONAZOLE 25%",III
36895,SUPERESTRELLA,ASOCIACION DE COOPERATIVAS ARGENTINAS - COOP. LTDA.,"GLIFOSATO 64,7%",IV
36894,EXCELSO,AGM ARGENTINA S. A.,"LAMBDA-CIALOTRINA 10,6%, TIAMETOXAM 14,1%",III
36892,CAUDILLO,NOVA S. A. U.,"DIFENOCONAZOLE 3,69%, IMIDACLOPRID 12%, METALAXIL ,62%",IV
36891,CONCORDE RM,SUMMIT AGRO ARGENTINA S A,"METOMINOSTROBIN 15%, TEBUCONAZOLE 30%",II
36890,MAXIM EVOLUTION,SYNGENTA AGRO SOCIEDAD ANONIMA,"FLUDIOXONIL 2,5%, METALAXIL -M 2%, TIABENDAZOL 15%",IV
36889,HARLEY WG,GLEBA S A,IMAZAPIC 70%,III
36886,MAZA,GLEBA S A,"IMAZAPIR 58,9%",III
36885,PARAQUAT MACRO PROTECT,LDC ARGENTINA S.A.,"PARAQUAT DICLORURO 27,6%",III
36883,MIFOS P SL,CHEMOTECNICA S. A.,GLIFOSATO 62%,IV
36882,GIZMO,SUMITOMO CHEMICAL ARGENTINA S.A.,"CLODINAFOP PROPARGIL 24%, CLOQUINTOCET MEXIL 6%",II
36873,CKC METALAXIL MAX,LABORATORIOS C.K.C. ARGENTINA S.A.,METALAXIL 35%,II
36872,SEGAL,GLEBA S A,"IMAZETAPIR 11,22%",III
36871,HELMET,HELM ARGENTINA S. R. L.,METOLACLORO 96%,III
36869,HERO,FMC QUIMICA S. A.,"BIFENTRIN 18%, ZETAMETRINA 20%",II
36863,CLORIMURON RED SURCOS,SURCOS S.A.,CLORIMURON ETIL 25%,III
36862,TIODICARB FOLIAR FALCROP,FALCROP S. A.,TIODICARB 35%,II
36861,PARAQUAT FARM CHEMICALS,FARM CHEMICALS ARGENTINA S.R.L,"PARAQUAT DICLORURO 27,6%",II
36859,LA TIJERETA PLATINUM,AGRO BAYER S. R. L.,"GLIFOSATO 58,8%",IV
36857,LAXIL SQ,SERV - QUIM S.A.,METALAXIL 35%,II
36856,FOSFORICO SMART ACTION,WECAN AGRO SA,ACIDO FOSFORICO 70%,IV
36855,BIOLSOL WATER,JMLV SOCIEDAD POR ACCIONES SIMPLIFICADA,ACIDO FOSFORICO 70%,IV
36854,FOSFORICO MAX ACTION,WECAN AGRO SA,ACIDO FOSFORICO 70%,IV
36853,FOSFORICO ULTRA ACTION,WECAN AGRO SA,ACIDO FOSFORICO 70%,IV
36850,METOLACLOR INSUAGRO,INSUMOS AGROQUIMICOS SOCIEDAD ANONIMA,METOLACLORO 96%,III
36848,PARAQUAT KEMSURE,AGROEMPRESA COLON S.A.,"PARAQUAT DICLORURO 27,6%",III
36843,DAARGUS FENOXA O/W,REOPEN S A,FENOXAPROP-P ETIL 11%,III
36842,CALDO BORDOLES,AGROSPEC ARGENTINA S.A.,"SULFATO TETRACUPRICO TRICALCICO 84,65%",III
36839,TRIFLOX 50,AGROFINA S A,TRIFLOXISTROBIN 50%,III
36837,AGRO OLEO,SANTOS VEGA MACARIO,ACEITE DE SOJA 86%,IV
36836,ZAMPRO DM,BASF AGRICULTURAL SOLUTIONS ARGENTINA S.A.,"AMETOCTRADIN 30%, DIMETOMORF 22,5%",II
36835,RAK Cp M,BASF AGRICULTURAL SOLUTIONS ARGENTINA S.A.,"(E,E)8,10-DODECADIENOL 7,6%",IV
36834,TRIMAX 25,ASOCIACION DE COOPERATIVAS ARGENTINAS - COOP. LTDA.,TEBUCONAZOLE 25%,III
36833,SYNERGY,SUMITOMO CHEMICAL ARGENTINA S.A.,"IMIDACLOPRID 35%, LAMBDA-CIALOTRINA 10%",II
36832,ADAMA SPHINX SUPRA,ADAMA ARGENTINA SOCIEDAD ANONIMA,"CLOROTALONIL 40%, DIMETOMORF 8%",III
36831,LIGATE,CORTEVA AGRISCIENCE ARGENTINA SRL,"CLORIMURON ETIL 20%, SULFOMETURON METIL 15%",IV
36830,HANARO,SUMMIT AGRO ARGENTINA S A,BISTRIFLURON 10%,III
36829,PREVENTOR 50,GENBRA ARGENTINA S.A.,CARBENDAZIM 50%,III
36827,IMIDA 60 SEMILLERO,HELM ARGENTINA S. R. L.,IMIDACLOPRID 60%,II
36825,LAMBDA 25 EBC,ENRIQUE M BAYA CASAL S. A.,LAMBDA-CIALOTRINA 25%,II
36822,INOVAT,UPL ARGENTINA S. A.,"IMAZETAPIR 10,6%",IV
36821,RIZOSPRAY CORRECTOR SECUESTRANTE,RIZOBACTER ARGENTINA S A,"MEZCLA DE ACIDOS FOSFONICOS DTPMP + ATMP 48,74%",II
36820,SUCKER L 36,BENOC ARGENTINA S R L,HIDRAZIDA MALEICA 36%,IV
36819,"2,4D AMINA ACA",ASOCIACION DE COOPERATIVAS ARGENTINAS - COOP. LTDA.,"2,4 D 58,4%",III
36818,CLORIMURON FALCROP,FALCROP S. A.,CLORIMURON ETIL 25%,II
36817,NIEBLA PLUS,D'AMATO JOSE LUIS,"ALCOHOL GRASO ETOXILADO 13,2%",III
36816,TS ACTIVE Locker de pulverizaci n,QUIMADH SOCIEDAD DE RESPONSABILIDAD LIMITADA,"2,2′,2″- NITRILOTRIETANOL ALQUILARIL-SULFONATO LINEAL.ISÓMEROS DE MONOALQUIL HIDROXIBENCENO ETOXILADO 74%",III
36815,"PARAQUAT 27,6",SUMITOMO CHEMICAL ARGENTINA S.A.,"PARAQUAT DICLORURO 27,6%",III
36813,MARGEN,ASOCIACION DE COOPERATIVAS ARGENTINAS - COOP. LTDA.,METOLACLORO 96%,III
36812,LUFEN 5 EC,SHARDA CROPCHEM LIMITED SUC.EMP.EXT.,LUFENURON 5%,III
36806,ATRAZINA MACRO PROTECT 90 WG,LDC ARGENTINA S.A.,ATRAZINA 90%,IV
36805,IMAZETAPIR 75 AGM,AGM ARGENTINA S. A.,IMAZETAPIR 75%,III
36804,PARAQUAT PHILAGRO,PHILAGRO S.A,"PARAQUAT DICLORURO 27,6%",III
36803,QUIZALOFOP FALCROP,FALCROP S. A.,"QUIZALOFOP-P ETIL 1,8%",III
36801,ARAZETAPIR 10,ARANAMI S.A.,IMAZETAPIR 10%,III
36798,ATRAX 90,SINER S A,ATRAZINA 90%,III
36797,AMEX 80,SINER S A,AMETRINA 80%,II
36795,ATRAZINA 90 KEMSURE,AGROEMPRESA COLON S.A.,ATRAZINA 90%,III
36793,SHAFEN,SHARDA CROPCHEM LIMITED SUC.EMP.EXT.,FOMESAFEN 25%,III
36792,SENSEI,HELM ARGENTINA S. R. L.,LAMBDA-CIALOTRINA 5%,III
36791,GLIFOSATO 48 SIGMA,SIGMA AGRO S.A,GLIFOSATO 48%,III
36790,SOLVIGO,SYNGENTA AGRO SOCIEDAD ANONIMA,"ABAMECTINA 3,6%, TIAMETOXAM 7,2%",II
36789,ARBUS SURCOS,SURCOS S.A.,"CARBENDAZIM 25%, TEBUCONAZOLE 12,5%",III
36787,MULAN,AGROFINA S A,FLUMETSULAM 12%,III
36786,HACHA 79,ENRIQUE M BAYA CASAL S. A.,M.S.M.A. 79%,II
36785,ATRAZINA 50 DICOACTION,RAINBOW AGROSCIENSES SA,ATRAZINA 50%,III
36784,GLIFOWEED ULTRA AGM,AGM ARGENTINA S. A.,GLIFOSATO 95%,III
36783,COADYUVANTE ONE,GURAIIB EDUARDO JESUS,DODECIL BENCEN SULFONICO 24%,IV
36782,BB FORTE PHILAGRO,PHILAGRO S.A,CARBARIL 8%,II
36780,RAFTER,CHEMOTECNICA S. A.,LAMBDA-CIALOTRINA 5%,II
36779,ACEFATO FALCROP,FALCROP S. A.,ACEFATO 75%,II
36778,KATANA,GLEBA S A,HALOXIFOP-P METIL 12%,II
36777,GLIFOSATO GRANULADO BIESTERFELD,BIESTERFELD ARGENTINA SOCIEDAD ANONIMA,"GLIFOSATO 77,7%",III
36775,ALTACOR,FMC QUIMICA S. A.,CLORANTRANILIPROLE 35%,IV
36774,AVATAR 10 SL,BORCHES Y CIA S A,"IMAZETAPIR 10,59%",IV
36773,AVATAR 70 WDG,BORCHES Y CIA S A,IMAZETAPIR 70%,IV
36772,ADAMA CORMORAN,ADAMA ARGENTINA SOCIEDAD ANONIMA,"ACETAMIPRID 8%, NOVALURON 10%",II
36769,FOAM,NOVA S. A. U.,ALCOHOL GRASO ETOXILADO 48%,II
36768,TIODI MAX PRO,FALCROP S. A.,TIODICARB 35%,II
36764,RESIDUAL,SYNGENTA AGRO SOCIEDAD ANONIMA,FLUROCLORIDONA 25%,III
36763,SPRINT,NOVA S. A. U.,"METALAXIL 1,33%, METIL TIOFANATO 10%",IV
36762,ATRA 90 WG ASP,NUTRIEN AG SOLUTIONS ARGENTINA S. A.,ATRAZINA 90%,III
36760,METSULFURON ARN EBC,ENRIQUE M BAYA CASAL S. A.,METSULFURON METIL 60%,III
36757,ERBOC,AGRO EMCODI S.A.,OXICLORURO DE COBRE 84%,II
36755,TRAC 90 WG,ATANOR SOCIEDAD EN COMANDITA POR ACCIONES,ATRAZINA 90%,III
36752,DICAMBA KEMSURE,AGROEMPRESA COLON S.A.,"DICAMBA 57,7%",III
36751,CURYOM FIT,SYNGENTA AGRO SOCIEDAD ANONIMA,"BENZOATO DE EMAMECTINA 10%, LUFENURON 40%",II
36749,CKC SILOPROTECT,LABORATORIOS C.K.C. ARGENTINA S.A.,TIRAM 5%,III
36748,NICOGAN 4 SC,ADAMA ARGENTINA SOCIEDAD ANONIMA,NICOSULFURON 4%,III
36747,SERBAC ECO,SERQUIM S.A.,LECITINA DE SOJA 35%,IV
36744,DIMETOATO ACA,ASOCIACION DE COOPERATIVAS ARGENTINAS - COOP. LTDA.,"DIMETOATO 37,6%",II
36743,COSTAL,FALCROP S. A.,IMAZETAPIR 10%,III
36741,PROA,SYNGENTA AGRO SOCIEDAD ANONIMA,"CLODINAFOP PROPARGIL 24%, CLOQUINTOCET MEXIL 6%",III
36730,ATRAZINA SAMSA,VITERRA ACOPIO S. A.,ATRAZINA 50%,III
36729,BIOSPAM AZUL,LABORATORIO SAN PABLO PRODUCTOS BIOLOGICOS S.R.L.,"BACILLUS THURINGIENSIS 3,5%",IV
36728,ACETOCLOR 90 SURCOS,SURCOS S.A.,ACETOCLOR 90%,III
36727,MECTINA FORTE,SURCOS S.A.,"ABAMECTINA 1,8%",II
36724,ROTHALONIL 72 SC,ATANOR SOCIEDAD EN COMANDITA POR ACCIONES,CLOROTALONIL 72%,IV
36723,"CROPMAX 2,4D AMINA 50",CROPMAX S.A,"2,4 D 60,2%",II
36720,TANNER WOOD CCB 50,TEFQUIM S.A.,BORATO DE COBRE CROMATADO 50%,II
36716,ATRAPLUS ZAMBA,COFCO INTERNATIONAL ARGENTINA S.A.,ATRAZINA 90%,III
36714,EFIMAX ATRAZINA 90 WG,AGRICULTORES FEDERADOS ARGENTINOS SOC COOP LTDA,ATRAZINA 90%,IV
36713,WINTER,GENBRA ARGENTINA S.A.,"DICAMBA 57,8%",IV
36712,ATRATOP 90,ASOCIACION DE COOPERATIVAS ARGENTINAS - COOP. LTDA.,ATRAZINA 90%,III
36710,ATRATOP 90 WG,ASOCIACION DE COOPERATIVAS ARGENTINAS - COOP. LTDA.,ATRAZINA 90%,IV
36706,BIFENTRIN FORMULAGRO,FORMULAGRO SOCIEDAD RESPONSABILIDAD LIMITADA,BIFENTRIN 10%,II
36705,XCALIBUR,NOVA S. A. U.,"IMAZETAPIR 10,59%",III
36702,CAMPOSAR II -,PROCHEM BIO SA.,M.S.M.A. 72%,II
36701,MSMAX 72,AGRI STAR S. A.,M.S.M.A. 72%,II
36700,VIENTO CONTROL,GURAIIB EDUARDO JESUS,DODECIL BENCEN SULFONICO 23%,IV
36699,METOLACLORO 96 SUMAGRO,SIPCAM ARGENTINA S.R.L.,METOLACLORO 96%,III
36696,ATRAZINA 90 WG CORE MAX,COMPAÑIA DE INSUMOS Y GRANOS S A,ATRAZINA 90%,IV
36695,GREEN STAR,RAINBOW AGROSCIENSES SA,BIFENTRIN 10%,II
36694,ACENTO ACA 90,ASOCIACION DE COOPERATIVAS ARGENTINAS - COOP. LTDA.,ACETOCLOR 90%,II
36691,ZIRCON,PHILAGRO S.A,DIFENOCONAZOLE 3%,III
36690,MANFAL 80,FALCROP S. A.,MANCOZEB 80%,III
36688,ACETOFINA,AGROFINA S A,ACETOCLOR 90%,III
36687,KATRIN 80,AGROFINA S A,IMAZAPIR 80%,III
36686,PANIC,BINKA SA,"BRODIFACOUM ,005%",IV
36685,GLIFOSATO X-PRESS,ATANOR SOCIEDAD EN COMANDITA POR ACCIONES,"GLIFOSATO 39,2%",III
36684,SHERIFF MAX,XOMEZANA SA,"QUIZALOFOP-P ETIL 10,8%",III
36683,ADAMA ESSENTIALS SAVAGE,ADAMA ARGENTINA SOCIEDAD ANONIMA,"IMAZALIL 3%, TEBUCONAZOLE 2%",III
36682,DIMENSION,UPL ARGENTINA S. A.,"IPCONAZOLE 2,5%, METALAXIL 2%",III
36681,BAGUAL TOTAL,FACYT I + D SA,"DODECIL BENCEN SULFONICO 19,1%",III
36680,HAKA,INSUMOS AGROQUIMICOS SOCIEDAD ANONIMA,LAMBDA-CIALOTRINA 25%,II
36679,ACEITE VEGETAL AGH,NOVA S. A. U.,ACEITE DE SOJA 85%,IV
36677,ACETO DELTA AGRO,AGROINSUMOS B Y L S.A.,ACETOCLOR 90%,II
36671,PROMAX,BORCHES Y CIA S A,PROPICONAZOLE 25%,III
36670,KESTREL 20 SP,ADAMA ARGENTINA SOCIEDAD ANONIMA,ACETAMIPRID 20%,II
36669,FINESSE WG,FMC QUIMICA S. A.,"CLORSULFURON 62,5%, METSULFURON METIL 12,5%",IV
36667,"2,4D AMINA KEMSURE",AGROEMPRESA COLON S.A.,"2,4 D 58,4%",II
36660,METSULFURON METIL 60 AGM,AGM ARGENTINA S. A.,METSULFURON METIL 60%,III
36659,TEBUSEM 43,SEMBRADO SA,TEBUCONAZOLE 43%,III
36655,CORVUS,RAINBOW AGROSCIENSES SA,"GLIFOSATO 74,7%",IV
36651,ATRAZINA 90 WG AGROTERRUM,AGROTERRUM S. A.,ATRAZINA 90%,III
36650,DIFENOCONAZOLE 25 SUMAGRO,SIPCAM ARGENTINA S.R.L.,DIFENOCONAZOLE 25%,III
36649,OLEOSOJA CB,CEREALES BOLZAN S R L,ACEITE DE SOJA 93%,IV
36648,GLACOXAN H,PUNCH QUIMICA S A,"IMIDACLOPRID ,25%",IV
36647,BASTION,NOVA S. A. U.,"QUIZALOFOP-P ETIL 1,8%",III
36646,TOTEM POWER,FMC QUIMICA S. A.,"GAMMA-CIALOTRINA 3%, IMIDACLOPRID 43%",II
36645,VIBRANCE INTEGRAL,SYNGENTA AGRO SOCIEDAD ANONIMA,"DIFENOCONAZOLE 2,5%, FLUDIOXONIL 2,5%, SEDAXANE 5%, TIAMETOXAM 17,5%",III
36644,ABAMECTINA ADN,ADN AGRO S.A.,"ABAMECTINA 1,8%",II
36643,GAL-G,GONZALEZ DEL PINO S.R.L.,"ALCOHOL GRASO ETOXILADO 40%, ALCOHOL LINEAL ETOXILADO 40%, ALCOHOLES GRASOS 40%",IV
36642,CRUISER ADVANCED,SYNGENTA AGRO SOCIEDAD ANONIMA,"FLUDIOXONIL 2,5%, METALAXIL -M 2%, TIABENDAZOL 15%, TIAMETOXAM 35%",III
36641,MARCH II,AGROFINA S A,"GLIFOSATO 66,2%",III
36640,IMAZETAPIR 10 AGM,AGM ARGENTINA S. A.,"IMAZETAPIR 10,6%",III
36639,POWER PLUS II,ATANOR SOCIEDAD EN COMANDITA POR ACCIONES,"GLIFOSATO 64,5%",IV
36638,CLORIMURON SHARDA,SHARDA CROPCHEM LIMITED SUC.EMP.EXT.,CLORIMURON ETIL 25%,II
36637,SILWET EVO,AGRI STAR S. A.,HEPTAMETILTRISILOXANO 100%,III
36636,TOPSEED EXTRA,SUMMIT AGRO ARGENTINA S A,"ETABOXAM ,5%, METIL TIOFANATO 15%, TIRAM 30%",III
36634,GEYSER,SYNGENTA AGRO SOCIEDAD ANONIMA,DIFENOCONAZOLE 25%,III
36630,CHAMP DP,SUMITOMO CHEMICAL ARGENTINA S.A.,"HIDROXIDO DE COBRE 57,6%",II
36629,BISECT,UPL ARGENTINA S. A.,BIFENTRIN 10%,II
36628,METALAXIL 35 DVA,DVA AGRO GMBH S.E.E.,METALAXIL 35%,II
36627,PUFFER CM OFM,NASTIA S.R.L.,"(E,E)8,10-DODECADIENOL 18,05%, (Z)/(E)-8-DODECENIL ACETATO 12,5%",IV
36625,CAPTAN SHARDA 80,SHARDA CROPCHEM LIMITED SUC.EMP.EXT.,CAPTAN 80%,III
36623,ATRED 90 WG,FALCROP S. A.,ATRAZINA 90%,III
36621,ATRAZINA 90 PHILAGRO,PHILAGRO S.A,ATRAZINA 90%,IV
36620,CHEMI-OIL,RIZOBACTER ARGENTINA S A,ACEITE DE SOJA 85%,IV
36619,PILARICH,PILARQUIM ARGENTINA S. R. L.,CLOROTALONIL 75%,III
36618,PHILTRIN 25 EC,PHILAGRO S.A,BIFENTRIN 25%,II
36617,AZBANY,SUMITOMO CHEMICAL ARGENTINA S.A.,"FLUROXIPIR MEPTIL 28,8%",III
36616,IMIDA 35 KEMSURE,AGROEMPRESA COLON S.A.,IMIDACLOPRID 35%,III
36615,DIFLUBENZURON SHARDA 70,SHARDA CROPCHEM LIMITED SUC.EMP.EXT.,DIFLUBENZURON 70%,III
36614,IMIDACLOPRID 75 AGM,AGM ARGENTINA S. A.,IMIDACLOPRID 75%,II
36612,KUMMEL CORRECTOR DE PH,ESCOBOSA EDUARDO JOSE,ACIDO CITRICO 64%,IV
36610,ADAMA ATRANEX 90 WG,ADAMA ARGENTINA SOCIEDAD ANONIMA,ATRAZINA 90%,IV
36607,VITAL,FITOQUIMICA S.A.,IMIDACLOPRID 60%,II
36603,FALCLOR,FALCROP S. A.,ACETOCLOR 90%,II
36602,NEW FOL,AGRIMARKETING SA,"ALCOHOL GRASO ETOXILADO 85,8%",IV
36601,SENSOR,FALCROP S. A.,CARBENDAZIM 50%,IV
36599,"ARAMINA 2,4 D PLUS",ARANAMI S.A.,"2,4 D 58,4%",III
36595,SCREEN,AGRO ROCA S A,CAOLINITA 93%,IV
36594,FALQUAT,FALCROP S. A.,"PARAQUAT DICLORURO 27,6%",III
36591,TRAC 90,ATANOR SOCIEDAD EN COMANDITA POR ACCIONES,ATRAZINA 90%,IV
36585,ATRAFINA,AGROFINA S A,ATRAZINA 50%,III
36584,ARPON PLUS,SURCOS S.A.,DIMETOATO 50%,III
36583,FACTOR,ASOCIACION DE COOPERATIVAS ARGENTINAS - COOP. LTDA.,FENOXAPROP-P ETIL 11%,III
36581,MSMA 72 BROMETAN,BROMETAN S. R. L.,M.S.M.A. 72%,II
36580,CREATE PRO MAX SEMILLERO,AGRO BAYER S. R. L.,PROTIOCONAZOLE 30%,III
36575,GANGSTER 75,SABERO ARGENTINA SOCIEDAD ANONIMA,ACEFATO 75%,III
36569,GLIFOSATO ATANOR TOTAL,ATANOR SOCIEDAD EN COMANDITA POR ACCIONES,GLIFOSATO 48%,III
36568,FORTUNA 80,AGRIA ARGENTINA S.A.,MANCOZEB 80%,III
36567,GREENGO,RAINBOW AGROSCIENSES SA,"IMAZETAPIR 10,6%",III
36566,IMAZETAPIR BIESTERFELD 10 SL,BIESTERFELD ARGENTINA SOCIEDAD ANONIMA,IMAZETAPIR 10%,III
36565,MARANDU,ATANOR SOCIEDAD EN COMANDITA POR ACCIONES,TIODICARB 80%,II
36563,CAMPOQUAT,CAMPO CROP S.A.,"PARAQUAT DICLORURO 27,6%",II
36562,SULFUR WP AGROSPEC,AGROSPEC ARGENTINA S.A.,AZUFRE 80%,II
36561,FUNDA,GLEBA S A,CLOROTALONIL 50%,III
36560,SIRCONE,COMPAÑIA DAB S.R.L.,"ALCOHOL GRASO ETOXILADO 10%, ALCOHOL LAURICO ETOXILADO 10%",III
36559,CURASEMILLAS INOCULAR,INOCULAR S.A.,"TIRAM 18,75%",III
36557,"QUIZALOFOP SHARDA 1,8",SHARDA CROPCHEM LIMITED SUC.EMP.EXT.,"QUIZALOFOP-P ETIL 1,8%",III
36556,CAPTAN ANDO FLO,S ANDO Y CIA SACIIF,CAPTAN 37%,III
36555,DICAMBA TOBIANO,EL TOBIANO SA,"DICAMBA 57,71%",III
36554,BIFENTRIN SHARDA 10 EC,SHARDA CROPCHEM LIMITED SUC.EMP.EXT.,BIFENTRIN 10%,II
36552,PUELCHE,NITRAP SOCIEDAD DE RESPONSABILIDAD LIMITADA,"IMIDACLOPRID 20%, LAMBDA-CIALOTRINA 10%",III
36549,AGRIZEB 80,AGRIA ARGENTINA S.A.,ZINEB 80%,III
36548,AGRIZEB AZUL 70,AGRIA ARGENTINA S.A.,ZINEB 70%,III
36547,ASTRIS,ROTAM DE ARGENTINA AGROQUIMICA SRL,LUFENURON 5%,III
36546,GRIZLY,ADAMA ARGENTINA SOCIEDAD ANONIMA,"IMIDACLOPRID 17,5%, NOVALURON 3%",II
36544,ARAIMILAMBDA,ARANAMI S.A.,"IMIDACLOPRID 20%, LAMBDA-CIALOTRINA 10%",Ib
36540,LAMBDA FALCROP,FALCROP S. A.,LAMBDA-CIALOTRINA 5%,II
36539,SPIN 25,GLEBA S A,CLORIMURON ETIL 25%,IV
36538,BELT 48 SC,AGRO BAYER S. R. L.,FLUBENDIAMIDE 48%,III
36537,REALEZA SURCOS,SURCOS S.A.,"GLIFOSATO 24%, IMAZETAPIR 2%",III
36535,STOKER,COMPAÑIA ASCARISCER S.A.,"DELTAMETRINA ,5%",III
36534,TEBUCONAZOLE 75 AGM,AGM ARGENTINA S. A.,TEBUCONAZOLE 75%,II
36533,ACEITE VEGETAL MARKETING AGR COLA,MARKETING AGRICOLA S.R.L.,ACEITE DE SOJA 75%,IV
36532,CARBENDAZIM 80 AGM,AGM ARGENTINA S. A.,CARBENDAZIM 80%,III
36531,ORION FULL,FORMULAGRO SOCIEDAD RESPONSABILIDAD LIMITADA,GLIFOSATO 60%,IV
36529,VERDICT HL FUSION,CORTEVA AGRISCIENCE ARGENTINA SRL,HALOXIFOP-P METIL 54%,II
36523,NUFARM ATRAZINA 90,SUMITOMO CHEMICAL ARGENTINA S.A.,ATRAZINA 90%,III
36519,CARBENDAZIM 50% SURCROPS,SURCROPS SRL,CARBENDAZIM 50%,III
36518,FENTROL,,GAMMA-CIALOTRINA 15%,III
36516,TRIUMPH,SUMMIT AGRO ARGENTINA S A,"ACETAMIPRID 10%, ESFENVALERATO 10%",II
36515,DECIS 10 EC,AGRO BAYER S. R. L.,DELTAMETRINA 10%,II
36512,LAMBDA 5% SURCROPS,SURCROPS SRL,LAMBDA-CIALOTRINA 5%,III
36511,SOUTH OIL,SOUTH CHEMICAL COMPANY S.A.,"ACEITE DE SOJA 86,3%",IV
36510,DINGO PLUS,INDUAGRO SRL,ALCOHOL GRASO ETOXILADO 48%,III
36507,MICROFLAKE CM,ADN AGRO S.A.,"(E,E)8,10-DODECADIENOL 4,66%",IV
36506,ADAMA ESSENTIALS LOTRIL,ADAMA ARGENTINA SOCIEDAD ANONIMA,"IOXINIL 32,25%",II
36505,VERSION,NOVA S. A. U.,"ESTERES METILICOS DE ACIDOS GRASOS DE ACEITE DE SOJA 76%, ESTERES METILICOS DE ACIDOS GRASOS DE ACEITE VEGETAL 76%",IV
36504,KUMMEL BIO,ESCOBOSA EDUARDO JOSE,ALCOHOL GRASO ETOXILADO 20%,IV
36500,SHAMDA 5 EC,SHARDA CROPCHEM LIMITED SUC.EMP.EXT.,LAMBDA-CIALOTRINA 5%,II
36499,WIZARD,PROCHEM BIO SA.,ACETAMIPRID 20%,II
36498,SMARTFRESH SMARTTABS,AGROFRESH ARGENTINA S.R.L.,"METIL CICLOPROPENO ,63%",IV
36497,DIFLUBENZURON SHARDA 25,SHARDA CROPCHEM LIMITED SUC.EMP.EXT.,DIFLUBENZURON 25%,III
36496,LAMBDAMAX,YERCO S A,LAMBDA-CIALOTRINA 5%,III
36494,"DICAMBA 57,8 RAINBOW",RAINBOW AGROSCIENSES SA,"DICAMBA 57,8%",IV
36493,RIDOWN AS 42,RAINBOW AGROSCIENSES SA,GLIFOSATO 42%,III
36492,JAGUAR,B. H. BIO - COMBUSTIBLES S.R.L,ACEITE DE SOJA 86%,IV
36490,ADDITION,NOVA S. A. U.,DIFENOCONAZOLE 3%,IV
36489,HALOCIDE COBRE 5 NATURAL,PLUSCHEMIE SA,OXINATO DE COBRE 5%,III
36488,ESTRELLA AMMONIUM,ASOCIACION DE COOPERATIVAS ARGENTINAS - COOP. LTDA.,"GLIFOSATO 39,6%",IV
36487,"2,4D AMINA 60 HELM",HELM ARGENTINA S. R. L.,"2,4 D 60%",II
36486,VENDAVAL FUMIGANTE AMONIO BAC,BAC SCIENCES GROUP SA,METAM AMONIO 60%,II
36482,MSMA 72 ANCOM,GOLDAR DANIEL EDMUNDO,M.S.M.A. 72%,II
36481,TRONADOR XTRA,CORTEVA AGRISCIENCE ARGENTINA SRL,"AMINOPIRALID 44,38%, METSULFURON METIL 30%",IV
36480,MITO 25 WG,SHARDA CROPCHEM LIMITED SUC.EMP.EXT.,TIAMETOXAM 25%,III
36479,DIURON 80 DELTA AGRO,AGROINSUMOS B Y L S.A.,DIURON 80%,III
36473,CYCLON,NOVA S. A. U.,"BIFENTRIN 5%, IMIDACLOPRID 20%, LAMBDA-CIALOTRINA 7,5%",II
36472,HURON,GLEBA S A,LINURON 48%,III
36471,ADAMA ALMAGOR,ADAMA ARGENTINA SOCIEDAD ANONIMA,"AZOXISTROBINA 5,6%, PROCLORAZ 20%, TEBUCONAZOLE 10%",III
36465,SICO,SYNGENTA AGRO SOCIEDAD ANONIMA,DIFENOCONAZOLE 25%,III
36464,CKC CARBENDAZIM 50,LABORATORIOS C.K.C. ARGENTINA S.A.,CARBENDAZIM 50%,IV
36461,MIDTEB FS,SHARDA CROPCHEM LIMITED SUC.EMP.EXT.,"IMIDACLOPRID 23,3%, TEBUCONAZOLE 1,3%",III
36460,CLEANSPRAY SS,RAINBOW AGROSCIENSES SA,"2,4 D 95%",II
36459,SHARTHIODI 35 FS,SHARDA CROPCHEM LIMITED SUC.EMP.EXT.,TIODICARB 35%,II
36458,CLEARSOL PLUS,BASF AGRICULTURAL SOLUTIONS ARGENTINA S.A.,"IMAZAMOX 3,3%, IMAZAPIR 1,5%",IV
36457,CONTROL IMIDA,AGROFACIL S A,IMIDACLOPRID 35%,II
36456,ZENITH,CHIMAGRO SA,LAMBDA-CIALOTRINA 25%,II
36455,TEBUCO 43% SURCROPS,SURCROPS SRL,TEBUCONAZOLE 43%,III
36453,SUPERCONTROL-PALAVERSICH,AGROFINA S A,METALAXIL -M 35%,II
36452,RACE RM,SUMMIT AGRO ARGENTINA S A,"METOMINOSTROBIN 15%, TEBUCONAZOLE 30%",II
36451,APRON MAXX ADVANCED,SYNGENTA AGRO SOCIEDAD ANONIMA,"FLUDIOXONIL 2,5%, METALAXIL -M 2%, TIABENDAZOL 15%",IV
36448,ALFA 15,INSUMOS AGROQUIMICOS SOCIEDAD ANONIMA,ALFACIPERMETRINA/ALFAMETRINA 15%,II
36447,KANT,HELM ARGENTINA S. R. L.,"IMIDACLOPRID 20%, LAMBDA-CIALOTRINA 10%",II
36446,CIDETRAK CMDA COMBO,AGRICONSULTING JGP S.R.L .,"(E,E)8,10-DODECADIENOL 2,44%, (E,Z) 2,4-DECADIENOATO DE ETILO ,67%",IV
36444,GALANT HL,CORTEVA AGRISCIENCE ARGENTINA SRL,HALOXIFOP-P METIL 54%,II
36443,GIBERELAC WP,GLEBA S A,ACIDO GIBERELICO 10%,III
36442,MIDASH 70 WP,SHARDA CROPCHEM LIMITED SUC.EMP.EXT.,IMIDACLOPRID 70%,II
36440,ATRAZINA EQUIPAGRO 90 WG D,AGRO BAYER S. R. L.,ATRAZINA 90%,IV
36436,CREATE PRO SEMILLERO,AGRO BAYER S. R. L.,"METALAXIL 6,15%, TRIFLOXISTROBIN 7,69%",III
36435,SUGARINE,RAINBOW AGROSCIENSES SA,AMETRINA 80%,II
36434,GLIFOSATO G 48,TECNOMYL S. A.,GLIFOSATO 48%,IV
36433,PERFORMANCE,LABORATORIO WEIZUR ARGENTINA SA,"CARBENDAZIM 10%, TIRAM 10%",III
36430,LAMBDA CAMPO 5 EC,PROCHEM BIO SA.,LAMBDA-CIALOTRINA 5%,III
36427,MICEXANIL,SIPCAM ARGENTINA S.R.L.,"CIMOXANIL 6%, MANCOZEB 70%",III
36424,HIWET SILICONADO,SPEEDAGRO S.R.L.,ALQUIL ARIL POLIGLICOL ETER 9%,IV
36422,ESKOBA FULL II,SURCOS S.A.,"GLIFOSATO 66,2%",III
36421,POTASO,SURCOS S.A.,GLIFOSATO 62%,III
36419,DERBY,GLEBA S A,"IMAZETAPIR 11,22%",III
36411,CYPER 25,UPL ARGENTINA S. A.,CIPERMETRINA 25%,II
36410,COBOSDIM,ENRIQUE M BAYA CASAL S. A.,CLETODIM 24%,III
36409,METOLACLORO ARN EBC,ENRIQUE M BAYA CASAL S. A.,METOLACLORO 96%,III
36405,ALIKA S,SYNGENTA AGRO SOCIEDAD ANONIMA,"LAMBDA-CIALOTRINA 10,6%, TIAMETOXAM 14,1%",II
36403,PENBOTEC 40 SC,GOLDAR DANIEL EDMUNDO,PIRIMETANIL 40%,III
36401,SULFUR WG,AGROSPEC ARGENTINA S.A.,AZUFRE 80%,II
36399,NEMASOL N,EASTMAN DE ARGENTINA SRL,METAM AMONIO 57%,II
36398,TOREG,UPL ARGENTINA S. A.,LAMBDA-CIALOTRINA 5%,II
36394,CUPROSO SALDECO,SIPSACHEM SA,"OXIDO CUPROSO 56,3%",II
36389,MEKTAN CL SICO,COMPAÑIA DAB S.R.L.,"ALCOHOL GRASO ETOXILADO 10%, ALCOHOL LAURICO ETOXILADO 10%",III
36388,ADAMA RIMON FAST,ADAMA ARGENTINA SOCIEDAD ANONIMA,"BIFENTRIN 5%, NOVALURON 5%",II
36387,GIBERELAC 10% SL,GLEBA S A,ACIDO GIBERELICO 10%,III
36386,DUETT PLUS,BASF AGRICULTURAL SOLUTIONS ARGENTINA S.A.,"EPOXICONAZOLE 3,75%, METCONAZOLE 2,75%",III
36385,ATRAKING SC,RAINBOW AGROSCIENSES SA,ATRAZINA 50%,III
36384,AVICTA,SYNGENTA AGRO SOCIEDAD ANONIMA,ABAMECTINA 50%,Ib
36383,CLARO,SINER S A,CLOROTALONIL 50%,III
36379,LIGC PLUS,VERTISOLES S.R.L,"ACIDO PROPIONICO 35%, LECITINA DE SOJA 35%",III
36377,CLARTEX +R TDS MOLUSQUICIDA,RIZOBACTER ARGENTINA S A,METALDEHIDO 5%,III
36376,IMAZETAPIR 22 INSUAGRO,INSUMOS AGROQUIMICOS SOCIEDAD ANONIMA,IMAZETAPIR 22%,III
36375,PHILZAPYR,PHILAGRO S.A,IMAZETAPIR 22%,III
36374,CRIPTON,AGRO BAYER S. R. L.,"PROTIOCONAZOLE 17,5%, TRIFLOXISTROBIN 15%",IV
36373,ATRAZINA SHARDA 50,SHARDA CROPCHEM LIMITED SUC.EMP.EXT.,ATRAZINA 50%,II
36372,RANCONA 45 FS SEMILLERO,UPL ARGENTINA S. A.,IPCONAZOLE 45%,III
36371,BIOCROP,FORMULAGRO SOCIEDAD RESPONSABILIDAD LIMITADA,"BACILLUS THURINGIENSIS var KURSTAKI 3,5%",IV
36370,MALON,INDUAGRO SRL,"BACILLUS THURINGIENSIS var KURSTAKI 3,5%",IV
36369,OPTIONS,NOVA S. A. U.,"METALAXIL 1,33%, METIL TIOFANATO 10%",IV
36368,FLIGHT,NOVA S. A. U.,"DIFENOCONAZOLE 3%, IMIDACLOPRID 24%",III
36361,AVANTI,INDUAGRO SRL,IMAZETAPIR 75%,III
36355,KWR 15 MAX,SPEEDAGRO S.R.L.,ALQUIL ARIL POLIGLICOL ETER 15%,IV
36354,HIWET ACTIVADOR,SPEEDAGRO S.R.L.,ALQUIL ARIL POLIGLICOL ETER 15%,IV
36353,KWR 9 STICK,SPEEDAGRO S.R.L.,ALQUIL ARIL POLIGLICOL ETER 9%,IV
36352,SOWER ULTRA,FARMCHEM SA,IPRODIONE 35%,III
36351,STAGGER,SUMMIT AGRO ARGENTINA S A,"PIRAFLUFEN ETIL 2,5%",III
36350,DANJIRI ST,SUMMIT AGRO ARGENTINA S A,"ETABOXAM ,5%, METIL TIOFANATO 15%, TIRAM 30%",III
36349,KARBEN,BORCHES Y CIA S A,CARBENDAZIM 50%,III
36347,ALAZAN,ASOCIACION DE COOPERATIVAS ARGENTINAS - COOP. LTDA.,"FENOXAPROP-P ETIL 6,9%",III
36346,CRUISER PLUS,SYNGENTA AGRO SOCIEDAD ANONIMA,"DIFENOCONAZOLE 2,5%, FLUDIOXONIL 2,5%, TIAMETOXAM 26,25%",III
36345,CUPROSO AGROSPEC WG,AGROSPEC ARGENTINA S.A.,"OXIDO CUPROSO 56,3%",II
36344,PUFFER OFM,NASTIA S.R.L.,"(Z)/(E)-8-DODECENIL ACETATO 12,5%",IV
36343,PROPICONAZOLE SHARDA 25,SHARDA CROPCHEM LIMITED SUC.EMP.EXT.,PROPICONAZOLE 25%,II
36342,IMIDACLOPRID SHARDA 70 WS,SHARDA CROPCHEM LIMITED SUC.EMP.EXT.,IMIDACLOPRID 70%,II
36341,TEBUCONAZOLE SHARDA 20,SHARDA CROPCHEM LIMITED SUC.EMP.EXT.,TEBUCONAZOLE 20%,III
36340,TEBUCONAZOLE SHARDA 6 FS,SHARDA CROPCHEM LIMITED SUC.EMP.EXT.,TEBUCONAZOLE 6%,III
36339,DEGLEX,GLEBA S A,"2,4 D 60%",II
36337,TENSIOMAX-BIO,POTENCIAL QUIMICA S.A.,ALCOHOL GRASO ETOXILADO 48%,III
36336,CONTROL ACETO,AGROFACIL S A,ACETOCLOR 90%,III
36334,ATRAZINA 50% SURCROPS,SURCROPS SRL,ATRAZINA 50%,III
36332,CLORIMURON MAX,BORCHES Y CIA S A,CLORIMURON ETIL 25%,IV
36330,IMAZETAPIR 10 TOBIANO,WECAN AGRO SA,"IMAZETAPIR 10,6%",III
36329,VORTICE,RAINBOW AGROSCIENSES SA,METRIBUZIN 48%,III
36326,ACTION AMONIO,BRANAGRO S.A.,GLIFOSATO 42%,III
36325,OXICLORURO DE COBRE FANAPROQUI,FARM CHEMICALS ARGENTINA S.R.L,OXICLORURO DE COBRE 84%,II
36324,OXICLORURO DE COBRE FLOWABLE FANAPROQUI,COMPAÑIA INDUSTRIAL PROGRESO SOCIEDAD ANONIMA,"OXICLORURO DE COBRE 67,2%",III
36323,DELTAMETRINA BIESTERFELD,BIESTERFELD ARGENTINA SOCIEDAD ANONIMA,DELTAMETRINA 10%,III
36322,METOLACLOR 96 SUMMIT AGRO,SUMMIT AGRO ARGENTINA S A,METOLACLORO 96%,III
36321,VENDAVAL IMIDACLOPRID 35,BAC SCIENCES GROUP SA,IMIDACLOPRID 35%,II
36320,CIDETRAK CM,AGRICONSULTING JGP S.R.L .,"(E,E)8,10-DODECADIENOL 2%",IV
36318,CIDETRAK CM PLUS,AGRICONSULTING JGP S.R.L .,"(E,E)8,10-DODECADIENOL 3,08%",IV
36317,"GLIFO 66,2 ADN",ADN AGRO S.A.,"GLIFOSATO 66,2%",III
36313,HARLEY,GLEBA S A,"IMAZAPIC 25,5%",III
36312,TROPICA,RAINBOW AGROSCIENSES SA,ACETOCLOR 90%,II
36310,CLEANSPRAY SL,RAINBOW AGROSCIENSES SA,"2,4 D 60%",II
36308,DELEGATE *,CORTEVA AGRISCIENCE ARGENTINA SRL,SPINETORAM 25%,IV
36307,AIRONE,GOWAN ARGENTINA S.R.L.,"HIDROXIDO DE COBRE 20,88%, OXICLORURO DE COBRE 22,85%",III
36305,ATRAZIN MAX 50,BORCHES Y CIA S A,ATRAZINA 50%,III
36304,FIPROMIREX,HUAGRO S A,"FIPRONIL ,003%",III
36302,ACEFATO 75 DVA,DVA AGRO GMBH S.E.E.,ACEFATO 75%,III
36301,HOMOLOGO 48,SINER S A,GLIFOSATO 48%,III
36300,WEEDISHIDE,SHARDA CROPCHEM LIMITED SUC.EMP.EXT.,"2,4 D 86,7%",II
36299,DIFENOCONAZOLE SHARDA 25 EC,SHARDA CROPCHEM LIMITED SUC.EMP.EXT.,DIFENOCONAZOLE 25%,III
36294,POLECI 10 EC,SHARDA CROPCHEM LIMITED SUC.EMP.EXT.,DELTAMETRINA 10%,III
36293,OLEO PAMPA,FOPAM SA,ACEITE DE SOJA 80%,III
36292,PHILURON,PHILAGRO S.A,"CLORIMURON ETIL 25%, IMIDACLOPRID 25%",III
36288,LANDA,SINER S A,LAMBDA-CIALOTRINA 5%,II
36287,ARAGLIFOAMONIO,ARANAMI INDUSTRIAL S.A.,"GLIFOSATO 40,5%",III
36286,HERBICIDA DAARGUS AMONIO,REOPEN S A,"GLIFOSATO 40,5%",IV
36283,PERFECTO AGM,AGM ARGENTINA S. A.,"IMIDACLOPRID 12,5%, LAMBDA-CIALOTRINA 5%",II
36282,KANEMITE 15 SC,UPL ARGENTINA S. A.,ACEQUINOCIL 15%,III
36281,MAGNUM POTASSIUM,ADN AGRO S.A.,GLIFOSATO 62%,III
36279,DICAMBA LQ,LANTHER QUIMICA S. A.,"DICAMBA 57,8%",III
36275,CLEAN CORN,CAMPO CROP S.A.,ACETOCLOR 90%,III
36274,PERFECTO,DVA AGRO GMBH S.E.E.,"IMIDACLOPRID 12,5%, LAMBDA-CIALOTRINA 5%",II
36273,PLEDGE WP,SUMITOMO CHEMICAL ARGENTINA S.A.,FLUMIOXAZIN 50%,IV
36272,TEBUCARB MIX SC,PRODINSA ARGENTINA S A,"CARBENDAZIM 25%, TEBUCONAZOLE 10%",III
36271,KOSPI,ROTAM DE ARGENTINA AGROQUIMICA SRL,"BIFENTRIN 10%, IMIDACLOPRID 10%",III
36268,PROTEKTOR,LABORATORIOS PEYTE S.A.,"ACEITE DE SOJA 82,46%",IV
36266,OLEOSOL S,INDUSTRIAS QUIMICAS OLEOSOL S A,ALCOHOL GRASO ETOXILADO 25%,IV
36264,"ADAMA ESSENTIALS 2,4D ESTER",ADAMA ARGENTINA SOCIEDAD ANONIMA,"2,4 D 100%",II
36260,LEMUR,NOVA S. A. U.,AMINA GRASA ETOXILADA 80%,II
36257,THIODICUR 30 FS VERTISOLES,VERTISOLES S.R.L,TIODICARB 30%,II
36255,PARAQUAT AGROTERRUM,AGROTERRUM S. A.,"PARAQUAT DICLORURO 27,6%",III
36254,ADENGO,AGRO BAYER S. R. L.,"CIPROSULFAMIDE 15%, ISOXAFLUTOLE 22,5%, TIENCARBAZONE METIL 9%",III
36253,IMAZETAPIR 10 DVA,DVA AGRO GMBH S.E.E.,"IMAZETAPIR 10,6%",III
36251,MARCH,AGROFINA S A,"GLIFOSATO 40,5%",III
36250,DIRECT 48,AGROFINA S A,GLIFOSATO 48%,III
36249,AVIAT 97 DF,UPL ARGENTINA S. A.,ACEFATO 97%,III
36247,POTENCIAL OIL,POTENCIAL QUIMICA S.A.,ACEITE DE SOJA 93%,IV
36246,DIFLUBENZURON SHARDA 24,SHARDA CROPCHEM LIMITED SUC.EMP.EXT.,DIFLUBENZURON 24%,III
36245,TEBUCONAZOLE 75 DVA,DVA AGRO GMBH S.E.E.,TEBUCONAZOLE 75%,II
36244,IMIDACLOPRID 75 DVA,DVA AGRO GMBH S.E.E.,IMIDACLOPRID 75%,II
36239,METSULFURON ACA 60,ASOCIACION DE COOPERATIVAS ARGENTINAS - COOP. LTDA.,METSULFURON METIL 60%,III
36236,SULFATO TRIB SICO DE COBRE,AGROSPEC ARGENTINA S.A.,"SULFATO BASICO DE COBRE 46,3%",III
36234,ADAMA CUSTODIA,ADAMA ARGENTINA SOCIEDAD ANONIMA,"AZOXISTROBINA 12%, TEBUCONAZOLE 20%",III
36233,ACETOCLOR 90 PROCHEM,PROCHEM BIO SA.,ACETOCLOR 90%,III
36232,FALCLOR 84 EC,FALCROP S. A.,ACETOCLOR 84%,III
36230,TEBUCONAZOLE SHARDA 25,SHARDA CROPCHEM LIMITED SUC.EMP.EXT.,TEBUCONAZOLE 25%,III
36229,CARBENDAZIM 80 DVA,DVA AGRO GMBH S.E.E.,CARBENDAZIM 80%,III
36227,BIORRECTOR,NITRAP SOCIEDAD DE RESPONSABILIDAD LIMITADA,ACIDO CITRICO 31%,IV
36217,SEQUENCE,SYNGENTA AGRO SOCIEDAD ANONIMA,"GLIFOSATO 32,55%, S-METOLACLORO 35,38%",IV
36216,COBRE AMONIACAL ANERCO,ICOA S.A.,SULFATO DE COBRE PENTAHIDRATADO 30%,III
36213,LAMBDA 5 SUMAGRO,SIPCAM ARGENTINA S.R.L.,LAMBDA-CIALOTRINA 5%,III
36212,ACE-UP,UPL ARGENTINA S. A.,ACEFATO 75%,III
36207,"ADAMA ESSENTIALS 2,4D AMINA",ADAMA ARGENTINA SOCIEDAD ANONIMA,"2,4 D 60,2%",II
36204,PHANTOM,FALCROP S. A.,IMIDACLOPRID 35%,II
36202,PROMESS,UPL ARGENTINA S. A.,"PROPAMOCARB 72,2%",III
36195,STARGAN,CIBELES ARGENTINA S.A.,"DICAMBA 57,8%",III
36192,PHILDUO,PHILAGRO S.A,"IMIDACLOPRID 23,3%, TEBUCONAZOLE 1,3%",III
36191,HERBAN BIO LPU,AGROFINA S A,"QUIZALOFOP-P ETIL 1,8%",III
36190,DAKOTA,ENRIQUE M BAYA CASAL S. A.,FLUROCLORIDONA 25%,III
36189,KAVA,ROTAM DE ARGENTINA AGROQUIMICA SRL,"IMIDACLOPRID 23,3%, TEBUCONAZOLE 1,3%",III
36188,VENDAVAL DUO,AGROFACIL S A,"IMIDACLOPRID 20%, LAMBDA-CIALOTRINA 10%",Ib
36187,ATRAZINA 90 WG DANKEN MAX,ZSCHEM ARGENTINA S. A.,ATRAZINA 90%,IV
36186,GLIFO 54 AGROTERRUM,AGROTERRUM S. A.,"GLIFOSATO 66,2%",III
36185,TUTOR 25 + 25,ALTERBIO SA,TIRAM 25%,III
36184,YPF AGRO 2.4D AMINA HA,YPF SOCIEDAD ANONIMA,"2,4 D 80,4%",II
36181,LAMBDA CONTROLER,AGROFACIL S A,LAMBDA-CIALOTRINA 5%,III
36179,DRON,NOVA S. A. U.,ALCOHOL GRASO ETOXILADO 48%,II
36178,ESSENTIALS ARSONEX,AGRI STAR S. A.,M.S.M.A. 79%,II
36176,DIVIDEND SUPREME,SYNGENTA AGRO SOCIEDAD ANONIMA,"DIFENOCONAZOLE 3,69%, METALAXIL -M ,31%, TIAMETOXAM 9,23%",IV
36175,TENACIUS,SYNGENTA AGRO SOCIEDAD ANONIMA,"DIFENOCONAZOLE 3,69%, METALAXIL -M ,31%, TIAMETOXAM 9,23%",IV
36174,ATRAKING,RAINBOW AGROSCIENSES SA,ATRAZINA 90%,IV
36173,SUPER ESTRELLA II SL,ASOCIACION DE COOPERATIVAS ARGENTINAS - COOP. LTDA.,GLIFOSATO 65%,IV
36172,BIOLURE FRUIT FLY,NASTIA S.R.L.,"1,4-DIAMINOBUTANO ,3%, ACETATO DE AMONIO 21,1%, CLORHIDRATO DE TRIMETILAMINA 9,1%",IV
36171,DREXALIN PLUS,BENOC ARGENTINA S R L,"FLUMETRALIN 13,7%",III
36169,CONTROL LAMBDA,INSUMOS AGROQUIMICOS SOCIEDAD ANONIMA,LAMBDA-CIALOTRINA 5%,II
36168,BIOFILM TC MAX,FARMCHEM SA,"CARBENDAZIM 25%, TIRAM 25%",III
36167,DABOIL,COMPAÑIA DAB S.R.L.,ACEITE DE SOJA 90%,IV
36166,HIDRO-COBRE WG,A R V SA,"HIDROXIDO DE COBRE 76,8%",II
36163,CURA,FITOQUIMICA S.A.,CARBENDAZIM 50%,III
36160,"DELTAMETRINA 2,5 DVA",DVA AGRO GMBH S.E.E.,"DELTAMETRINA 2,5%",III
36159,IMAZETAPIR 75 DVA,DVA AGRO GMBH S.E.E.,IMAZETAPIR 75%,III
36158,IMIDA 70 WS DVA,DVA AGRO GMBH S.E.E.,IMIDACLOPRID 70%,II
36157,RIDOWN IPA 48,RAINBOW AGROSCIENSES SA,GLIFOSATO 48%,III
36156,RIDOWN 74.7,RAINBOW AGROSCIENSES SA,"GLIFOSATO 74,7%",IV
36155,REBENQUE,PALAVERSICH Y CIA S AC,IMIDACLOPRID 60%,III
36154,MAINMAN,ISK ARGENTINA BRANCH,FLONICAMID 50%,IV
36153,ARBO-FUNGI,ARBOLESANOS SA,"CARBENDAZIM ,72%",IV
36152,PAMPEANO,FOPAM SA,"ALCOHOL GRASO ETOXILADO 29%, ALCOHOL LINEAL ETOXILADO 29%",III
36149,BABOCRES,SINER S A,METALDEHIDO 6%,II
36146,TARPAN,GLEBA S A,METALAXIL 35%,II
36144,ENEDOS OIL,LABORATORIOS ARBO S.R.L.,"ACEITE DE SOJA 86,3%",IV
36143,"DELTAMETRINA SHARDA 2,5 EC",SHARDA CROPCHEM LIMITED SUC.EMP.EXT.,"DELTAMETRINA 2,5%",II
36142,GALGOTRIN TOP,CHEMOTECNICA S. A.,CIPERMETRINA 25%,II
36141,RAINMETA,RAINBOW AGROSCIENSES SA,METALDEHIDO 6%,II
36140,RUNDLE MAX,SUMMIT AGRO ARGENTINA S A,"METIL TIOFANATO 45%, METOMINOSTROBIN 6%",III
36139,PILARSATO,PILARQUIM ARGENTINA S. R. L.,GLIFOSATO 48%,III
36138,ARACLORIMURON 25,ARANAMI INDUSTRIAL S.A.,CLORIMURON ETIL 25%,III
36132,KRONEX,,IMIDACLOPRID 35%,III
36131,YPF AGRO ATRAZINA HA,YPF SOCIEDAD ANONIMA,ATRAZINA 50%,III
36127,BAUNDAP NICO,CAMPO CROP S.A.,GLIFOSATO 95%,III
36120,OLYMPIC,BENOC ARGENTINA S R L,MANCOZEB 80%,III
36119,MAGIC,FMC QUIMICA S. A.,"BIFENTRIN 3%, IMIDACLOPRID 10%",III
36118,IPPON 50 SC,UPL ARGENTINA S. A.,IPRODIONE 50%,III
36116,SUPER ONECIDE,AGRI STAR S. A.,FLUAZIFOP-P BUTIL 35%,IV
36114,TIODICARB SHARDA 35,SHARDA CROPCHEM LIMITED SUC.EMP.EXT.,TIODICARB 35%,II
36112,ZAP 50,PROCHEM BIO SA.,AMETRINA 50%,III
36111,HACHE SUPER,INSUMOS AGROQUIMICOS SOCIEDAD ANONIMA,FLUAZIFOP-P BUTIL 15%,IV
36110,ARALAMBDA 5,ARANAMI INDUSTRIAL S.A.,LAMBDA-CIALOTRINA 5%,III
36109,KASTOR ULTRA,COMPAÑIA DAB S.R.L.,"ALCOHOL GRASO ETOXILADO 10%, ALCOHOL LAURICO ETOXILADO 10%",III
36107,CLOROTALONIL 50% EBC,ENRIQUE M BAYA CASAL S. A.,CLOROTALONIL 50%,III
36106,YPF COA CORRECTOR SECUESTRANTE,YPF SOCIEDAD ANONIMA,ACIDO FOSFORICO 75%,IV
36105,CLORIMUR N 25 AGM,AGM ARGENTINA S. A.,CLORIMURON ETIL 25%,III
36103,ADERGREEN,BALESTRINI Y CIA S A,"ALCOHOL GRASO ETOXILADO 85,8%",IV
36100,SUPER KNOCK DVA,DVA AGRO GMBH S.E.E.,"GLIFOSATO 88,8%",III
36099,NITRUR FRUTAGEN,CERGEN S R L,BACILLUS THURINGIENSIS var AIZAWAI 3%,IV
36095,NUFARM ZETAPYR,SUMITOMO CHEMICAL ARGENTINA S.A.,"IMAZETAPIR 10,6%",IV
36094,ADAMA ESSENTIALS SECAFOL,ADAMA ARGENTINA SOCIEDAD ANONIMA,"PARAQUAT DICLORURO 27,6%",II
36093,MAXIPROT,CHEM.ECO ARGENTINA S.R.L.,ALCOHOLES GRASOS 48%,III
36092,ECO DAB,COMPAÑIA DAB S.R.L.,ALCOHOL GRASO ETOXILADO 48%,III
36091,DELTAMETRINA 5 SC AGM,AGM ARGENTINA S. A.,DELTAMETRINA 5%,III
36090,OBULUS,ATANOR SOCIEDAD EN COMANDITA POR ACCIONES,LAMBDA-CIALOTRINA 5%,II
36088,LIPOPLUS BIO 48,VTG SPECIALTY CHEMICALS S.A.,ALCOHOL GRASO ETOXILADO 48%,III
36087,"PHILDIM 37,6",PHILAGRO S.A,"DIMETOATO 37,6%",II
36086,ZANO,NOVA S. A. U.,"CARBENDAZIM 25%, TEBUCONAZOLE 12,5%",III
36083,TEBUCO NOVA 43,NOVA S. A. U.,TEBUCONAZOLE 43%,III
36082,DIQUAT SHARDA 20,SHARDA CROPCHEM LIMITED SUC.EMP.EXT.,"DIQUAT 37,4%",II
36081,ACEFATO SHARDA 75,SHARDA CROPCHEM LIMITED SUC.EMP.EXT.,ACEFATO 75%,II
36080,RANCONA DIMENSION SEMILLERO,UPL ARGENTINA S. A.,"IPCONAZOLE 2,5%, METALAXIL 2%",III
36079,TRIKOPPER,ECOAGRO GASPAR S. A. S.,"SULFATO DE COBRE PENTAHIDRATADO 29,05%",IV
36077,MATKA 79,SINER S A,M.S.M.A. 79%,II
36075,ESTEEM,SUMMIT AGRO ARGENTINA S A,PIRIPROXIFEN 10%,IV
36074,AERO LECITHIN,FRAGARIA S.A.,LECITINA DE SOJA 35%,IV
36065,MASFERTIL C.T. 30-30,MASFERTIL SA,TIRAM 30%,II
36064,OIL SP,LABORATORIO SAN PABLO PRODUCTOS BIOLOGICOS S.R.L.,ACEITE DE SOJA 100%,IV
36060,QUIZALOFOP SHARDA 5,SHARDA CROPCHEM LIMITED SUC.EMP.EXT.,QUIZALOFOP-P ETIL 5%,III
36059,TEBUCONAZOLE SHARDA 43,SHARDA CROPCHEM LIMITED SUC.EMP.EXT.,TEBUCONAZOLE 43%,III
36058,TECZAPYR,TECNOMYL S. A.,IMAZETAPIR 10%,IV
36057,LAMBDACIALOTRINA 5 BIESTERFELD,BIESTERFELD ARGENTINA SOCIEDAD ANONIMA,LAMBDA-CIALOTRINA 5%,III
36056,CELERITY LQ,LANTHER QUIMICA S. A.,ESTERES METILICOS DE ACIDOS GRASOS DE ACEITE DE SOJA 75%,IV
36055,ONEWAY,AGROFINA S A,"GLIFOSATO 24%, IMAZETAPIR 2%",III
36054,MAXIM QUATTRO,SYNGENTA AGRO SOCIEDAD ANONIMA,"AZOXISTROBINA 1,5%, FLUDIOXONIL 3,75%, METALAXIL -M 3%, TIABENDAZOL 30%",IV
36053,BACKFIRE,AGROFINA S A,"IMAZETAPIR 10,59%",IV
36051,ADAMA ESSENTIALS PEDESTAL,ADAMA ARGENTINA SOCIEDAD ANONIMA,NOVALURON 10%,IV
36050,ADAMA ESSENTIALS TENOR,ADAMA ARGENTINA SOCIEDAD ANONIMA,NOVALURON 10%,IV
36046,"2,4D AMINA SUMAGRO",SIPCAM ARGENTINA S.R.L.,"2,4 D 60,2%",III
36044,TEBUCONAZOLE TM 43,TECNOMYL S. A.,TEBUCONAZOLE 43%,III
36043,COADYUVANTE ANTIDERIVA FACYT,FACYT I + D SA,"DODECIL BENCEN SULFONICO 26,5%",III
36042,CAMPOMETRINA 25,CAMPO CROP S.A.,CIPERMETRINA 25%,II
36041,ATRAZIN MAX 90,BORCHES Y CIA S A,ATRAZINA 90%,III
36040,PLANET XTRA,SYNGENTA AGRO SOCIEDAD ANONIMA,"AZOXISTROBINA 20%, CIPROCONAZOLE 8%",II
36039,LEXPLUS ARN EBC,ENRIQUE M BAYA CASAL S. A.,"ACIDO PROPIONICO 35%, LECITINA DE SOJA 35%",IV
36035,IMIDA SHARDA 60,SHARDA CROPCHEM LIMITED SUC.EMP.EXT.,IMIDACLOPRID 60%,III
36034,ENEDOS EMAS,LABORATORIOS ARBO S.R.L.,"ESTERES METILICOS DE ACIDOS GRASOS DE ACEITE DE SOJA 76,6%, ESTERES METILICOS DE ACIDOS GRASOS DE ACEITE VEGETAL 76,6%",III
36033,AMPLIGO,SYNGENTA AGRO SOCIEDAD ANONIMA,"CLORANTRANILIPROLE 10%, LAMBDA-CIALOTRINA 5%",II
36031,MAXIM QUATTRO SEMILLERO,SYNGENTA AGRO SOCIEDAD ANONIMA,"AZOXISTROBINA 1,5%, FLUDIOXONIL 3,75%, METALAXIL -M 3%, TIABENDAZOL 30%",IV
36030,CLOROTALONIL ARN EBC,ENRIQUE M BAYA CASAL S. A.,CLOROTALONIL 50%,III
36029,IMIDACLOPRID 70 MARKETING AGR COLA,MARKETING AGRICOLA S.R.L.,IMIDACLOPRID 70%,II
36028,GLIFOKAY,KAYKUN S.R.L.,GLIFOSATO 48%,III
36024,ATRED 50,FALCROP S. A.,ATRAZINA 50%,III
36021,CHEMICLOR EC,,,IV
36018,CIPERMETRINA TM 25,TECNOMYL S. A.,CIPERMETRINA 25%,II
36012,VORAZ,INSUMOS AGROQUIMICOS SOCIEDAD ANONIMA,ALFACIPERMETRINA/ALFAMETRINA 10%,II
36011,SAGAZ 10,ASOCIACION DE COOPERATIVAS ARGENTINAS - COOP. LTDA.,IMAZETAPIR 10%,III
36009,GLIFOWEED AGM,AGM ARGENTINA S. A.,"GLIFOSATO 39,2%",III
36006,SUMITHION EXTRA,SUMITOMO CHEMICAL ARGENTINA S.A.,"ESFENVALERATO 4%, FENITROTION 80%",II
36005,TITANIUM,BORCHES Y CIA S A,CLORIMURON ETIL 25%,IV
36004,CEBU ECO,AGROMARK ARGENTINA SRL,"ALCOHOL GRASO ETOXILADO 35%, ALCOHOL LINEAL ETOXILADO 35%",IV
36003,ALQUIMIA AT SIGMA,AGROMARK ARGENTINA SRL,"ALCOHOL GRASO ETOXILADO 35%, ALCOHOL LINEAL ETOXILADO 35%, ALCOHOLES GRASOS 35%",IV
36002,BULLET ECO,AGROMARK ARGENTINA SRL,"ALCOHOL GRASO ETOXILADO 35%, ALCOHOL LINEAL ETOXILADO 35%, ALCOHOLES GRASOS 35%",IV
36000,ZADENFIT,SEMILLERA GUASCH S R L,"CARBENDAZIM 12,5%, TIRAM 12,5%",IV
35995,LATHRIN,RAINBOW AGROSCIENSES SA,LAMBDA-CIALOTRINA 5%,III
35993,WR IV,ALLTEC S A,"ALCOHOL GRASO ETOXILADO 35%, ALCOHOL LINEAL ETOXILADO 35%, ALCOHOLES GRASOS 35%",IV
35992,ATRAZINA 50 DANKEN MAX,ZSCHEM ARGENTINA S. A.,ATRAZINA 50%,III
35991,TEBUCONAZOLE 6 BIESTERFELD,BIESTERFELD ARGENTINA SOCIEDAD ANONIMA,TEBUCONAZOLE 6%,III
35990,ASSAIL,SUMMIT AGRO ARGENTINA S A,ACETAMIPRID 70%,II
35989,LAMBDA 25 DVA,DVA AGRO GMBH S.E.E.,LAMBDA-CIALOTRINA 25%,II
35987,DAARGUS LAMBDA,REOPEN S A,LAMBDA-CIALOTRINA 5%,III
35985,HERBADOX H2O,BASF AGRICULTURAL SOLUTIONS ARGENTINA S.A.,"PENDIMETALIN 45,5%",IV
35984,RAYO,AGROFINA S A,"QUIZALOFOP-P ETIL 1,8%",III
35983,VESUVIO 79,SURCROPS SRL,M.S.M.A. 79%,II
35982,IMIDACLOPRID SHARDA 20,SHARDA CROPCHEM LIMITED SUC.EMP.EXT.,IMIDACLOPRID 20%,III
35981,SEMPRA,SUMMIT AGRO ARGENTINA S A,HALOSULFURON-METIL 75%,III
35980,METOLACLORO SUMMIT AGRO,SUMMIT AGRO ARGENTINA S A,METOLACLORO 96%,III
35978,SID GARD 60%,LABORATORIOS PEYTE S.A.,IMIDACLOPRID 60%,III
35977,MSMAX,BORCHES Y CIA S A,M.S.M.A. 96%,II
35976,RADIANCE,PROCHEM BIO SA.,DIURON 80%,III
35975,HONOR,SYNGENTA AGRO SOCIEDAD ANONIMA,"IMAZETAPIR 10,59%",IV
35974,QUADRIS XTRA,SYNGENTA AGRO SOCIEDAD ANONIMA,"AZOXISTROBINA 20%, CIPROCONAZOLE 8%",II
35973,TRIGOSOL,BASF AGRICULTURAL SOLUTIONS ARGENTINA S.A.,IMAZAMOX 70%,III
35971,FACON,INDUAGRO SRL,IMIDACLOPRID 35%,II
35970,ADAMA GALIL,ADAMA ARGENTINA SOCIEDAD ANONIMA,"BIFENTRIN 5%, IMIDACLOPRID 25%",II
35966,"2,4D CAMPO",PROCHEM BIO SA.,"2,4 D 60%",II
35964,NABIS,INDUAGRO SRL,LAMBDA-CIALOTRINA 25%,III
35963,IMIDACLOPRID SHARDA 35,SHARDA CROPCHEM LIMITED SUC.EMP.EXT.,IMIDACLOPRID 35%,II
35962,CLASSIC,CORTEVA AGRISCIENCE ARGENTINA SRL,CLORIMURON ETIL 25%,IV
35956,"HALOX 12,5",CAMPO CROP S.A.,"HALOXIFOP-P METIL 12,5%",III
35955,"HALOX 3,11 LPU",AGROFINA S A,"HALOXIFOP-P METIL 3,11%",III
35954,HEAT,BASF AGRICULTURAL SOLUTIONS ARGENTINA S.A.,SAFLUFENACIL 70%,III
35953,TOQUE ACA,ASOCIACION DE COOPERATIVAS ARGENTINAS - COOP. LTDA.,LAMBDA-CIALOTRINA 5%,II
35952,TECNOSPRAY,BIOGENS S.R.L.,NONIL FENOL ETOXILADO 24%,III
35951,FUNGICUP,AGROSPEC ARGENTINA S.A.,OXICLORURO DE COBRE 84%,III
35950,MAESTRO,UPL ARGENTINA S. A.,CLETODIM 24%,III
35948,INFEST,SYNTEK CHEMICHAL SA,GLIFOSATO 48%,III
35943,FORESTA PRESERVADOR,SINTEPLAST SOCIEDAD ANONIMA,"CIPERMETRINA ,2%",III
35942,BAGUAL,FACYT I + D SA,"DODECIL BENCEN SULFONICO 13,5%",II
35941,ADAMA ESSENTIALS TOPGAN,ADAMA ARGENTINA SOCIEDAD ANONIMA,"IMAZAQUIN 16,1%",III
35939,"DICAMBA 48,5 SL",GENBRA ARGENTINA S.A.,"DICAMBA 57,8%",III
35938,HIDROXICOBRE 50 WP,AGROSPEC ARGENTINA S.A.,HIDROXIDO DE COBRE 77%,II
35937,CUSDUST,AGROSPEC ARGENTINA S.A.,"AZUFRE 19,5%, OXICLORURO DE COBRE 25%, SULFATO BASICO DE COBRE 7,6%",III
35932,PERICON FOLIAR 60 SC,PRODINSA ARGENTINA S A,IMIDACLOPRID 60%,II
35931,PRODINECO,PRODINSA ARGENTINA S A,"ALCOHOL GRASO ETOXILADO 48%, ALCOHOL LAURICO ETOXILADO 48%, ALCOHOL LINEAL ETOXILADO 48%",IV
35929,TRICIDE WOOD LPU,HIDRUM TECNOLOGIA QUIMICA SRL,"CIPERMETRINA ,21%, T.C.M.T.B. ,4%",III
35926,"DELTAGRAN P 2,5",ASOCIACION DE COOPERATIVAS ARGENTINAS - COOP. LTDA.,"DELTAMETRINA 2,5%",II
35925,ZAP 80,PROCHEM BIO SA.,AMETRINA 80%,III
35924,BORDOCALD,ECOAGRO GASPAR S. A. S.,"SULFATO DE COBRE PENTAHIDRATADO 82,4%",III
35923,TEBUCITES 6,SINER S A,TEBUCONAZOLE 6%,III
35922,IMIDACLOPRID SHARDA 70 WG,SHARDA CROPCHEM LIMITED SUC.EMP.EXT.,IMIDACLOPRID 70%,II
35921,MANCONYL DVA,DVA AGRO GMBH S.E.E.,"MANCOZEB 64%, METALAXIL 8%",III
35919,HG,HERRERA GUSTAVO CARLOS,ALCOHOL GRASO ETOXILADO 30%,IV
35914,SALUZI SEMILLERO,ROTAM DE ARGENTINA AGROQUIMICA SRL,IMIDACLOPRID 60%,II
35905,NISON 70 WS,AGROFINA S A,ACETAMIPRID 70%,II
35904,TEBUCONAZOLE 43 IRAOLA,ZSCHEM ARGENTINA S. A.,TEBUCONAZOLE 43%,III
35900,CLORIMURON 25 DVA,DVA AGRO GMBH S.E.E.,CLORIMURON ETIL 25%,III
35899,ROBLE,SINER S A,IMAZETAPIR 10%,III
35898,AZOTE,FORMULAGRO SOCIEDAD RESPONSABILIDAD LIMITADA,IMIDACLOPRID 35%,II
35896,POLIGRHESA,NINIVE SOCIEDAD ANONIMA COM IND FIN INM Y AGROPECUARIA,POLISULFURO DE CALCIO 25%,II
35895,WYNCA MAX,REGISTROS AGROPECUARIOS SRL,"GLIFOSATO 75,7%",IV
35894,TEBUCONAZOLE 43 BIESTERFELD,BIESTERFELD ARGENTINA SOCIEDAD ANONIMA,TEBUCONAZOLE 43%,III
35892,CARBENDAZIM SP,LABORATORIO SAN PABLO PRODUCTOS BIOLOGICOS S.R.L.,CARBENDAZIM 50%,III
35891,FULMIK 30 + 30,LABORATORIO SAN PABLO PRODUCTOS BIOLOGICOS S.R.L.,"CARBENDAZIM 30%, TIRAM 30%",III
35890,DAARGUS CONAZOLE 43,REOPEN S A,TEBUCONAZOLE 43%,III
35885,BECTRA,GLEBA S A,METRIBUZIN 48%,III
35883,BAGUAL,GLEBA S A,METOLACLORO 96%,III
35880,CAMPO DROP,ALIATS SRL,NONIL FENOL ETOXILADO 15%,III
35877,BAUNDAP AM,PROCHEM BIO SA.,"GLIFOSATO 42,8%",IV
35873,MCu,AGROSPEC ARGENTINA S.A.,OXICLORURO DE COBRE 84%,IV
35872,DYNASTY 10 FS SEMILLERO,SYNGENTA AGRO SOCIEDAD ANONIMA,AZOXISTROBINA 10%,III
35871,TIMOREX PRO,TRIOLO IGNACIO LUIS,"ACEITE DE ARBOL DE TE 22,3%",III
35870,ARATEBUCO 25,ARANAMI INDUSTRIAL S.A.,TEBUCONAZOLE 25%,III
35869,YPF LAMBDA,FORMULAGRO SOCIEDAD RESPONSABILIDAD LIMITADA,LAMBDA-CIALOTRINA 25%,III
35867,COADYUVANTE EFECTO COMBINADO FACYT,FACYT I + D SA,"DODECIL BENCEN SULFONICO 19,1%",III
35866,COADYUVANTE TODO TERRENO FACYT,FACYT I + D SA,"DODECIL BENCEN SULFONICO 18,1%",III
35862,COADYUVANTE SILICONADO FACYT,FACYT I + D SA,"DODECIL BENCEN SULFONICO 25,2%",III
35861,IMIDAGOLD FS,UPL ARGENTINA S. A.,IMIDACLOPRID 60%,III
35860,PASTAR,CORTEVA AGRISCIENCE ARGENTINA SRL,"AMINOPIRALID 4,73%, FLUROXIPIR MEPTIL 11,53%",IV
35859,ADAMA ESSENTIALS PASO 24 SL,ADAMA ARGENTINA SOCIEDAD ANONIMA,PICLORAM 24%,IV
35858,AGROCELHONE NE,FARM CHEMICALS ARGENTINA S.R.L,"CLOROPICRINA 33,3%, DICLOROPROPENO (1,3-D) 60,8%",Ia
35850,FYTOXIL FS,NOVA S. A. U.,METALAXIL 35%,II
35849,COADYUVANTE OLEOSOL A,INDUSTRIAS QUIMICAS OLEOSOL S A,"ALCOHOL GRASO ETOXILADO 85,8%",IV
35848,METIOFAN,HELM ARGENTINA S. R. L.,METIL TIOFANATO 50%,III
35847,SQ OIL NATURAL,SERV - QUIM S.A.,ACEITE DE SOJA 100%,IV
35846,CURBIX 35 FS,AGRO BAYER S. R. L.,ETIPROLE 35%,II
35843,PHILIMIDA FOLIAR,PHILAGRO S.A,IMIDACLOPRID 35%,III
35842,PHIL IMIDA 60,PHILAGRO S.A,IMIDACLOPRID 60%,III
35841,ZETA SC,PROQUIMUR SA,CLOROTALONIL 50%,III
35827,FOXTROT XTRA,FMC QUIMICA S. A.,"CLOQUINTOCET MEXIL 3,45%, FENOXAPROP-P ETIL 6,9%",III
35826,MANCOZEB 75 DVA,DVA AGRO GMBH S.E.E.,MANCOZEB 75%,III
35825,PHOSGAS MINI ROPE S,PROFUM S. A.,FOSFURO DE ALUMINIO 60%,Ia
35811,KING LIX,,"2,4 D 95%",III
35807,ARCA,LUXEMBOURG INDUSTRIES LTD,IMAZETAPIR 10%,III
35806,SERENADE ASO,AGRO BAYER S. R. L.,"BACILLUS SUBTILIS 1,34%",IV
35805,NEXIDE,FMC QUIMICA S. A.,GAMMA-CIALOTRINA 15%,III
35802,RADAR,SYNGENTA AGRO SOCIEDAD ANONIMA,ALCOHOL GRASO ETOXILADO 48%,III
35799,SOWER INLAND,FARMCHEM SA,IMIDACLOPRID 60%,II
35798,GREEN TEBUCONAZOLE 43,RAINBOW AGROSCIENSES SA,TEBUCONAZOLE 43%,III
35796,ATRAZINA 90 BIESTERFELD,BIESTERFELD ARGENTINA SOCIEDAD ANONIMA,ATRAZINA 90%,III
35795,RIDER,AGM ARGENTINA S. A.,LAMBDA-CIALOTRINA 5%,Ib
35794,TEBUCO 6,PRODINSA ARGENTINA S A,TEBUCONAZOLE 6%,III
35793,FACYT,FACYT I + D SA,"DODECIL BENCEN SULFONICO 13,5%",III
35792,SOWER FUGIMAX,FARMCHEM SA,TEBUCONAZOLE 43%,III
35791,TOUCHDOWN HI TECH,SYNGENTA AGRO SOCIEDAD ANONIMA,GLIFOSATO 62%,IV
35790,"VERTIMEC 8,4 SC",SYNGENTA AGRO SOCIEDAD ANONIMA,"ABAMECTINA 8,4%",II
35789,VOLIAM FLEXI,SYNGENTA AGRO SOCIEDAD ANONIMA,"CLORANTRANILIPROLE 10%, TIAMETOXAM 20%",IV
35787,BREAK-THRU,EVONIK ARGENTINA S.A,HEPTAMETILTRISILOXANO 82%,III
35784,BIOSPAM-L,LABORATORIO SAN PABLO PRODUCTOS BIOLOGICOS S.R.L.,"BACILLUS THURINGIENSIS 3,5%",IV
35782,CARBENDAZIM 50 KAYKUN,KAYKUN S.R.L.,CARBENDAZIM 50%,III
35779,AVSA TALONIL,AGUSTIN VIDIZZONI S A,CLOROTALONIL 50%,III
35776,A 35 T,ALLTEC S A,"ALCOHOL GRASO ETOXILADO 35%, ALCOHOL LINEAL ETOXILADO 35%",IV
35775,ALLTEC ULTRA,ALLTEC S A,"ALCOHOL GRASO ETOXILADO 35%, ALCOHOL LINEAL ETOXILADO 35%, ALCOHOLES GRASOS 35%",IV
35774,ANTIDERIVA,ALLTEC S A,ALCOHOL LINEAL ETOXILADO 35%,IV
35772,SCENIC,AGRO BAYER S. R. L.,"FLUOXASTROBINA 3,75%, PROTIOCONAZOLE 3,75%, TEBUCONAZOLE ,5%",III
35771,ALTORAT,DE SANGOSSE LATIN AMERICA S.A.,"BROMADIOLONE ,0055%",III
35769,DANIMEN,SUMITOMO CHEMICAL ARGENTINA S.A.,FENPROPATRINA 30%,II
35767,DIURON 80 RED SURCOS,SURCOS S.A.,DIURON 80%,III
35766,DEFENSA,NOVA S. A. U.,"TEBUCONAZOLE 1,5%, TIRAM 50%",II
35758,ZUKA,GLEBA S A,DIFENOCONAZOLE 3%,III
35757,SERENADE MAX,AGRO BAYER S. R. L.,"BACILLUS SUBTILIS 14,6%",IV
35756,ABRIGO,NOVA S. A. U.,METIL TIOFANATO 50%,III
35754,PODER,NOVA S. A. U.,"IMIDACLOPRID 20%, LAMBDA-CIALOTRINA 10%",II
35751,DECCOZIL 50,UPL ARGENTINA S. A.,IMAZALIL 50%,IV
35749,RETAKER,SUMMIT AGRO ARGENTINA S A,"ACETAMIPRID 10%, ESFENVALERATO 10%",II
35748,25 KODIAC,XOMEZANA SA,BIFENTRIN 25%,II
35747,FENIDEL,FARMCHEM SA,"DELTAMETRINA ,25%, TIERRA DE DIATOMEAS 99,75%",IV
35741,CONCORDE,ASOCIACION DE COOPERATIVAS ARGENTINAS - COOP. LTDA.,METOMINOSTROBIN 20%,II
35737,DELENTE MIREX,DELENTE S. R. L.,"SULFLURAMIDA ,3%",II
35736,SYSTEMIC,HELM ARGENTINA S. R. L.,TEBUCONAZOLE 43%,IV
35735,PH N-REDUCTOR,FRAGARIA S.A.,ACIDO FOSFORICO 75%,IV
35734,ACTARA 75 SG,SYNGENTA AGRO SOCIEDAD ANONIMA,TIAMETOXAM 75%,IV
35733,ATRACAMPO 90 WDG,PROCHEM BIO SA.,ATRAZINA 90%,III
35731,SOWER MAGNUM,FARMCHEM SA,TEBUCONAZOLE 6%,III
35729,IMIDACLOPRID 60 CIBELES,ENRIQUE M BAYA CASAL S. A.,IMIDACLOPRID 60%,II
35725,BUFALO,NITRAP SOCIEDAD DE RESPONSABILIDAD LIMITADA,"TEBUCONAZOLE 1,56%, TIRAM 50%",III
35721,EXTRA TACKLE LPU,COMPAÑIA ASCARISCER S.A.,"DELTAMETRINA ,5%",III
35713,SENCORMAX,AGRO BAYER S. R. L.,METRIBUZIN 48%,III
35712,STARANE XTRA,CORTEVA AGRISCIENCE ARGENTINA SRL,FLUROXIPIR MEPTIL 48%,IV
35707,FUMITOXPIN,E.PINTAR & ASSOC. S.R.L.,FOSFURO DE ALUMINIO 56%,Ia
35700,COMPINCHE,SYNGENTA AGRO SOCIEDAD ANONIMA,"DIFENOCONAZOLE 9,2%, METALAXIL -M 2,3%",IV
35698,EXCELTO,SYNGENTA AGRO SOCIEDAD ANONIMA,"TEFLUTRINA 8%, TIAMETOXAM 20%",IV
35697,ATHENA,FMC QUIMICA S. A.,BIFENTRIN 10%,II
35691,VOLIAM TARGO,SYNGENTA AGRO SOCIEDAD ANONIMA,"ABAMECTINA 1,8%, CLORANTRANILIPROLE 4,5%",II
35682,ATRAZINA CONTROLER,AGROFACIL S A,ATRAZINA 50%,III
35679,OXI - Cu,RAME PRODUCTOS QUIMICOS SRL,OXICLORURO DE COBRE 84%,II
35676,MAPUCHE 60,HELM ARGENTINA S. R. L.,IMIDACLOPRID 60%,II
35675,SABACE,SABERO ARGENTINA SOCIEDAD ANONIMA,ACEFATO 75%,II
35673,ONZA MAX,GLEBA S A,"DELTAMETRINA 2,5%",II
35670,RODEO,NOVA S. A. U.,"CARBENDAZIM 15%, TIRAM 35%",III
35669,IMPRID 70 WP,SINER S A,IMIDACLOPRID 70%,II
35664,BAPROM-L,LABORATORIO SAN PABLO PRODUCTOS BIOLOGICOS S.R.L.,"BACILLUS THURINGIENSIS 3,5%",IV
35663,"2,4D AMINA MAX",BORCHES Y CIA S A,"2,4 D 60,2%",III
35661,METSULFURON WG INSUAGRO,INSUMOS AGROQUIMICOS SOCIEDAD ANONIMA,METSULFURON METIL 60%,III
35657,SYNFUME EXTRA,CHEMOTECNICA S. A.,FOSFURO DE ALUMINIO 56%,Ia
35652,BACKUP WG,,,III
35649,GEKKO,HELM ARGENTINA S. R. L.,"ABAMECTINA 1,8%",II
35648,SOLY OIL VEGETAL,LABORATORIOS PEYTE S.A.,"ACEITE DE SOJA 82,46%",IV
35646,RENAP 100,MESSINA MARINUCCI S.A.,EXTRACTO DE AJO 100%,IV
35645,ATANOR METRIBUZIN 48 SC HI,ATANOR SOCIEDAD EN COMANDITA POR ACCIONES,METRIBUZIN 48%,III
35644,GLYNOMYL K,TECNOMYL S. A.,GLIFOSATO 48%,III
35643,GLYNOMYL,TECNOMYL S. A.,GLIFOSATO 48%,III
35640,KRISMAT,SYNGENTA AGRO SOCIEDAD ANONIMA,"AMETRINA 73,15%, TRIFLOXISULFURON 1,85%",II
35639,ACTIVE OIL ECO,FITOQUIMICA S.A.,ACEITE DE SOJA 90%,IV
35638,DIFLUMAX,HELM ARGENTINA S. R. L.,DIFLUBENZURON 24%,III
35637,BEMUS,HELM ARGENTINA S. R. L.,"DICAMBA 57,8%",IV
35635,TROPIC,NOVA S. A. U.,ACEITE DE SOJA 85%,IV
35614,SNIPER II,AGRO BAYER S. R. L.,"GLIFOSATO 66,2%",IV
35613,GORPHOS IN,UPL ARGENTINA S. A.,FOSFURO DE ALUMINIO 56%,Ia
35605,COAD OIL,PETROLERA ARGENTINA LUBRIDIM COM E IND S R L,ACEITE MINERAL 84%,III
35604,FEZAN,SIPCAM ARGENTINA S.R.L.,TEBUCONAZOLE 25%,III
35603,DMA 48,CORTEVA AGRISCIENCE ARGENTINA SRL,"2,4 D 57,8%",II
35599,DIFFER ULTRA,BIOLOGY FARM ARGENTINA S.R.L.,NONIL FENOL ETOXILADO 15%,III
35596,GLIFOTOP ZAMBA,COFCO INTERNATIONAL ARGENTINA S.A.,"GLIFOSATO 42,8%",IV
35593,WT 44 AD,BIONET SRL,ALQUIL ARIL POLIGLICOL ETER 44%,III
35590,ARAIMIDACLOPRID 35,ARANAMI INDUSTRIAL S.A.,IMIDACLOPRID 35%,II
35588,"2,4-D 60,2 CAMPO",PROCHEM BIO SA.,"2,4 D 60,2%",II
35587,2.4-D 72 CAMPO,PROCHEM BIO SA.,"2,4 D 72%",II
35586,FENOMYL,TECNOMYL S. A.,"2,4 D 60%",II
35579,CLIPEUS,FORMULAGRO SOCIEDAD RESPONSABILIDAD LIMITADA,LAMBDA-CIALOTRINA 5%,II
35576,LECITHIN PLUS,FRAGARIA S.A.,LECITINA DE SOJA 35%,IV
35572,CAMARADE MYL,TECNOMYL S. A.,"DICAMBA 57,8%",IV
35571,PH,FRAGARIA S.A.,ACIDO FOSFORICO 75%,IV
35570,TESOL,SINER S A,TEBUCONAZOLE 25%,III
35569,NATURE,WOHR RUBEN ALBERTO,ALCOHOL GRASO ETOXILADO 30%,III
35567,ARAKAMBA 58,ARANAMI S.A.,DICAMBA 58%,II
35566,MEKTAN,COMPAÑIA DAB S.R.L.,ALQUIL ARIL POLIGLICOL ETER 50%,IV
35564,KAISER 70,WECAN AGRO SA,IMIDACLOPRID 70%,III
35563,ADAMA ARROW LPU,ADAMA ARGENTINA SOCIEDAD ANONIMA,CLETODIM 12%,III
35560,NICOSULFURON CAMPO 75 WG,PROCHEM BIO SA.,NICOSULFURON 75%,IV
35559,CARBENDAZIM 50 HELM,HELM ARGENTINA S. R. L.,CARBENDAZIM 50%,IV
35558,FLUROCLORIDONA NUFARM,ASOCIACION DE COOPERATIVAS ARGENTINAS - COOP. LTDA.,FLUROCLORIDONA 25%,III
35557,ADAMA ESSENTIALS IMATRON,ADAMA ARGENTINA SOCIEDAD ANONIMA,"IMAZAPIR 58,86%",III
35556,MICROACTIVE 25,SURCOS S.A.,CIPERMETRINA 25%,II
35554,VICTORY,HELM ARGENTINA S. R. L.,NICOSULFURON 4%,III
35551,ACRONIS,BASF AGRICULTURAL SOLUTIONS ARGENTINA S.A.,"METIL TIOFANATO 45%, PIRACLOSTROBIN 5%",II
35550,CIPERMETRINA SHARDA 25,SHARDA CROPCHEM LIMITED SUC.EMP.EXT.,CIPERMETRINA 25%,II
35548,BALEHON,EMFAG S.A,CARBENDAZIM 50%,III
35546,CARBENDAZIM CIBELES,CIBELES ARGENTINA S.A.,CARBENDAZIM 50%,III
35545,SPINGARD 35,COMPAÑIA DE INSUMOS Y GRANOS S A,IMIDACLOPRID 35%,II
35537,RIZO OIL,RIZOBACTER ARGENTINA S A,ACEITE DE SOJA 85%,IV
35536,L-CITINA FULL STICK,FRAGARIA S.A.,LECITINA DE SOJA 35%,IV
35534,LINCE,ASOCIACION DE COOPERATIVAS ARGENTINAS - COOP. LTDA.,"GLIFOSATO 24%, IMAZETAPIR 2%",III
35533,DIVIDEND EXTRA,SYNGENTA AGRO SOCIEDAD ANONIMA,"DIFENOCONAZOLE 2,5%, FLUDIOXONIL 2,5%",III
35532,DIVIDEND XTREME,SYNGENTA AGRO SOCIEDAD ANONIMA,"DIFENOCONAZOLE 9,2%, METALAXIL -M 2,3%",IV
35531,DIMETOATO HELM,HELM ARGENTINA S. R. L.,"DIMETOATO 37,6%",II
35530,SECUESTRANTE NIVELAGRO,NIVELAGRO S.R.L.,EDTA TETRASODICO 25%,IV
35527,CORRECTOR NIVELAGRO,NIVELAGRO S.R.L.,ACIDO FOSFORICO 75%,IV
35525,TOCON,CORTEVA AGRISCIENCE ARGENTINA SRL,"AMINOPIRALID 46,17%",IV
35523,RINDER FULL,AGROFACIL S A,GLIFOSATO 60%,IV
35522,BRAVO,FITOQUIMICA S.A.,IMIDACLOPRID 35%,II
35521,TOTAL SUPER,FMC QUIMICA S. A.,GLIFOSATO 60%,III
35520,IMPRID 60,SINER S A,IMIDACLOPRID 60%,III
35519,ARAIMIDA 60 SC,ARANAMI INDUSTRIAL S.A.,IMIDACLOPRID 60%,III
35518,ARACONAZOL 6,ARANAMI INDUSTRIAL S.A.,TEBUCONAZOLE 6%,III
35515,TEBUPRID,EL TOBIANO SA,"IMIDACLOPRID 23,3%, TEBUCONAZOLE 1,3%",II
35512,"2,4D AMINA MAXX",3 LOMAS S.A.,"2,4 D 60,2%",III
35511,TRIBUNE 48 SC,ADAMA ARGENTINA SOCIEDAD ANONIMA,METRIBUZIN 48%,III
35508,IMPRID 35,SINER S A,IMIDACLOPRID 35%,II
35507,IPIRON 50 SC,KAYKUN S.R.L.,LINURON 50%,III
35506,IMIDACLOPRID 35 SUMAGRO,SIPCAM ARGENTINA S.R.L.,IMIDACLOPRID 35%,II
35500,PLATAFORMA SILICONADO,FRAGARIA S.A.,LECITINA DE SOJA 35%,IV
35499,INVINSA TM TECHNOLOGY,AGROFRESH ARGENTINA S.R.L.,"METIL CICLOPROPENO 3,8%",IV
35498,OTHAR 60,FORMULAGRO SOCIEDAD RESPONSABILIDAD LIMITADA,IMIDACLOPRID 60%,II
35497,AZOR,INDUAGRO SRL,IMIDACLOPRID 60%,II
35496,REBELION,ADAMA ARGENTINA SOCIEDAD ANONIMA,"IMAZAPIC 25,48%",IV
35492,LOOP,FMC QUIMICA S. A.,NICOSULFURON 24%,III
35489,PRINCE GOLD,FALCROP S. A.,"GLIFOSATO 24%, IMAZETAPIR 2%",III
35487,DIFFER MEDIUM,BIOLOGY FARM ARGENTINA S.R.L.,NONIL FENOL ETOXILADO 15%,III
35485,IMIDACLOPRID PERICON,PRODINSA ARGENTINA S A,IMIDACLOPRID 60%,II
35481,CHUCARO,AGRO BAYER S. R. L.,"CLOTIANIDIN 25%, FLUOXASTROBINA 3,75%, PROTIOCONAZOLE 3,75%, TEBUCONAZOLE ,5%",III
35480,EVITO,UPL ARGENTINA S. A.,FLUOXASTROBINA 48%,IV
35479,INFINITO,AGRO BAYER S. R. L.,"FLUOPICOLIDE 6,25%, PROPAMOCARB CLORHIDRATO 62,5%",III
35478,FLUSAN,AGROFINA S A,DIFLUFENICAN 50%,III
35476,CREDIT FULL,SUMITOMO CHEMICAL ARGENTINA S.A.,GLIFOSATO 70%,IV
35474,DAARGUS TEBUCO 6%,REOPEN S A,TEBUCONAZOLE 6%,III
35471,TAMIFUME 50 SL,EASTMAN DE ARGENTINA SRL,METAM POTASIO 50%,II
35470,NOCAUT 35,ATANOR SOCIEDAD EN COMANDITA POR ACCIONES,IMIDACLOPRID 35%,II
35469,AGRO OIL,RAIZEN ARGENTINA S.A.U.,"ACEITE MINERAL 97,4%",IV
35464,MAJESTY,HELM ARGENTINA S. R. L.,IMAZETAPIR 22%,III
35462,NAFUSAKU 16,S ANDO Y CIA SACIIF,ALFA NAFTALEN ACETICO 16%,IV
35461,NIFRAN,AGROFINA S A,FLUAZINAM 50%,III
35460,DICAMBA 48 SOUTH AGRO,SOUTH AGRO S. R. L.,"DICAMBA 57,7%",III
35456,MAJESTY GOLD,PROCHEM BIO SA.,IMAZETAPIR 70%,IV
35455,NU-FILM,FALCROP S. A.,"PINOLENE / DIMENTENE 90,5%",IV
35454,BIODOX,NOVA S. A. U.,ALCOHOL GRASO ETOXILADO 48%,II
35448,SING-OIL,SINER S A,ACEITE DE SOJA 93%,IV
35447,BIO OIL,SINER S A,ACEITE DE SOJA 93%,IV
35446,ARROLLADOR,FITOQUIMICA S.A.,TEBUCONAZOLE 80%,III
35444,CORAGEN,FMC QUIMICA S. A.,CLORANTRANILIPROLE 20%,IV
35442,DANJIRI,SUMITOMO CHEMICAL ARGENTINA S.A.,ETABOXAM 10%,III
35441,DIURON MAX PM,BORCHES Y CIA S A,DIURON 80%,III
35438,EMTHANE 80,SABERO ARGENTINA SOCIEDAD ANONIMA,MANCOZEB 80%,III
35437,MERIT GOLD,CORTEVA AGRISCIENCE ARGENTINA SRL,"CLOQUINTOCET MEXIL 9%, PIROXSULAM 4,5%",III
35436,ADAMA ESSENTIALS SUNSHINE,ADAMA ARGENTINA SOCIEDAD ANONIMA,"IMAZAPIR 29,43%",III
35435,IMIDACLOPRID SQ 60,BAC SCIENCES GROUP SA,IMIDACLOPRID 60%,III
35433,QUADRIS SOL,SYNGENTA AGRO SOCIEDAD ANONIMA,"AZOXISTROBINA 20%, DIFENOCONAZOLE 12,5%",III
35432,DIURON MAX FLOW,BORCHES Y CIA S A,DIURON 80%,III
35431,NAVIGATOR,BORCHES Y CIA S A,"DICAMBA 57,8%",III
35430,DICAMBA MAX,BORCHES Y CIA S A,"DICAMBA 57,8%",III
35427,VAPAM HL,XOMEZANA SA,METAN SODIO 51%,II
35426,PATTON FLOW,GLEBA S A,PIRIMICARB 50%,Ib
35423,MHO PLUS OCH,CHEM.ECO ARGENTINA S.R.L.,TEBUCONAZOLE 25%,III
35421,CYPRESS,SYNGENTA AGRO SOCIEDAD ANONIMA,"CIPROCONAZOLE 15%, DIFENOCONAZOLE 25%",III
35420,MATRERO 60 FS,SUMITOMO CHEMICAL ARGENTINA S.A.,IMIDACLOPRID 60%,III
35418,ECO OIL,SINER S A,ACEITE DE SOJA 93%,IV
35417,CRIOLLO,NOVA S. A. U.,"IMIDACLOPRID 23,3%, TEBUCONAZOLE 1,3%",II
35416,ATRAFINA 90,TECNOMYL S. A.,ATRAZINA 90%,IV
35415,REVUS,SYNGENTA AGRO SOCIEDAD ANONIMA,MANDIPROPAMID 25%,IV
35404,SALIX 80,AGM ARGENTINA S. A.,"2,4 D 80%",III
35402,HYDROMICRON 77 SALDECO,SIPSACHEM SA,HIDROXIDO DE COBRE 77%,II
35399,ECOADH KISILL,AGRONEGOCIOS LITORAL S.A.,DODECIL BENCEN SULFONICO 24%,III
35398,TECNOFOS NEW,TECNOGRAN S R L,FOSFURO DE ALUMINIO 56%,Ia
35396,YPF GLIFOSATO HA,ATANOR SOCIEDAD EN COMANDITA POR ACCIONES,"GLIFOSATO 43,8%",IV
35395,FUNGISEM,WECAN AGRO SA,TIRAM 20%,III
35394,MOVAL,BROMETAN S. R. L.,FOSETIL ALUMINIO 80%,IV
35393,ATRACAMPO 50 FL,PROCHEM BIO SA.,ATRAZINA 50%,III
35390,PHILCONAZOL,PHILAGRO S.A,TEBUCONAZOLE 43%,III
35384,DICAMBA CIBELES,COMPAÑIA DE INSUMOS Y GRANOS S A,"DICAMBA 57,8%",III
35371,TIERMIL,VIOLINO JUAN CARLOS,"CARBENDAZIM 1,5%, MANCOZEB 5,6%",III
35370,ATREX PLUS OCH,CHEM.ECO ARGENTINA S.R.L.,ATRAZINA 50%,III
35365,CARBENTEC 50,QUIMICOS PUNTANOS SOCIEDAD ANONIMA,CARBENDAZIM 50%,III
35358,HALLMARK,SUMITOMO CHEMICAL ARGENTINA S.A.,ESFENVALERATO 15%,II
35357,RETAIN,SUMITOMO CHEMICAL ARGENTINA S.A.,AMINOETOXIVINILGLICINA 15%,IV
35356,FITOCEL 75,AGRI STAR S. A.,CLOROMECUATO 75%,II
35355,AIKIDO,HELM ARGENTINA S. R. L.,LAMBDA-CIALOTRINA 5%,III
35350,FORCE ZEA,SYNGENTA AGRO SOCIEDAD ANONIMA,"TEFLUTRINA 8%, TIAMETOXAM 20%",IV
35347,TOP RICE,AGROFINA S A,"IMAZAPIC 17,5%, IMAZAPIR 52,5%",III
35342,NENSHO,SUMMIT AGRO ARGENTINA S A,"ATRAZINA 40%, FLUMIOXAZIN 4%",III
35340,NUFARM TEBUCONAZOLE 43,SUMITOMO CHEMICAL ARGENTINA S.A.,TEBUCONAZOLE 43%,IV
35339,ATTACK,COMPAÑIA ASCARISCER S.A.,"DELTAMETRINA 2,5%",II
35337,CIPERMETRINA SINER,SINER S A,CIPERMETRINA 25%,II
35335,CIPERMETRINA JNG,JNG & ASOCIADOS S A,CIPERMETRINA 25%,II
35331,ADAMA ESSENTIALS ODEON 72 SC,ADAMA ARGENTINA SOCIEDAD ANONIMA,CLOROTALONIL 72%,III
35328,CAMPO VENT,ALIATS SRL,NONIL FENOL ETOXILADO 15%,III
35327,CAMPO TEN,ALIATS SRL,NONIL FENOL ETOXILADO 15%,III
35324,PHILCARB,PHILAGRO S.A,CARBENDAZIM 50%,III
35321,NUFARM KAISO SORBIE,SUMITOMO CHEMICAL ARGENTINA S.A.,LAMBDA-CIALOTRINA 24%,II
35320,ADAMA ESSENTIALS KOHINOR 35 SC,ADAMA ARGENTINA SOCIEDAD ANONIMA,IMIDACLOPRID 35%,III
35316,PULSAR,UPL ARGENTINA S. A.,LAMBDA-CIALOTRINA 5%,II
35315,ELF PURESPRAY GREEN,TOTALENERGIES MARKETING ARGENTINA S. A.,ACEITE MINERAL 85%,IV
35312,CARBENDAZIM 50 ARN EBC,ENRIQUE M BAYA CASAL S. A.,CARBENDAZIM 50%,III
35299,DOMARK + 10,BROMETAN S. R. L.,TETRACONAZOLE 10%,II
35297,DIMETOATO ARN EBC,ENRIQUE M BAYA CASAL S. A.,DIMETOATO 40%,II
35296,CIPERMETRINA 25 ARN EBC,ENRIQUE M BAYA CASAL S. A.,CIPERMETRINA 25%,II
35294,PONCHO 60 FS-S UNC SEMILLERO,BASF AGRICULTURAL SOLUTIONS ARGENTINA S.A.,CLOTIANIDIN 60%,II
35293,"ABAMECTINA CAMPO 1,8",CAMPO CROP S.A.,"ABAMECTINA 1,8%",II
35292,I. ULTRA HV,YPF SOCIEDAD ANONIMA,"ACEITE MINERAL 80,5%",IV
35291,I. ULTRA LV,YPF SOCIEDAD ANONIMA,"ACEITE MINERAL 79,8%",IV
35288,FUNSERV,SERV - QUIM S.A.,"CARBENDAZIM 30%, TIRAM 30%",II
35284,"NEORAM 37,5 WG",AGRI STAR S. A.,OXICLORURO DE COBRE 63%,III
35283,BENOMIL RED SURCOS,SURCOS S.A.,BENOMIL 50%,III
35282,MAIZAL FG,SURCOS S.A.,ATRAZINA 90%,III
35281,FYFANON,FMC QUIMICA S. A.,MERCAPTOTION 44%,IV
35280,CORRECTOR PLUS ARN EBC,ENRIQUE M BAYA CASAL S. A.,ACIDO FOSFORICO 25%,III
35279,CIDETRACK DA MEC,AGRICONSULTING JGP S.R.L .,"(E,Z) 2,4-DECADIENOATO DE ETILO 5%",IV
35278,MAGTOXIN GRANULO,FUGRAN COMERCIAL E INDUSTRIAL SA,FOSFURO DE MAGNESIO 95%,Ia
35274,AHINCO SUPER,MARCONETTO GRISELDA MARIA,ALQUIL ARIL POLIGLICOL ETER 26%,III
35272,HARVISTA TM TECHNOLOGY,AGROFRESH ARGENTINA S.R.L.,"METIL CICLOPROPENO 3,8%",IV
35271,KATRIN 48,AGROFINA S A,IMAZAPIR 48%,III
35270,METIOFAN 50,HELM ARGENTINA S. R. L.,METIL TIOFANATO 50%,IV
35269,PRODINOLEO,PRODINSA ARGENTINA S A,ACEITE DE SOJA 86%,IV
35268,PERDURE,CORTEVA AGRISCIENCE ARGENTINA SRL,FLUMETSULAM 12%,III
35265,PUFFER CM,NASTIA S.R.L.,"(E,E)8,10-DODECADIENOL 18,05%",IV
35264,CIPERTROID,BORCHES Y CIA S A,CIPERMETRINA 25%,II
35262,IMI-MAX FLOW,BORCHES Y CIA S A,IMIDACLOPRID 35%,II
35261,IMI-SEED FLOW,BORCHES Y CIA S A,IMIDACLOPRID 60%,II
35260,CURASEMILLAS BEP,FRAGARIA S.A.,"CARBENDAZIM 10%, TIRAM 10%",III
35250,SUPERCAMBA,RAINBOW AGROSCIENSES SA,"DICAMBA 57,8%",III
35247,FUMETRINA,FUGRAN COMERCIAL E INDUSTRIAL SA,"DELTAMETRINA 2,5%",II
35245,TALOSEM 50,SEMBRADO SA,CLOROTALONIL 50%,III
35244,PHEROCON CM DA COMBO,AGRICONSULTING JGP S.R.L .,"(E,E)8,10-DODECADIENOL ,45%, (E,Z) 2,4-DECADIENOATO DE ETILO ,45%",IV
35243,AHINCO WET,MARCONETTO GRISELDA MARIA,ALQUIL ARIL POLIGLICOL ETER 26%,III
35241,ASCARISCER EXTRA TACKLE POLVO GORGOJICIDA,COMPAÑIA ASCARISCER S.A.,"DELTAMETRINA ,15%",II
35237,SOWER DRESS,FARMCHEM SA,"METIL TIOFANATO 10%, TIRAM 24%",III
35232,METSULFURON METIL 60 WG DVA,DVA AGRO GMBH S.E.E.,METSULFURON METIL 60%,III
35229,PRIMERO 75 WG,ROTAM DE ARGENTINA AGROQUIMICA SRL,NICOSULFURON 75%,III
35226,ATRAZINA FORMULAGRO,FORMULAGRO SOCIEDAD RESPONSABILIDAD LIMITADA,ATRAZINA 50%,III
35225,CIPERMETRINA 25 MA,,CIPERMETRINA 25%,II
35221,CARBENDAZIM 50 MA,,CARBENDAZIM 50%,III
35217,LECITHIN MAX,FRAGARIA S.A.,LECITINA DE SOJA 35%,IV
35216,MANFAL 80 WP,FALCROP S. A.,MANCOZEB 96%,III
35214,CONFIDOR OD,AGRO BAYER S. R. L.,IMIDACLOPRID 20%,III
35213,CARBENDAZIM 50 CONTROLER,AGROFACIL S A,CARBENDAZIM 50%,III
35211,EXILIS PLUS,S ANDO Y CIA SACIIF,6 BENCILADENINA 2%,IV
35207,ATRAZINA 90 AGM,AGM ARGENTINA S. A.,ATRAZINA 90%,III
35205,TEBUCONAZOLE 43 ARN EBC,ENRIQUE M BAYA CASAL S. A.,TEBUCONAZOLE 43%,III
35201,CHECK MATE OFM-SL,NASTIA S.R.L.,(Z)/(E)-8-DODECENIL ACETATO 20%,IV
35185,KRONEX SC 35,FMC QUIMICA S. A.,IMIDACLOPRID 35%,III
35180,NEEMAZAL 1.2 EC,WAYNE CHEMICAL SRL,"AZADIRACTINA 1,2%",IV
35178,PUNTO 60,GLEBA S A,IMIDACLOPRID 60%,III
35177,PUNTO 35,GLEBA S A,IMIDACLOPRID 35%,II
35176,MAXCEL,SUMITOMO CHEMICAL ARGENTINA S.A.,"6 BENCILADENINA 1,9%",IV
35175,DIMETOATO 40 MA,,DIMETOATO 40%,II
35171,MANCOZEB 75 WG,SUMITOMO CHEMICAL ARGENTINA S.A.,MANCOZEB 75%,IV
35164,ISHIMETRIN ACTIVE,AGRI STAR S. A.,ALFACIPERMETRINA/ALFAMETRINA 10%,II
35163,ZIPPER POWER,BORCHES Y CIA S A,ALFACIPERMETRINA/ALFAMETRINA 10%,II
35162,MUSTANG 20 EW,FMC QUIMICA S. A.,ZETAMETRINA 20%,II
35159,ALFAZINA 50,DLF ARGENTINA SA,ATRAZINA 50%,III
35155,ATRAZINA SINER,SINER S A,ATRAZINA 50%,III
35154,QUICKPHLO-R,UPL ARGENTINA S. A.,"FOSFURO DE ALUMINIO 77,5%",Ia
35146,MIX HORTAL CEBO,RAUL OSCAR AGUERRE E HIJOS S A,"SULFLURAMIDA ,3%",IV
35145,MIREX ESPACIAL,REOPEN S A,"SULFLURAMIDA ,3%",III
35142,RINDER MICROSOLUBLE,AGROFACIL S A,GLIFOSATO 78%,III
35140,CLEAN SEED,AGROFINA S A,TEBUCONAZOLE 6%,III
35136,MADEX,AGRI CHECK SRL,CYDIA POMONELLA GRANULOVIRUS 1%,IV
35135,ATRAZINA 50 MA,,ATRAZINA 50%,III
35134,"DICAMBA 57,8 MS",,"DICAMBA 57,8%",IV
35131,FOSFORICO ACTION,WECAN AGRO SA,ACIDO FOSFORICO 70%,IV
35130,ALFATRINA 25,DLF ARGENTINA SA,CIPERMETRINA 25%,II
35127,DICAMBA ADN,ADN AGRO S.A.,"DICAMBA 57,8%",III
35122,ADAMA ESSENTIALS TRIBUNE,ADAMA ARGENTINA SOCIEDAD ANONIMA,METRIBUZIN 70%,III
35121,MIRK-OIL,FRAGARIA S.A.,ACEITE DE SOJA 85%,IV
35115,PROTON,GLEBA S A,PROPICONAZOLE 25%,III
35113,"ARAMINA 2,4 D 60",ARANAMI S.A.,"2,4 D 60%",II
35106,SANADOR,AGRO ADVANCE TECHNOLOGY S.A.,"CARBENDAZIM 15%, TIRAM 35%",III
35104,GLEX S,GLEBA S A,FENITROTION 20%,II
35098,LANCER 97 DF,UPL ARGENTINA S. A.,ACEFATO 97%,II
35097,FUNGI CROP 50,PROCHEM BIO SA.,CARBENDAZIM 50%,III
35096,CORRECTOR PARTNER LQ,LANTHER QUIMICA S. A.,ACIDO FOSFORICO 46%,IV
35095,JOINT,FARMCHEM SA,"IMIDACLOPRID 23,3%, TEBUCONAZOLE 1,3%",II
35085,IMIDA 70 DVA,DVA AGRO GMBH S.E.E.,IMIDACLOPRID 70%,II
35084,CIBUS DUO,ACAY AGRO SA,"CARBARIL 8% p/p, METALDEHIDO 4% p/p",III
35083,KAISER MAX,HELM ARGENTINA S. R. L.,"GLIFOSATO 75,7%",IV
35081,NUVOXL,SYNGENTA AGRO SOCIEDAD ANONIMA,GLIFOSATO 62%,IV
35077,PROCLAIM 5 SG,SYNGENTA AGRO SOCIEDAD ANONIMA,BENZOATO DE EMAMECTINA 5%,II
35075,TALONIL 72,HELM ARGENTINA S. R. L.,CLOROTALONIL 72%,III
35074,TALONIL 50,HELM ARGENTINA S. R. L.,CLOROTALONIL 50%,IV
35073,DOMBELL 48 SL VERTISOLES,VERTISOLES S.R.L,"DICAMBA 57,8%",III
35070,TIFON,GLEBA S A,ETEFON 48%,III
35067,ADAMA RIMON SUPRA,ADAMA ARGENTINA SOCIEDAD ANONIMA,NOVALURON 10%,IV
35065,SECUESTRANTE J.O - MAX LIQUIDO,JO AGRO SRL,EDTA TETRASODICO 25%,IV
35064,"POWER 43,6",ATANOR SOCIEDAD EN COMANDITA POR ACCIONES,"GLIFOSATO 43,8%",IV
35058,CONVEY,BASF AGRICULTURAL SOLUTIONS ARGENTINA S.A.,"TOPRAMEZONE 33,6%",III
35056,TALION,FALCROP S. A.,"2,4 D 44,7%, PICLORAM 11,4%",III
35055,ESTRELLA IMI PLUS,ASOCIACION DE COOPERATIVAS ARGENTINAS - COOP. LTDA.,"GLIFOSATO 24%, IMAZETAPIR 2%",III
35049,FENDONA FORESTAL,BASF AGRICULTURAL SOLUTIONS ARGENTINA S.A.,ALFACIPERMETRINA/ALFAMETRINA 6%,III
35048,TRIPICK,AGROFINA S A,"FENOXAPROP-P ETIL 6,9%",III
35047,FURY 20 EW,FMC QUIMICA S. A.,ZETAMETRINA 20%,II
35046,SICURO,NOVA S. A. U.,"CARBENDAZIM 3%, IMIDACLOPRID 6%, TIRAM 3%",III
35045,CRISTAL,AGROFINA S A,"IMAZAPIR 17,5%, IMAZETAPIR 52,5%",III
35043,COADYUVANTE HUSSAR PLUS,AGRO BAYER S. R. L.,"ALCOHOL GRASO ETOXILADO 99,7%",III
35041,CLEAN LEAF 25 EC,AGROFINA S A,TEBUCONAZOLE 25%,III
35040,CLEAN LEAF 43 SC,AGROFINA S A,TEBUCONAZOLE 43%,III
35029,ZURCO,GLEBA S A,"DICAMBA 57,71%",III
35028,DUPLO,GLEBA S A,"IMIDACLOPRID 23,3%, TEBUCONAZOLE 1,3%",II
35027,NIVELAGRO,NIVELAGRO S.R.L.,DODECIL BENCEN SULFONICO 24%,III
35026,ANTIDERIVA NIVELAGRO,NIVELAGRO S.R.L.,DODECIL BENCEN SULFONICO 23%,III
35022,FRUTALES,PETROLERA ARGENTINA LUBRIDIM COM E IND S R L,ACEITE MINERAL 84%,III
35017,ADAMA ESSENTIALS ACIERTO 90 EC,ADAMA ARGENTINA SOCIEDAD ANONIMA,ACETOCLOR 90%,II
35015,"FAST 1,8",GLEBA S A,"ABAMECTINA 1,8%",III
35010,PARAQUAT SINON,INDUSTRIAS QUIMICAS Y VEGETALES S A,"PARAQUAT DICLORURO 27,6%",II
35008,CORRECTOR J.O - MAX LIQUIDO,JO AGRO SRL,ACIDO FOSFORICO 75%,IV
35001,HORMICYGON L,MENDIZABAL FERRARO Y LARRINAGA S R L,"ABAMECTINA 1,8%",III
34999,VULCAN 50,TRAPALCO S.A.,GLIFOSATO 50%,III
34988,SADDLER FS,ROTAM DE ARGENTINA AGROQUIMICA SRL,TIODICARB 35%,II
34982,CHECK MATE CM XL,NASTIA S.R.L.,"(E,E)8,10-DODECADIENOL 17,5%",IV
34980,RANMAN SC 40%,ISK ARGENTINA BRANCH,CIAZOFAMID 40%,III
34979,"ESPACIAL 0,5 P",REOPEN S A,"CIPERMETRINA ,5%",III
34975,REPELENTE NTP,NITRAP SOCIEDAD DE RESPONSABILIDAD LIMITADA,TIRAM 5%,III
34974,CLOROTALONIL BIESTERFELD,BIESTERFELD ARGENTINA SOCIEDAD ANONIMA,CLOROTALONIL 50%,III
34972,RANCONA DIMENSION,UPL ARGENTINA S. A.,"IPCONAZOLE 2,5%, METALAXIL 2%",III
34971,REGULUX SL,LUXEMBOURG INDUSTRIES LTD,ACIDO FOSFORICO 25%,III
34970,MULTIPLICAR 3 FS,COMPAÑIA DE INSUMOS Y GRANOS S A,DIFENOCONAZOLE 3%,III
34969,MULTIPLICAR 25,COMPAÑIA DE INSUMOS Y GRANOS S A,DIFENOCONAZOLE 25%,III
34967,SENSOR 50,FALCROP S. A.,CARBENDAZIM 50%,III
34966,ARSENAL FORESTAL DF,BASF AGRICULTURAL SOLUTIONS ARGENTINA S.A.,IMAZAPIR 80%,III
34965,CEREALERO TC,GLEBA S A,"CARBENDAZIM 15%, TIRAM 15%",III
34960,MAPUCHE 35,HELM ARGENTINA S. R. L.,IMIDACLOPRID 35%,III
34957,"2,4D AMINA ICONA SL",UPL ARGENTINA S. A.,"2,4 D 58,4%",II
34956,CARBENDAZIM BIESTERFELD,BIESTERFELD ARGENTINA SOCIEDAD ANONIMA,CARBENDAZIM 50%,III
34955,ABAMECTINA AGRO,ASOCIACION DE COOPERATIVAS ARGENTINAS - COOP. LTDA.,"ABAMECTINA 1,8%",II
34954,PUNTO 70 WP,GLEBA S A,IMIDACLOPRID 70%,II
34953,GUAPO,ADN AGRO S.A.,IMIDACLOPRID 60%,III
34948,EXET,NOVA S. A. U.,ACEITE DE SOJA 85%,IV
34947,HORMIFAV S,DOMIAGRO S.A.,"SULFLURAMIDA ,3%",III
34946,TERRA 90 AGM,AGM ARGENTINA S. A.,ATRAZINA 90%,III
34945,GLIFOWEED SUPER DVA,DVA AGRO GMBH S.E.E.,"GLIFOSATO 75,7%",III
34938,INTERFIELD,BASF AGRICULTURAL SOLUTIONS ARGENTINA S.A.,"IMAZAPIR 17,5%, IMAZETAPIR 52,5%",III
34928,PANZER GOLD,CORTEVA AGRISCIENCE ARGENTINA SRL,"GLIFOSATO 60,8%",IV
34927,COADYUVANTE eneDOS,LABORATORIOS ARBO S.R.L.,ALQUIL ARIL POLIGLICOL ETER 50%,IV
34926,SUPER ESTRELLA II,ASOCIACION DE COOPERATIVAS ARGENTINAS - COOP. LTDA.,"GLIFOSATO 66,2%",IV
34925,ARATIOMETIL 50,ARANAMI INDUSTRIAL S.A.,METIL TIOFANATO 50%,III
34923,DELBUX POLVO,POST COSECHA S R L,"DELTAMETRINA ,15%",II
34921,CAMPO FULL,ALIATS SRL,NONIL FENOL ETOXILADO 15%,III
34910,VEGETAL-OIL,SINER S A,ACEITE DE SOJA 93%,IV
34909,CUPERTINE M,BELART ALIDA MARCELA,"MANCOZEB 8%, SULFATO TETRACUPRICO TRICALCICO 74,1%",II
34908,CLEARSOL DF,BASF AGRICULTURAL SOLUTIONS ARGENTINA S.A.,IMAZAPIR 80%,III
34904,TEBUCONAZOLE INSUAGRO,INSUMOS AGROQUIMICOS SOCIEDAD ANONIMA,TEBUCONAZOLE 43%,III
34894,TRECKER,,"FLUTRIAFOL 12,5%",III
34892,"HEROQUAT 27,6",HELM ARGENTINA S. R. L.,"PARAQUAT DICLORURO 27,6%",II
34891,CITRUS,PETROLERA ARGENTINA LUBRIDIM COM E IND S R L,ACEITE MINERAL 84%,III
34890,MESTIZO,ATANOR SOCIEDAD EN COMANDITA POR ACCIONES,"2,4 D 13,7%, GLIFOSATO 32%",III
34888,BIOSULF,SERVICIOS ORGANICOS S.R.L.,POLISULFURO DE CALCIO 25%,II
34886,TOP GROUND,AGROFINA S A,"IMAZAPIC 52,5%, IMAZAPIR 17,5%",IV
34884,ONKOL,SUMMIT AGRO ARGENTINA S A,BENFURACARB 40%,II
34883,ENAZIN,CHEMOTECNICA S. A.,CARBENDAZIM 50%,IV
34882,ARADOR 86 SL,FALCROP S. A.,"2,4 D 86%",II
34879,LASH SP,ROTAM DE ARGENTINA AGROQUIMICA SRL,METOMIL 90%,Ib
34878,ROSULFURON 60 WP,ROTAM DE ARGENTINA AGROQUIMICA SRL,METSULFURON METIL 60%,III
34872,FOREMAN,,"PARAQUAT DICLORURO 27,6%",II
34871,MANCOZEB ADN,ADN AGRO S.A.,MANCOZEB 80%,III
34870,MATCH B,SYNGENTA AGRO SOCIEDAD ANONIMA,LUFENURON 5%,IV
34869,J.O - MAX PLUS,JO AGRO SRL,DODECIL BENCEN SULFONICO 35%,III
34868,ODIN SC,ROTAM DE ARGENTINA AGROQUIMICA SRL,TEBUCONAZOLE 43%,III
34859,ESKOBA MAX,SURCOS S.A.,"GLIFOSATO 75,7%",III
34856,AGRY-GENT PLUS,SUMMIT AGRO ARGENTINA S A,"CLORHIDRATO DE OXITETRACICLINA 30%, SULFATO DE GENTAMICINA 10%",IV
34855,CAMPOQUAT GOLD,CAMPO CROP S.A.,"PARAQUAT DICLORURO 27,6%",II
34853,CONNECT,AGRO BAYER S. R. L.,"BETA-CIFLUTRINA 1,25%, IMIDACLOPRID 10%",III
34850,RACE 20 SC,SUMMIT AGRO ARGENTINA S A,METOMINOSTROBIN 20%,II
34848,MANIAC,CAMPO CROP S.A.,IMAZAPIC 70%,III
34847,ACERO,AGROFINA S A,ACETAMIPRID 20%,II
34846,PRISMA,HELM ARGENTINA S. R. L.,DIFENOCONAZOLE 25%,III
34845,KATRIN,CAMPO CROP S.A.,IMAZAPIR 25%,III
34844,LAMBDA 5 HELM,HELM ARGENTINA S. R. L.,LAMBDA-CIALOTRINA 5%,II
34843,ARGENFRUT SUPREME,GULF OIL ARGENTINA S.A.,ACEITE MINERAL 86%,IV
34841,"2,4D AMINA ICONA 70 SL",UPL ARGENTINA S. A.,"2,4 D 84,3%",II
34839,METSULFURON SURCOS,SURCOS S.A.,METSULFURON METIL 60%,III
34831,CKC FLOW SYSTEMIC,LABORATORIOS C.K.C. ARGENTINA S.A.,"CARBENDAZIM 15%, TIRAM 15%",III
34828,IMIDA NOVA 60,NOVA S. A. U.,IMIDACLOPRID 60%,II
34827,IMIDA NOVA 35,NOVA S. A. U.,IMIDACLOPRID 35%,II
34821,TEBUCONAZOLE 43 BAC,BAC SCIENCES GROUP SA,TEBUCONAZOLE 43%,III
34820,PENTA INSECTICIDA,QUIMICA DEL NORTE S A,"CIPERMETRINA ,2%",IV
34815,EMERALD 23 ME,GOWAN ARGENTINA S.R.L.,TETRACONAZOLE 23%,III
34814,DICAMBA ICONA,UPL ARGENTINA S. A.,"DICAMBA 57,8%",III
34812,CIPERMETRINA 25 DUSHO,SURCROPS SRL,CIPERMETRINA 25%,II
34811,CIPERMETRINA MARKETING AGR COLA,MARKETING AGRICOLA S.R.L.,CIPERMETRINA 25%,II
34807,"ATANOR DICAMBA 57,8 SL",ATANOR SOCIEDAD EN COMANDITA POR ACCIONES,"DICAMBA 57,8%",III
34806,SPHERE MAX,AGRO BAYER S. R. L.,"CIPROCONAZOLE 16%, TRIFLOXISTROBIN 37,5%",III
34805,COAD IPE PLUS,AGROFINA S A,ALQUIL ARIL POLIGLICOL ETER 88%,III
34802,AXIAL,SYNGENTA AGRO SOCIEDAD ANONIMA,"CLOQUINTOCET MEXIL 1,25%, PINOXADEN 5%",IV
34801,EVOLUTION,AGRO BAYER S. R. L.,ISOXAFLUTOLE 48%,III
34798,DAARGUS NITRO 100,REOPEN S A,FENITROTION 100%,II
34794,ABAMEX,SUMITOMO CHEMICAL ARGENTINA S.A.,"ABAMECTINA 1,8%",IV
34791,KAMBA,SUMITOMO CHEMICAL ARGENTINA S.A.,"DICAMBA 57,71%",IV
34789,PUCARA,AGRO BAYER S. R. L.,"PROTIOCONAZOLE 25%, TEBUCONAZOLE 15%",III
34784,CROPSTAR 60 FS,AGRO BAYER S. R. L.,"IMIDACLOPRID 15%, TIODICARB 45%",II
34778,PRESTIGE 29 FS,BROMETAN S. R. L.,"IMIDACLOPRID 14%, PENCICURON 15%",II
34776,SPEEDWATER NG,SPEEDAGRO S.R.L.,ALQUIL ARIL POLIGLICOL ETER 9%,IV
34772,CASSIUS 35,RAINBOW AGROSCIENSES SA,IMIDACLOPRID 35%,II
34771,DICAMBA BLOCK,INSUMOS AGROQUIMICOS SOCIEDAD ANONIMA,"DICAMBA 57,8%",IV
34768,QUADRIS,SYNGENTA AGRO SOCIEDAD ANONIMA,AZOXISTROBINA 25%,III
34766,BARON,HELM ARGENTINA S. R. L.,"PARAQUAT DICLORURO 27,6%",II
34764,GLOSTER,ADN AGRO S.A.,"DIMETOATO 37,6%",II
34761,SCHOLAR 23 SC,SYNGENTA AGRO SOCIEDAD ANONIMA,FLUDIOXONIL 23%,IV
34755,LUTAR 48 EC,AGROFINA S A,BUTRALIN 48%,III
34748,FULL DOBLE,AGRO INVEST SRL,"CARBENDAZIM 30%, TIRAM 30%",II
34747,GLIFOSATO AGROCHOICE,ATANOR SOCIEDAD EN COMANDITA POR ACCIONES,GLIFOSATO 48%,III
34743,IMIZET ACA 10,ASOCIACION DE COOPERATIVAS ARGENTINAS - COOP. LTDA.,IMAZETAPIR 10%,III
34735,MASTERSEED,AGROFINA S A,"CARBENDAZIM 6%, DIFENOCONAZOLE 6%",III
34732,RIDOMIL GOLD 68 WG,SYNGENTA AGRO SOCIEDAD ANONIMA,"MANCOZEB 64%, METALAXIL -M 4%",IV
34728,ASPERFOL,FERTILIZAR IQ S R L,ALQUIL ARIL POLIGLICOL ETER 50%,IV
34727,CLATRATO BASF,BASF AGRICULTURAL SOLUTIONS ARGENTINA S.A.,ALCOHOL GRASO ETOXILADO 49%,III
34726,OL 48,AGROFINA S A,PROPANIL 48%,III
34724,CIPERMAX,BORCHES Y CIA S A,CIPERMETRINA 25%,II
34722,AURORA 40 CE,FMC QUIMICA S. A.,CARFENTRAZONE ETIL 40%,III
34721,EPINGLE,SUMITOMO CHEMICAL ARGENTINA S.A.,PIRIPROXIFEN 10%,IV
34720,TALIS,AGROFINA S A,FLUROCLORIDONA 25%,III
34717,SPEEDWET ANTIDERIVA NG,SPEEDAGRO S.R.L.,ALQUIL ARIL POLIGLICOL ETER 9%,IV
34716,SPEEDWET PLUS NG,SPEEDAGRO S.R.L.,ALQUIL ARIL POLIGLICOL ETER 15%,IV
34709,RIZOSPRAY SUPER,RIZOBACTER ARGENTINA S A,ALCOHOL GRASO ETOXILADO 3%,III
34708,DIFENOX 15,WASSINGTON SACIFEI,DIFENILAMINA 15%,III
34705,SALUZI 60 FS,ROTAM DE ARGENTINA AGROQUIMICA SRL,IMIDACLOPRID 60%,II
34704,ANERTION,ICOA S.A.,MALATION 3%,III
34698,SUPERPLUS 30 + 30,PALAVERSICH Y CIA S AC,"CARBENDAZIM 30%, TIRAM 30%",III
34697,CARBENDAZIM 50 ACTION,WECAN AGRO SA,CARBENDAZIM 50%,III
34695,IMAXI SC,ROTAM DE ARGENTINA AGROQUIMICA SRL,IMIDACLOPRID 35%,III
34692,ATRAZINA 50 ACA,ASOCIACION DE COOPERATIVAS ARGENTINAS - COOP. LTDA.,ATRAZINA 50%,III
34688,CAMPORYL 85 WP,PROCHEM BIO SA.,CARBARIL 85%,II
34687,ALLEATO,HELM ARGENTINA S. R. L.,FOSETIL ALUMINIO 80%,IV
34684,PHILABUSTER SC,GOLDAR DANIEL EDMUNDO,"IMAZALIL 20%, PIRIMETANIL 20%",II
34683,TACORA 43,GLEBA S A,TEBUCONAZOLE 43%,III
34681,DELTOX,LANTHER QUIMICA S. A.,"DELTAMETRINA 2,5%",II
34680,ATRACTION,WECAN AGRO SA,ATRAZINA 50%,III
34675,BELCOCEL,EASTMAN DE ARGENTINA SRL,CLOROMECUATO 75%,II
34671,DICAMBA 58 DVA,DVA AGRO GMBH S.E.E.,DICAMBA 58%,II
34668,PH CHEKER,GONZALEZ DEL PINO S.R.L.,ALQUIL ARIL POLIGLICOL ETER 10%,IV
34666,DOMBELL 48 SL,CIBELES ARGENTINA S.A.,"DICAMBA 57,8%",III
34663,UNIZEB,UPL ARGENTINA S. A.,MANCOZEB 80%,IV
34662,IMI-SEED,BORCHES Y CIA S A,IMIDACLOPRID 70%,II
34661,IMI-MAX,BORCHES Y CIA S A,IMIDACLOPRID 70%,II
34660,LIGIER COADYUVANTE FULL,BAHNSA S.A.,ALQUIL ARIL POLIGLICOL ETER 26%,III
34658,MANCOZEB 80 DVA,DVA AGRO GMBH S.E.E.,MANCOZEB 80%,II
34657,GLIFOSATO XINAN,REGISTROS AGROPECUARIOS SRL,GLIFOSATO 78%,III
34648,MALEVO,SYNGENTA AGRO SOCIEDAD ANONIMA,LAMBDA-CIALOTRINA 5%,II
34646,ATRABUM 50,ARANAMI INDUSTRIAL S.A.,ATRAZINA 50%,III
34642,STINGER,CORTEVA AGRISCIENCE ARGENTINA SRL,"CIPROCONAZOLE 8%, PICOXISTROBIN 20%",III
34639,Metalaxil-M MIRKA,AGROFINA S A,METALAXIL -M 35%,II
34634,MO.CUAT,CHEM.ECO ARGENTINA S.R.L.,ALQUIL ARIL POLIGLICOL ETER 50%,IV
34627,ICARUS EC,ROTAM DE ARGENTINA AGROQUIMICA SRL,TEBUCONAZOLE 25%,II
34626,ADAMA MASTERCOP,ADAMA ARGENTINA SOCIEDAD ANONIMA,"SULFATO DE COBRE PENTAHIDRATADO 21,4%",III
34625,ROSULFURON WG,ATANOR SOCIEDAD EN COMANDITA POR ACCIONES,METSULFURON METIL 60%,IV
34620,METSURAM WP,ROTAM DE ARGENTINA AGROQUIMICA SRL,METSULFURON METIL 60%,III
34618,ALLWET-HUMECTANTE-ADHERENTE-ANTIDERIVA-ANTIEVAPORANTE,QUIMADH SOCIEDAD DE RESPONSABILIDAD LIMITADA,"2,2′,2″- NITRILOTRIETANOL ALQUILARIL-SULFONATO LINEAL.ISÓMEROS DE MONOALQUIL HIDROXIBENCENO ETOXILADO 34%",IV
34610,ISOMATE C PLUS LL,AGRO ROCA S A,"(E,E)8,10-DODECADIENOL 88,67%",II
34606,LIPO PLUS 50,VTG SPECIALTY CHEMICALS S.A.,ALQUIL ARIL POLIGLICOL ETER 50%,IV
34605,SILERO,GONZALEZ DEL PINO S.R.L.,"CARBENDAZIM 10%, TIRAM 10%",III
34602,AGH-Humectante Adherente Antideriva Antievaporante,QUIMADH SOCIEDAD DE RESPONSABILIDAD LIMITADA,"2,2′,2″- NITRILOTRIETANOL ALQUILARIL-SULFONATO LINEAL.ISÓMEROS DE MONOALQUIL HIDROXIBENCENO ETOXILADO 34%",IV
34601,LASH 90,ROTAM DE ARGENTINA AGROQUIMICA SRL,METOMIL 90%,Ib
34600,ROMECTIN EC,ROTAM DE ARGENTINA AGROQUIMICA SRL,"ABAMECTINA 1,8%",II
34595,SPEEDWET SILICONADO NG,SPEEDAGRO S.R.L.,ALQUIL ARIL POLIGLICOL ETER 9%,IV
34594,SPEEDWET MAXION NG,SPEEDAGRO S.R.L.,ALQUIL ARIL POLIGLICOL ETER 15%,IV
34593,FOPER,AGROFINA S A,"DICLOFOP METIL 14,2%",III
34591,NEMASOL 51 SL,EASTMAN DE ARGENTINA SRL,METAN SODIO 51%,II
34589,METSULFURON METIL 60 DVA,DVA AGRO GMBH S.E.E.,METSULFURON METIL 60%,III
34588,DELTAMAX,BORCHES Y CIA S A,DELTAMETRINA 10%,II
34587,DELTA 10,LANTHER QUIMICA S. A.,DELTAMETRINA 10%,II
34579,KAYTINA,KAYKUN S.R.L.,"ABAMECTINA 1,8%",II
34570,SUPERWET IN,ILARI DANIEL CARLOS,"ALQUIL ARIL POLIGLICOL ETER 20,5%",IV
34569,ACETOCLOR PLUS LA TIJERETA,AGRO BAYER S. R. L.,ACETOCLOR 84%,II
34568,PALAVERSICH TZ,PALAVERSICH Y CIA S AC,TEBUCONAZOLE 6%,III
34567,MCPA 28,SUMITOMO CHEMICAL ARGENTINA S.A.,M.C.P.A. 28%,III
34561,BELLIS,BASF AGRICULTURAL SOLUTIONS ARGENTINA S.A.,"BOSCALID 25,2%, PIRACLOSTROBIN 12,8%",II
34560,BARRENO,GONZALEZ DEL PINO S.R.L.,ALQUIL ARIL POLIGLICOL ETER 35%,III
34558,ARADIM-EC,ARANAMI INDUSTRIAL S.A.,"DIMETOATO 37,6%",II
34557,CAMPOMAX AD,POTENCIAL QUIMICA S.A.,ALQUIL ARIL POLIGLICOL ETER 30%,IV
34556,BETTER CURASEMILLAS,FRAGARIA S.A.,"CARBENDAZIM 15%, TIRAM 35%",III
34555,DAARGUS THI-CARB,REOPEN S A,TIRAM 10%,III
34554,ENGEO S,SYNGENTA AGRO SOCIEDAD ANONIMA,"LAMBDA-CIALOTRINA 10,6%, TIAMETOXAM 14,1%",II
34548,"2,4D PLUS ZAMBA",COFCO INTERNATIONAL ARGENTINA S.A.,"2,4 D 80,4%",II
34546,CARBENDAZIM LQ 50,LANTHER QUIMICA S. A.,CARBENDAZIM 50%,III
34545,HAMET,ATANOR SOCIEDAD EN COMANDITA POR ACCIONES,ACETOCLOR 90%,II
34543,TIFFON,GONZALEZ DEL PINO S.R.L.,ALQUIL ARIL POLIGLICOL ETER 10%,IV
34542,BOYERO 43,INDUAGRO SRL,TEBUCONAZOLE 43%,III
34531,ATRAZINA DAARGUS,REOPEN S A,ATRAZINA 50%,III
34529,PUMA EXTRA,AGRO BAYER S. R. L.,"FENOXAPROP-P ETIL 6,9%, MEFENPIR DIETIL 7,5%",III
34523,ADAMA ESSENTIALS SEIZER,ADAMA ARGENTINA SOCIEDAD ANONIMA,BIFENTRIN 10%,II
34522,ATRAZINA 50 YERCO,YERCO S A,ATRAZINA 50%,III
34519,GARANTE FULL,FALCROP S. A.,"GLIFOSATO 64,8%",IV
34518,AGROSPRAY FULL CONTROL,ARROWWS ARGENTINA S. R. L.,"ALQUIL ARIL POLIGLICOL ETER 15,5%",III
34517,DAARGUSTOATO,REOPEN S A,DIMETOATO 40%,II
34516,CARBENDAZIM INSUAGRO,AGRI STAR S. A.,CARBENDAZIM 50%,IV
34515,"DICAMBA 57,8 SL FALCROP",FALCROP S. A.,"DICAMBA 57,8%",III
34513,HUAGRO-CIPER,HUAGRO S A,CIPERMETRINA 25%,II
34512,ACAPELA ONMIRA ACTIVE,CORTEVA AGRISCIENCE ARGENTINA SRL,PICOXISTROBIN 25%,IV
34511,RODAZIM SC,ROTAM DE ARGENTINA AGROQUIMICA SRL,CARBENDAZIM 50%,III
34506,SEMBRAL PLUS,SEMBRADO SA,"CARBENDAZIM 25%, TIRAM 25%",III
34504,GLIFOSATO 48 DUSHO,SURCROPS SRL,IMAZETAPIR 48%,III
34503,ADAMA ESSENTIALS ARROW,ADAMA ARGENTINA SOCIEDAD ANONIMA,CLETODIM 24%,III
34502,ADAMA ESSENTIALS LAMDEX,ADAMA ARGENTINA SOCIEDAD ANONIMA,LAMBDA-CIALOTRINA 5%,II
34501,COAD 35,CUTHILL JUAN MARTIN,ALQUIL ARIL POLIGLICOL ETER 35%,IV
34499,HUAGRO BB TOX PLUS,HUAGRO S A,CARBARIL 8%,II
34496,CONSARG OIL,PRODINSA ARGENTINA S A,"CARBENDAZIM 25%, TIRAM 25%",III
34494,LUGER WG,,METSULFURON METIL 60%,IV
34492,ATRAZINA 50 DVA,DVA AGRO GMBH S.E.E.,ATRAZINA 50%,III
34491,HIDRO-CUP WG,BASF AGRICULTURAL SOLUTIONS ARGENTINA S.A.,"HIDROXIDO DE COBRE 76,8%",II
34483,PREVENT,FITOQUIMICA S.A.,TIRAM 20%,III
34482,CURASEMILLAS ENEDOS,LABORATORIOS ARBO S.R.L.,"CARBENDAZIM 18,75%, TIRAM 18,75%",III
34480,ELF PURESPRAY FOLIAR,TOTALENERGIES MARKETING ARGENTINA S. A.,ACEITE MINERAL PARAFINICO 85%,IV
34476,NATIVO,AGRO BAYER S. R. L.,"TEBUCONAZOLE 20%, TRIFLOXISTROBIN 10%",III
34475,PONCHO 60 FS,BASF AGRICULTURAL SOLUTIONS ARGENTINA S.A.,CLOTIANIDIN 60%,II
34470,COURA,TORT VALLS S.A.,OXICLORURO DE COBRE 84%,II
34467,ATILA,FORMULAGRO SOCIEDAD RESPONSABILIDAD LIMITADA,"GLIFOSATO 78,3%",III
34463,TEBUCO 43,PRODINSA ARGENTINA S A,TEBUCONAZOLE 43%,III
34459,TIMBAL,AGRI STAR S. A.,ZINEB 70%,III
34447,KENDO,SYNGENTA AGRO SOCIEDAD ANONIMA,LAMBDA-CIALOTRINA 5%,II
34446,ENTRUST,CORTEVA AGRISCIENCE ARGENTINA SRL,SPINOSAD 80%,IV
34445,BUCANER 6 FS VERTISOLES,VERTISOLES S.R.L,TEBUCONAZOLE 6%,III
34444,AGROTEC TA 50,MARKETING AGRICOLA S.R.L.,NONIL FENOL ETOXILADO 50%,III
34435,TRIGAL 43 SC,CHEMOTECNICA S. A.,TEBUCONAZOLE 43%,III
34434,ECO RIZOSPRAY,RIZOBACTER ARGENTINA S A,ALCOHOL GRASO ETOXILADO 48%,III
34428,TWIST 50 SC,AGRO BAYER S. R. L.,TRIFLOXISTROBIN 50%,IV
34426,VINCIT 5,FMC QUIMICA S. A.,FLUTRIAFOL 5%,III
34419,ACARAMIK EC,ROTAM DE ARGENTINA AGROQUIMICA SRL,"ABAMECTINA 1,8%",II
34418,PREVENT 40,DASTOM INDUSTRIAS QUIMICAS S A,TRIBROMOFENOL 40%,II
34414,ARACONAZOL 43 SC,ARANAMI S.A.,TEBUCONAZOLE 43%,III
34413,ENVIDOR,BROMETAN S. R. L.,SPIRODICLOFEN 24%,III
34412,PRINCE,FALCROP S. A.,GLIFOSATO 48%,IV
34411,DICAMBA ZAMBA,COFCO INTERNATIONAL ARGENTINA S.A.,"DICAMBA 57,8%",III
34404,VIGIA,PROQUIMUR SA,"ABAMECTINA 1,8%",III
34403,MICROTHIOL DISPERSS,UPL ARGENTINA S. A.,AZUFRE 80%,III
34401,CERICA,S ANDO Y CIA SACIIF,"CAPTAN 3,36%, METIL TIOFANATO 2,94%, TOLCLOFOS METIL 2,1%",III
34400,GARDNER,AGROFINA S A,DIFENOCONAZOLE 25%,III
34399,MADERIN,MADERSOL S A,CIPERMETRINA 2%,III
34397,VANTAL FORTE,FMC QUIMICA S. A.,"ABAMECTINA 3,6%",II
34396,PANTERA 12%,UPL ARGENTINA S. A.,QUIZALOFOP-P TEFURIL 12%,III
34392,TIRAM NOVA 36,NOVA S. A. U.,TIRAM 36%,III
34388,DEVAP PREMIUM,FARMCHEM SA,"DELTAMETRINA 2,5%",II
34387,WOLMAN E,ARXADA ARGENTINA S.A.,"CARBONATO BASICO DE COBRE 19,03%, TEBUCONAZOLE ,44%",II
34383,TEBUCONAZOLE 43 DVA,DVA AGRO GMBH S.E.E.,TEBUCONAZOLE 43%,III
34382,DRC,TOTALENERGIES MARKETING ARGENTINA S. A.,ACEITE MINERAL 85%,IV
34381,ALETOL,AGROFINA S A,DIFENOCONAZOLE 6%,III
34375,CLARON,CAMPO CROP S.A.,"CIALOFOP BUTIL 18%, CIALOFOP-BUTIL 18%",III
34373,CURASEMILLAS COMPAT NITRASOIL,KOPPERT ARGENTINA S. A.,"CARBENDAZIM 12,5%, TIRAM 12,5%",III
34371,AMISTAR TOP,SYNGENTA AGRO SOCIEDAD ANONIMA,"AZOXISTROBINA 20%, DIFENOCONAZOLE 12,5%",III
34367,NUFARM BUTOXONE E,SUMITOMO CHEMICAL ARGENTINA S.A.,"2,4-DB 93,1%",II
34366,TS 34 -HUMECTANTE-ADHERENTE-ANTIDERIVA-ANTIEVAPORANTE,QUIMADH SOCIEDAD DE RESPONSABILIDAD LIMITADA,"2,2′,2″- NITRILOTRIETANOL ALQUILARIL-SULFONATO LINEAL.ISÓMEROS DE MONOALQUIL HIDROXIBENCENO ETOXILADO 34%",IV
34365,ESTRELLA AURUM,ASOCIACION DE COOPERATIVAS ARGENTINAS - COOP. LTDA.,"GLIFOSATO 64,7%",IV
34364,QUILT,SYNGENTA AGRO SOCIEDAD ANONIMA,"AZOXISTROBINA 7,5%, PROPICONAZOLE 12,5%",II
34362,MATA BIBOS ACAY,ACAY AGRO SA,CARBARIL 8%,III
34360,CIPERFAV 25,F A V S. A.,CIPERMETRINA 25%,II
34358,N-FIXER FULL,FRAGARIA S.A.,"CARBENDAZIM 14,7%, TIRAM 10%",III
34354,CELEST,SYNGENTA AGRO SOCIEDAD ANONIMA,FLUDIOXONIL 10%,III
34353,BIO RYANIA,,"RIANODINA ,09%",III
34349,VETRA,PROQUIMUR SA,ATRAZINA 50%,III
34348,OL,AGROFINA S A,PROPANIL 36%,II
34347,SERENADE WP,AGRO BAYER S. R. L.,BACILLUS SUBTILIS 10%,IV
34345,GEM,SYNGENTA AGRO SOCIEDAD ANONIMA,"DIFENOCONAZOLE 25%, PROPICONAZOLE 25%",III
34343,OXI-CUP WP,A R V SA,OXICLORURO DE COBRE 84%,II
34342,HALO CIDE NATURAL CONC.,PLUSCHEMIE SA,"CIPERMETRINA ,8%",III
34340,GIBERELINA KA L QUIDO,S ANDO Y CIA SACIIF,ACIDO GIBERELICO 4%,IV
34339,LISI,AGROFINA S A,QUINCLORAC 25%,III
34337,ECTRAN,AGROFINA S A,BISPIRIBAC SODIO 40%,III
34335,NOSTOC,AGROFINA S A,NICOSULFURON 75%,III
34331,KIFIX,BASF AGRICULTURAL SOLUTIONS ARGENTINA S.A.,"IMAZAPIC 17,5%, IMAZAPIR 52,5%",II
34325,DRV,TOTALENERGIES MARKETING ARGENTINA S. A.,ACEITE MINERAL 85%,IV
34324,DRI,TOTALENERGIES MARKETING ARGENTINA S. A.,ACEITE MINERAL 85%,IV
34322,ROTOR,AGROFINA S A,TRIADIMEFON 50%,II
34320,MOSPILAN ST,SUMMIT AGRO ARGENTINA S A,ACETAMIPRID 70%,II
34319,FINESSE,FMC QUIMICA S. A.,"CLORSULFURON 62,5%, METSULFURON METIL 12,5%",IV
34316,MANCOZEB 80,SUMITOMO CHEMICAL ARGENTINA S.A.,MANCOZEB 80%,III
34315,ZERO,GLEBA S A,LAMBDA-CIALOTRINA 5%,II
34309,TRIGALGO,CHEMOTECNICA S. A.,TEBUCONAZOLE 6%,IV
34302,DYNASTY CST SEMILLERO,SYNGENTA AGRO SOCIEDAD ANONIMA,"AZOXISTROBINA 7,5%, FLUDIOXONIL 1,25%, METALAXIL -M 3,75%",III
34301,APRON MAXX RFC,SYNGENTA AGRO SOCIEDAD ANONIMA,"FLUDIOXONIL 2,5%, METALAXIL -M 3,75%",IV
34300,COBRE ESTABLE SL,ECOAGRO GASPAR S. A. S.,"SULFATO DE COBRE PENTAHIDRATADO 29,05%",III
34296,"IMPACT 12,5",FMC QUIMICA S. A.,"FLUTRIAFOL 12,5%",III
34295,TELDOR 50 WP,AGRO BAYER S. R. L.,FENHEXAMID 50%,III
34288,MAXIGLIF,REOPEN S A,GLIFOSATO 48%,III
34286,RAINSET,RAINBOW AGROSCIENSES SA,MANCOZEB 80%,II
34281,"FACILY 1,8",VERTISOLES S.R.L,"ABAMECTINA 1,8%",II
34280,HYDRALENE AGK,WASSINGTON SACIFEI,OLEATO DE POTASIO 48%,III
34279,HIDROXISUPER,TORT VALLS S.A.,HIDROXIDO DE COBRE 77%,II
34274,TWISTER RAIN,AGROSS S.R.L.,"NONIL FENOL ETOXILADO 31,5%",IV
34271,LX-CONTROL,AGROSS S.R.L.,"NONIL FENOL ETOXILADO 31,5%",IV
34269,BENOMIL 50 DVA,DVA AGRO GMBH S.E.E.,BENOMIL 50%,II
34267,TERSUAVE LISTO PARA USAR,DISAL S. A.,"CIPERMETRINA ,2%, T.C.M.T.B. ,4%",III
34266,TERSUAVE CONCENTRADO,DISAL S. A.,"CIPERMETRINA ,8%, T.C.M.T.B. 1,6%",III
34264,CONTROLER,ENRIQUE M BAYA CASAL S. A.,GLIFOSATO 48%,III
34260,BUCANER 43 VERTISOLES,VERTISOLES S.R.L,TEBUCONAZOLE 43%,III
34258,ARMETIL COBRE,BELART ALIDA MARCELA,"METALAXIL 8%, OXICLORURO DE COBRE 67,2%",III
34254,"2,4D ESTER BIESTERFELD",BIESTERFELD ARGENTINA SOCIEDAD ANONIMA,"2,4 D 100%",II
34253,"2,4D AMINA BIESTERFELD",BIESTERFELD ARGENTINA SOCIEDAD ANONIMA,"2,4 D 60,2%",II
34252,TRIGAL,CHEMOTECNICA S. A.,TEBUCONAZOLE 25%,III
34251,FLIPPER,CORTEVA AGRISCIENCE ARGENTINA SRL,"SPINOSAD ,024%",IV
34250,PELICAN,FMC QUIMICA S. A.,DIFLUFENICAN 50%,IV
34248,RICER,CORTEVA AGRISCIENCE ARGENTINA SRL,PENOXULAM 24%,IV
34246,PICLORAM 24 CAMPO,PROCHEM BIO SA.,"PICLORAM 27,8%",IV
34245,SULFA MIREX-S,HUAGRO S A,"SULFLURAMIDA ,3%",III
34243,INDUCARB 50,INDUAGRO SRL,CARBENDAZIM 50%,III
34241,FULL ADYUVANT,SERV - QUIM S.A.,NONIL FENOL ETOXILADO 19%,III
34237,SOWER MAX,FARMCHEM SA,"DINICONAZOLE 1,2%, TIRAM 27%",III
34234,PROTECTOR,NUTRIEN AG SOLUTIONS ARGENTINA S. A.,"CARBENDAZIM 10%, TIRAM 10%",III
34233,AZIMUT,FMC QUIMICA S. A.,FOSETIL ALUMINIO 80%,III
34231,KEEP,AGROSS S.R.L.,"NONIL FENOL ETOXILADO 31,5%",IV
34230,VIRA RED,AGROSS S.R.L.,"NONIL FENOL ETOXILADO 31,5%",IV
34229,MAGIC POWER,AGROSS S.R.L.,"NONIL FENOL ETOXILADO 31,5%",IV
34228,RECAMBA,UPL ARGENTINA S. A.,"DICAMBA 57,8%",III
34224,CARBENDAZIM 50 MIRKA,FRAGARIA S.A.,CARBENDAZIM 50%,III
34222,FIDEMAX CARBENDAZIM + THIRAM,AGRICULTORES FEDERADOS ARGENTINOS SOC COOP LTDA,"CARBENDAZIM 15%, TIRAM 35%",III
34219,POTENT-K,AON SILVIA CRISTINA,"NONIL FENOL ETOXILADO 31,5%",IV
34218,CALDO BORDELES VALLES,BELART ALIDA MARCELA,"SULFATO TETRACUPRICO TRICALCICO 78,43%",III
34217,"ABAMECTIN 1,8 EC",DVA AGRO GMBH S.E.E.,"ABAMECTINA 1,8%",II
34215,MOHOCIDA,GLEBA S A,TIRAM 50%,II
34213,CARBENDAZIM 50 FORMULAGRO,FORMULAGRO SOCIEDAD RESPONSABILIDAD LIMITADA,CARBENDAZIM 50%,III
34211,EXTRA TACKLE,COMPAÑIA ASCARISCER S.A.,"DELTAMETRINA 2,5%",II
34210,DELBUX,POST COSECHA S R L,"DELTAMETRINA 2,5%",III
34209,CURASEMILLAS DOBLE,FITOQUIMICA S.A.,"CARBENDAZIM 10%, TIRAM 10%",III
34206,ASI MAX 50,CHEMOTECNICA S. A.,"2,4 D 60,2%",II
34202,NUFURON,SUMITOMO CHEMICAL ARGENTINA S.A.,METSULFURON METIL 60%,IV
34200,CERKO,NUTRIEN AG SOLUTIONS ARGENTINA S. A.,MANCOZEB 80%,III
34187,APRON GOLD SEMILLERO,SYNGENTA AGRO SOCIEDAD ANONIMA,METALAXIL -M 35%,II
34186,TICARB 10 + 10 AGM,AGM ARGENTINA S. A.,"CARBENDAZIM 10%, TIRAM 10%",III
34185,IPERLATE,AGROFINA S A,BENOMIL 50%,III
34179,DAARGUSCIPER,REOPEN S A,CIPERMETRINA 25%,II
34173,ATRAZINA PRODINSA,PRODINSA ARGENTINA S A,ATRAZINA 50%,III
34170,ABRIDOR,AGROFINA S A,TIDIAZURON 50%,III
34166,DOMARK 10,GOWAN ARGENTINA S.R.L.,TETRACONAZOLE 10%,II
34165,LOSPEL,GOWAN ARGENTINA S.R.L.,"TETRACONAZOLE 12,5%",III
34164,CURASEMILLAS LQ CONCENTRADO,LANTHER QUIMICA S. A.,"CARBENDAZIM 25%, TIRAM 25%",III
34163,"SWITCH 62,5 WG",SYNGENTA AGRO SOCIEDAD ANONIMA,"CIPRODINIL 37,5%, FLUDIOXONIL 25%",III
34161,F-GAS,FOSFOQUIM ARGENTINA S.R.L.,FOSFINA 97%,Ia
34159,NIMBUS,SYNGENTA AGRO SOCIEDAD ANONIMA,"ACEITE MINERAL PARAFINICO 42,8%",III
34155,PRODINPLUS,PRODINSA ARGENTINA S A,NONIL FENOL ETOXILADO 36%,III
34154,DAARGUSCARBEN,REOPEN S A,CARBENDAZIM 50%,III
34153,IMIDAN 70,BROMETAN S. R. L.,FOSMET 70%,II
34152,FUNGAFLOR 75 SP,GOLDAR DANIEL EDMUNDO,IMAZALIL 100%,II
34150,ROUNDUP FULL II,AGRO BAYER S. R. L.,"GLIFOSATO 66,2%",IV
34147,VENIER EXTERIOR LISTO PARA USAR,PRODUCTOS VENIER S A,"CIPERMETRINA ,2%, T.C.M.T.B. ,4%",III
34145,TRICIDE EM,HIDRUM TECNOLOGIA QUIMICA SRL,T.C.M.T.B. 30%,II
34131,FULLMIK,LABORATORIO SAN PABLO PRODUCTOS BIOLOGICOS S.R.L.,"CARBENDAZIM 10%, TIRAM 10%",III
34130,AFFINITY,FMC QUIMICA S. A.,CARFENTRAZONE ETIL 40%,III
34124,OXI-CUP WG,A R V SA,OXICLORURO DE COBRE 85%,II
34116,CHOICE,NUTRIEN AG SOLUTIONS ARGENTINA S. A.,SULFATO DE AMONIO 5%,IV
34114,MAZORCA,CHEMOTECNICA S. A.,ATRAZINA 50%,III
34113,ADAMA ESSENTIALS TERBUTREX 80 WG,ADAMA ARGENTINA SOCIEDAD ANONIMA,TERBUTRINA 80%,II
34109,OPTIMIZER,AGRO BAYER S. R. L.,"ESTERES METILICOS DE ACIDOS GRASOS DE ACEITE DE SOJA 76,5%, ESTERES METILICOS DE ACIDOS GRASOS DE ACEITE VEGETAL 76,5%",IV
34105,CURASEMILLA PALAVERSICH SUPER FORTE,PALAVERSICH Y CIA S AC,"CARBENDAZIM 10%, TIRAM 10%",III
34101,CURAZIM,POTENCIAL QUIMICA S.A.,"CARBENDAZIM 25%, TIRAM 25%",III
34099,BOND,NUTRIEN AG SOLUTIONS ARGENTINA S. A.,ALCOHOL GRASO ETOXILADO 10%,IV
34098,TACTIC,NUTRIEN AG SOLUTIONS ARGENTINA S. A.,ALCOHOL GRASO ETOXILADO 10%,IV
34097,ACTIVATOR,BIOTYS S.A.,"ALCOHOL GRASO ETOXILADO 58,5%",III
34085,"2,4D AMINA AGM",AGM ARGENTINA S. A.,"2,4 D 60%",II
34083,DECIS FLOW 20 SC,AGRO BAYER S. R. L.,DELTAMETRINA 20%,IV
34082,DICAMAX ACA 58,ASOCIACION DE COOPERATIVAS ARGENTINAS - COOP. LTDA.,DICAMBA 58%,III
34080,TANNER WOOD CCAc,TEFQUIM S.A.,ARSENIATO DE COBRE CROMATADO 60%,II
34074,WINER,AON SILVIA CRISTINA,"NONIL FENOL ETOXILADO 31,5%",III
34071,TENSIOWETT,SINER S A,NONIL FENOL ETOXILADO 40%,III
34067,CYPER 25 CH,,CIPERMETRINA 25%,II
34065,CUPRAFOR,NUTRIEN AG SOLUTIONS ARGENTINA S. A.,OXICLORURO DE COBRE 84%,II
34058,ECHO 72 SC,SIPCAM ARGENTINA S.R.L.,CLOROTALONIL 72%,III
34057,"2,4D AMINA DVA",DVA AGRO GMBH S.E.E.,"2,4 D 60%",II
34051,I. CURAFRUTAL LV,YPF SOCIEDAD ANONIMA,"ACEITE MINERAL 83,03%",IV
34050,I. CURAFRUTAL HV,YPF SOCIEDAD ANONIMA,"ACEITE MINERAL 83,23%",IV
34049,PRODUCE,SYNGENTA AGRO SOCIEDAD ANONIMA,S-METOLACLORO 96%,III
34048,NOVEL,SYNGENTA AGRO SOCIEDAD ANONIMA,PROPICONAZOLE 25%,III
34045,KRYNN DUO,ATANOR SOCIEDAD EN COMANDITA POR ACCIONES,"2,4 D 80,4%",II
34043,ATRASEM 50,SEMBRADO SA,ATRAZINA 50%,IV
34038,ITALTERB,SIPCAM ARGENTINA S.R.L.,TERBUTILAZINA 75%,III
34036,ANTIDERIVA J.O - MAX,JO AGRO SRL,DODECIL BENCEN SULFONICO 23%,III
34035,CURASEMILLAS MIRKA,FRAGARIA S.A.,"CARBENDAZIM 10%, TIRAM 10%",III
34031,ARAZINA 50,ARANAMI S.A.,ATRAZINA 50%,III
34029,DAARGUS ATRAZINA,REOPEN S A,ATRAZINA 50%,III
34028,SNIPER,AGRO BAYER S. R. L.,"GLIFOSATO 58,8%",IV
34019,TOLAN,AGROFINA S A,"DICAMBA 57,8%",III
34018,ARMETIL M,BELART ALIDA MARCELA,"MANCOZEB 64%, METALAXIL 8%",III
34016,QUINTEC,S ANDO Y CIA SACIIF,QUINOXIFEN 25%,III
34015,EXTRAZIN,SIPCAM ARGENTINA S.R.L.,"ATRAZINA 45%, SIMAZINA 45%",II
34014,CARBENDAZIM 50 ACA,ASOCIACION DE COOPERATIVAS ARGENTINAS - COOP. LTDA.,CARBENDAZIM 50%,III
34013,ATRAZINA 50 AGM,AGM ARGENTINA S. A.,ATRAZINA 50%,IV
34012,SIMANEX 90 WG,ADAMA ARGENTINA SOCIEDAD ANONIMA,SIMAZINA 90%,III
34011,AMISTAR XTRA,SYNGENTA AGRO SOCIEDAD ANONIMA,"AZOXISTROBINA 20%, CIPROCONAZOLE 8%",II
34010,FLORANE ACA 25,ASOCIACION DE COOPERATIVAS ARGENTINAS - COOP. LTDA.,FLUROCLORIDONA 25%,III
34008,GENIUS,SIPCAM ARGENTINA S.R.L.,ATRAZINA 90%,III
34007,SIPCAZIN,SIPCAM ARGENTINA S.R.L.,SIMAZINA 90%,III
34006,VONDOZEB,UPL ARGENTINA S. A.,MANCOZEB 80%,IV
34002,FLOSIL,AMAGGI ARGENTINA S.A.,"FOMESAFEN 26,25%",III
33988,CARBENDAZIM 50 NITRAP,NITRAP SOCIEDAD DE RESPONSABILIDAD LIMITADA,CARBENDAZIM 50%,III
33983,C. NEW CH-COA,YPF SOCIEDAD ANONIMA,"ACEITE MINERAL 79,89%",IV
33982,I. NEW CH-CFI,YPF SOCIEDAD ANONIMA,"ACEITE MINERAL 83,23%",IV
33977,ATRAZINA BIESTERFELD,BIESTERFELD ARGENTINA SOCIEDAD ANONIMA,ATRAZINA 50%,III
33976,CIPERMETRINA ACA,ASOCIACION DE COOPERATIVAS ARGENTINAS - COOP. LTDA.,CIPERMETRINA 25%,II
33973,ABAMECTINA GLEBA,GLEBA S A,"ABAMECTINA 1,8%",II
33967,FLINT 50 WG,AGRO BAYER S. R. L.,TRIFLOXISTROBIN 50%,III
33966,BROM-O-GAS 100,BENOC ARGENTINA S R L,"BROMURO DE METILO 98,8%",Ia
33965,XENOR,AGROFINA S A,TRIADIMEFON 50%,II
33961,BAUNDAP PREMIUM,PROCHEM BIO SA.,GLIFOSATO 78%,III
33960,BAUNDAP FG,PROCHEM BIO SA.,GLIFOSATO 78%,III
33953,MEXTROL,SUMITOMO CHEMICAL ARGENTINA S.A.,"BROMOXINIL 34,2%",II
33950,ADAMA ESSENTIALS ATRANEX 90 WG,ADAMA ARGENTINA SOCIEDAD ANONIMA,ATRAZINA 90%,IV
33947,DESAB TC CURASEMILLAS,DESAB SA,"CARBENDAZIM 25%, TIRAM 25%",III
33941,CALLISTO,SYNGENTA AGRO SOCIEDAD ANONIMA,MESOTRIONE 48%,IV
33937,NITRAP TC CURASEMILLAS,NITRAP SOCIEDAD DE RESPONSABILIDAD LIMITADA,"CARBENDAZIM 25%, TIRAM 25%",III
33936,SMARTFRESH-TM TECHNOLOGY,AGROFRESH ARGENTINA S.R.L.,"METIL CICLOPROPENO 3,3%",IV
33935,CARPOVIRUSINE,UPL ARGENTINA S. A.,CYDIA POMONELLA GRANULOVIRUS 25%,IV
33932,OPERA,BASF AGRICULTURAL SOLUTIONS ARGENTINA S.A.,"EPOXICONAZOLE 5%, PIRACLOSTROBIN 13,3%",II
33931,ADAMA ESSENTIALS AMETREX 80 WG,ADAMA ARGENTINA SOCIEDAD ANONIMA,AMETRINA 80%,III
33930,TOPSIN 70 PM,SUMMIT AGRO ARGENTINA S A,METIL TIOFANATO 70%,II
33924,CARBENDAZIM 50 SINER,SINER S A,CARBENDAZIM 50%,III
33923,GERMITAN GRANERO,FORMULAGRO SOCIEDAD RESPONSABILIDAD LIMITADA,"CARBENDAZIM 12,5%, TIRAM 12,5%",III
33922,FLOW SYSTEMIC GRANERO,FORMULAGRO SOCIEDAD RESPONSABILIDAD LIMITADA,"CARBENDAZIM 12,5%, TIRAM 12,5%",III
33921,GESAPRIM 50 FW A,SYNGENTA AGRO SOCIEDAD ANONIMA,ATRAZINA 50%,III
33918,CURASEMILLAS PALAVERSICH SUPERPLUS,PALAVERSICH Y CIA S AC,"CARBENDAZIM 12,5%, TIRAM 12,5%",III
33916,CADDET,GULF OIL ARGENTINA S.A.,ACEITE MINERAL 86%,IV
33914,DITHANE NT,UPL ARGENTINA S. A.,MANCOZEB 80%,IV
33913,RITIRAM CARB PLUS,RIZOBACTER ARGENTINA S A,"CARBENDAZIM 15%, TIRAM 35%",II
33912,AKBAR 30 WP,AGROFINA S A,PROPARGITE 30%,III
33910,ARACIPER 25,ARANAMI INDUSTRIAL S.A.,CIPERMETRINA 25%,II
33909,FIGHTER PLUS,FMC QUIMICA S. A.,GAMMA-CIALOTRINA 15%,III
33906,HUAGRO BABOTOX,HUAGRO S A,METALDEHIDO 4%,III
33904,"2,4D AMINA ZAMBA",COFCO INTERNATIONAL ARGENTINA S.A.,"2,4 D 58,4%",III
33899,CAMPOMAX S,POTENCIAL QUIMICA S.A.,ALQUIL ARIL POLIGLICOL ETER 10%,III
33896,TOPSEED,SUMMIT AGRO ARGENTINA S A,"METIL TIOFANATO 10%, TIRAM 24%",III
33889,LUTAR 36 EC,AGROFINA S A,BUTRALIN 36%,III
33888,BROTAL GOLD,AGROFINA S A,"FLUMETRALIN 12,5%",III
33886,CHECK MATE OFM-F,NASTIA S.R.L.,"(Z)/(E)-8-DODECENIL ACETATO 23,6%",IV
33885,CHECK MATE CM-F,NASTIA S.R.L.,"(E,E)8,10-DODECADIENOL 14,3%",IV
33884,FINN,BINKA SA,"BRODIFACOUM ,005%",IV
33883,ECO TREAT,AGRIMARKETING SA,ACEITE DE SOJA 86%,IV
33882,ARACARB 50,ARANAMI INDUSTRIAL S.A.,CARBENDAZIM 50%,III
33881,GLYFOGEN,BORCHES Y CIA S A,GLIFOSATO 48%,III
33879,OXICLORURO 84 SALDECO,SIPSACHEM SA,OXICLORURO DE COBRE 84%,II
33872,CIBUS M,ACAY AGRO SA,METALDEHIDO 4%,IV
33869,ARCHER PLUS,FMC QUIMICA S. A.,GAMMA-CIALOTRINA 15%,III
33868,BACTHUR LIQUIDO,S ANDO Y CIA SACIIF,BACILLUS THURINGIENSIS 4%,IV
33864,CURASEMILLAS NOVA,NOVA S. A. U.,"CARBENDAZIM 10%, TIRAM 10%",III
33861,MIFOS,CHEMOTECNICA S. A.,GLIFOSATO 48%,IV
33860,PRODINCARB 50,PRODINSA ARGENTINA S A,CARBENDAZIM 50%,III
33859,CHESS 50 WG,SYNGENTA AGRO SOCIEDAD ANONIMA,PIMETROZINE 50%,IV
33856,SURROUND,AGRO ROCA S A,CAOLINITA 95%,IV
33853,CONFIDOR 70 WG,AGRO BAYER S. R. L.,IMIDACLOPRID 70%,II
33852,AURA,BASF AGRICULTURAL SOLUTIONS ARGENTINA S.A.,PROFOXIDIM 20%,IV
33846,COADYUVANTE NOMINEE,AGRO BAYER S. R. L.,"ALCOHOL GRASO ETOXILADO 99,7%",III
33845,NORDOX 75 WG,BROMETAN S. R. L.,"OXIDO CUPROSO 84,4%",III
33844,SIPCAPRIN,SIPCAM ARGENTINA S.R.L.,PROMETRINA 50%,III
33843,CIPERMETRINA LQ 25,LANTHER QUIMICA S. A.,CIPERMETRINA 25%,II
33839,SCOUT XTRA,NUTRIEN AG SOLUTIONS ARGENTINA S. A.,"ACIDO PROPIONICO 35%, ALCOHOL GRASO ETOXILADO 10%, LECITINA DE SOJA 35%",IV
33838,CALDO BORDELES FANAPROQUI,FARM CHEMICALS ARGENTINA S.R.L,"SULFATO DE COBRE PENTAHIDRATADO 50,36%",II
33837,NOXION,AGROFINA S A,METALAXIL -M 35%,II
33833,RALLY,CORTEVA AGRISCIENCE ARGENTINA SRL,MICLOBUTANIL 25%,II
33832,RUTEL,AGROFINA S A,METALAXIL -M 35%,II
33816,VITAVAX FLO-SEMILLERO,UPL ARGENTINA S. A.,"CARBOXIN 20%, TIRAM 20%",IV
33810,ATRAGLEX,GLEBA S A,ATRAZINA 50%,III
33809,FLOWSAN FS,EASTMAN DE ARGENTINA SRL,"TIRAM 53,3%",II
33808,HALO CIDE NATURAL,PLUSCHEMIE SA,"CIPERMETRINA ,2%",III
33806,NITRUR B.T.K.L. ULTRAMAX,CERGEN S R L,BACILLUS THURINGIENSIS 4%,IV
33805,EKAMET,RAINBOW AGROSCIENSES SA,"ABAMECTINA 1,8%",II
33804,CIPERMETRINA CONTROLER,AGROFACIL S A,CIPERMETRINA 25%,II
33803,ATRAMARK 50 FL,PROCHEM BIO SA.,ATRAZINA 50%,III
33795,I. NEW CH-RI,YPF SOCIEDAD ANONIMA,"ACEITE MINERAL 83,03%",IV
33791,SEVIN XLR PLUS,PB LEINER ARGENTINA SA,CARBARIL 48%,II
33789,CHINGON 60,RAINBOW AGROSCIENSES SA,IMIDACLOPRID 60%,II
33785,RAK Cp,BASF AGRICULTURAL SOLUTIONS ARGENTINA S.A.,"(E,E)8,10-DODECADIENOL 6%",IV
33784,POLYRAM DF,BASF AGRICULTURAL SOLUTIONS ARGENTINA S.A.,METIRAM 80%,III
33776,COMET,BASF AGRICULTURAL SOLUTIONS ARGENTINA S.A.,PIRACLOSTROBIN 25%,II
33775,CANDIL 80,AGRI STAR S. A.,MANCOZEB 80%,III
33774,CONSARG,PRODINSA ARGENTINA S A,"CARBENDAZIM 10%, TIRAM 10%",II
33773,"2,4D TERRIUM",AGM ARGENTINA S. A.,"2,4 D 100%",II
33768,DAARGUS,REOPEN S A,GLIFOSATO 48%,III
33766,SOWER MASTER,FARMCHEM SA,CARBENDAZIM 50%,III
33763,OXICLORURO DE COBRE 50 VALLES,FALCROP S. A.,OXICLORURO DE COBRE 84%,II
33756,CALYPSO 48 SC,AGRO BAYER S. R. L.,TIACLOPRID 48%,II
33747,SHARK 40 EC,FMC QUIMICA S. A.,CARFENTRAZONE ETIL 40%,III
33743,ADAMA ESSENTIALS LEGACY,ADAMA ARGENTINA SOCIEDAD ANONIMA,DIFLUFENICAN 50%,III
33738,TOPIK 24 EC,SYNGENTA AGRO SOCIEDAD ANONIMA,"CLODINAFOP PROPARGIL 24%, CLOQUINTOCET MEXIL 6%",III
33729,ACEHERO,BORCHES Y CIA S A,ACEFATO 75%,II
33727,CURENOX 50 WP,BELART ALIDA MARCELA,OXICLORURO DE COBRE 84%,II
33723,FORDOR,2022 ENVIRONMENTAL SCIENCE AR S.A.,ISOXAFLUTOLE 75%,III
33720,METAREX BB,DE SANGOSSE LATIN AMERICA S.A.,METALDEHIDO 5%,III
33712,ATRAZINA ZAMBA,COFCO INTERNATIONAL ARGENTINA S.A.,ATRAZINA 50%,III
33708,EQUIP WG,AGRO BAYER S. R. L.,"FORAMSULFURON 30%, IODO SULFURON METIL SODIO 2%, ISOXADIFEN-ETIL 30%",IV
33705,GLIFOSATO 48 SEM,SEMBRADO SA,GLIFOSATO 48%,III
33697,CARBENDAZIM 50,SUMITOMO CHEMICAL ARGENTINA S.A.,CARBENDAZIM 50%,IV
33696,FRUFIX K,AGRI STAR S. A.,"ACIDO ALFA NAFTALEN ACETICO 24,2%",II
33688,CARZIM 50,UPL ARGENTINA S. A.,CARBENDAZIM 50%,III
33687,COMPASS,BORCHES Y CIA S A,"DICAMBA 57,8%",III
33684,ENVOKE,SYNGENTA AGRO SOCIEDAD ANONIMA,TRIFLOXISULFURON 75%,III
33677,METSULFURON 60 ZAMBA,COFCO INTERNATIONAL ARGENTINA S.A.,METSULFURON METIL 60%,IV
33674,RAK Cp Plus,BASF AGRICULTURAL SOLUTIONS ARGENTINA S.A.,"(E,E)8,10-DODECADIENOL 12%",IV
33673,TIMBERLUX 60,AGROSPEC ARGENTINA S.A.,ARSENIATO DE COBRE CROMATADO 60%,Ia
33671,NEMATHORIN,ISK ARGENTINA BRANCH,FOSTIAZATE 90%,Ib
33670,J.O - MAX,JO AGRO SRL,DODECIL BENCEN SULFONICO 24%,III
33669,SHINCAR,INDUSTRIAS QUIMICAS Y VEGETALES S A,CARBENDAZIM 50%,III
33667,BIOLURE OFM,NASTIA S.R.L.,"(Z)/(E)-8-DODECENIL ACETATO ,372%",IV
33666,NEWOOD LISTO PARA USAR,QUIMICA DEL NORTE S A,"CIPERMETRINA ,2%",III
33663,COMMAND 48 EC,FMC QUIMICA S. A.,CLOMAZONE 48%,II
33661,COADYUVANTE OLEOSOL GL 90,INDUSTRIAS QUIMICAS OLEOSOL S A,ALQUIL FENOL POLIETILENGLICOL ETER --- 5053 90%,III
33658,BIAGRO TC SUSPENSION ACUOSA,"SIMBIOSE - INDUSTRIA, COMERCIO E DISTRIBUICAO DE FERTILIZANTES E INSUMOS MICROBIOLOGICOS S. R. L.","CARBENDAZIM 18,75%, TIRAM 18,75%",III
33652,MELODY DUO,AGRO BAYER S. R. L.,"IPROVALICARB 5,5%, PROPINEB 61,3%",IV
33650,KARATE ZEON 5 CS,SYNGENTA AGRO SOCIEDAD ANONIMA,LAMBDA-CIALOTRINA 5%,II
33649,SOWER,FARMCHEM SA,TIRAM 36%,III
33648,SOWER PLUS,FARMCHEM SA,"CARBENDAZIM 25%, TIRAM 25%",III
33647,ADERMAX,BALESTRINI Y CIA S A,ALQUIL ARIL POLIGLICOL ETER 88%,IV
33640,MODDUS,SYNGENTA AGRO SOCIEDAD ANONIMA,TRINEXAPAC-ETIL 25%,III
33636,VITAVAX FLO TS,UPL ARGENTINA S. A.,"CARBOXIN 20%, TIRAM 20%",IV
33634,ASSITER,YPF SOCIEDAD ANONIMA,"ACEITE MINERAL 80,5%",IV
33630,DECIS FORTE 10 EC,AGRO BAYER S. R. L.,DELTAMETRINA 10%,II
33628,WAFFEN,FALCROP S. A.,"CARBENDAZIM 10%, TIRAM 10%",III
33618,INSPIRE,SYNGENTA AGRO SOCIEDAD ANONIMA,BUTAFENACIL 10%,IV
33617,FROWNCIDE,ISK ARGENTINA BRANCH,FLUAZINAM 50%,IV
33614,TANNER-WOOD,TEFQUIM S.A.,ARSENIATO DE COBRE CROMATADO 71%,Ia
33612,SPIRIT 25,TRAPALCO S.A.,FLUROCLORIDONA 25%,III
33606,PIVOT,BASF AGRICULTURAL SOLUTIONS ARGENTINA S.A.,IMAZETAPIR 10%,IV
33605,POWER PLUS ATANOR,ATANOR SOCIEDAD EN COMANDITA POR ACCIONES,GLIFOSATO 60%,III
33603,ISOMATE M,AGRO ROCA S A,"Z8,E8 DODECENIL ACETATO 95,21%",IV
33600,MATRERO 35,SUMITOMO CHEMICAL ARGENTINA S.A.,IMIDACLOPRID 35%,II
33597,CAURIFIX WG,BASF AGRICULTURAL SOLUTIONS ARGENTINA S.A.,OXICLORURO DE COBRE 84%,II
33596,ALLEGRO,BASF AGRICULTURAL SOLUTIONS ARGENTINA S.A.,"EPOXICONAZOLE 12,5%, KRESOXIM METIL 12,5%",IV
33591,AUTHORITY,FMC QUIMICA S. A.,SULFENTRAZONE 50%,IV
33589,GARANTE,FALCROP S. A.,GLIFOSATO 48%,III
33587,DMA,CORTEVA AGRISCIENCE ARGENTINA SRL,"2,4 D 58,4%",II
33585,ADAMA ESSENTIALS NEMACUR 24 CS,ADAMA ARGENTINA SOCIEDAD ANONIMA,FENAMIFOS 24%,II
33583,PESTOXIN,ECOTEC INTEROCEANICA S. A.,FOSFURO DE ALUMINIO 56%,Ia
33580,NASS KELL,LABORATORIOS PEYTE S.A.,ALQUIL ARIL POLIGLICOL ETER 45%,IV
33575,ECOPART,SUMMIT AGRO ARGENTINA S A,PIRAFLUFEN ETIL 2%,III
33573,PUNTO 70% WP,GLEBA S A,IMIDACLOPRID 70%,II
33572,LONTREL,CORTEVA AGRISCIENCE ARGENTINA SRL,"CLOPYRALID 47,5%",III
33571,HALO CIDE PLUS,PLUSCHEMIE SA,"CIPERMETRINA ,8%",III
33570,HALO CIDE LPU,PLUSCHEMIE SA,"CIPERMETRINA ,2%",III
33569,FORMIDOR,2022 ENVIRONMENTAL SCIENCE AR S.A.,"FIPRONIL ,003%",IV
33568,ARTEA,SYNGENTA AGRO SOCIEDAD ANONIMA,"CIPROCONAZOLE 8%, PROPICONAZOLE 25%",III
33566,SULFOSATO TOUCHDOWN,SYNGENTA AGRO SOCIEDAD ANONIMA,GLIFOSATO 62%,IV
33565,PREMIS,BASF AGRICULTURAL SOLUTIONS ARGENTINA S.A.,TRITICONAZOLE 10%,III
33564,OLIMPO,CHEMOTECNICA S. A.,"ABAMECTINA 1,8%",II
33563,LANCER,UPL ARGENTINA S. A.,ACEFATO 75%,III
33562,ROUNDUP FG,AGRO BAYER S. R. L.,"GLIFOSATO 79,2%",III
33558,OXIQUYM CU 50,AGROSPEC ARGENTINA S.A.,OXICLORURO DE COBRE 84%,III
33551,CARPOVIRUS,INSTITUTO NACIONAL DE TECNOLOGIA AGROPECUARIA,CYDIA POMONELLA GRANULOVIRUS 3%,IV
33546,TECTO 50 SC,SYNGENTA AGRO SOCIEDAD ANONIMA,TIABENDAZOL 50%,IV
33545,ZARDEX,SYNGENTA AGRO SOCIEDAD ANONIMA,"CIPROCONAZOLE ,6%, DIFENOCONAZOLE 3%",III
33540,RIZOLEX-FLO,SUMITOMO CHEMICAL ARGENTINA S.A.,TOLCLOFOS METIL 50%,III
33538,ADAMA ESSENTIALS LEOPARD LPU,ADAMA ARGENTINA SOCIEDAD ANONIMA,"QUIZALOFOP-P ETIL 1,8%",III
33536,ANCOSAR 96,GOLDAR DANIEL EDMUNDO,M.S.M.A. 96%,II
33529,GRO-STOP FOG,LAMB WESTON ALIMENTOS MODERNOS S.A.,CLORPROPHAM (CIPC) 30%,III
33528,GRO-STOP BASIS,LAMB WESTON ALIMENTOS MODERNOS S.A.,CLORPROPHAM (CIPC) 30%,III
33527,C ACEITE COADYUVANTE,YPF SOCIEDAD ANONIMA,"ACEITE MINERAL 83,31%",IV
33524,TOGAN,AGROFINA S A,TEBUTIURON 50%,II
33522,MAXIM XL SEMILLERO,SYNGENTA AGRO SOCIEDAD ANONIMA,"FLUDIOXONIL 2,5%, METALAXIL -M 1%",IV
33519,GERMITAN,INDUAGRO SRL,"CARBENDAZIM 25%, TIRAM 25%",III
33518,RUNNER FUSION,CORTEVA AGRISCIENCE ARGENTINA SRL,METOXIFENOCIDE 24%,IV
33516,POTENZA,NUTRIEN AG SOLUTIONS ARGENTINA S. A.,GLIFOSATO 48%,IV
33515,LI PLUS,NUTRIEN AG SOLUTIONS ARGENTINA S. A.,"ACIDO PROPIONICO 35%, ALCOHOL GRASO ETOXILADO 10%, LECITINA DE SOJA 35%",IV
33513,CURYOM,SYNGENTA AGRO SOCIEDAD ANONIMA,"LUFENURON 5%, PROFENOFOS 50%",II
33512,ARSENAL FORESTAL,BASF AGRICULTURAL SOLUTIONS ARGENTINA S.A.,IMAZAPIR 48%,IV
33508,AT 1 SILICON,LERO TECNICA SRL,NONIL FENOL ETOXILADO 36%,III
33506,ROVRAL TS,FMC QUIMICA S. A.,IPRODIONE 50%,III
33504,ADAMA ESSENTIALS TOMAHAWK,ADAMA ARGENTINA SOCIEDAD ANONIMA,"FLUROXIPIR MEPTIL 28,8%",III
33497,REG-SEC IV,LERO TECNICA SRL,NONIL FENOL ETOXILADO 30%,IV
33493,SUCCESS,CORTEVA AGRISCIENCE ARGENTINA SRL,SPINOSAD 24%,IV
33492,SULFATO DE COBRE ROSSI,CONTAGRO S A,SULFATO DE COBRE PENTAHIDRATADO 98%,II
33491,CHIPCO CHOICE,2022 ENVIRONMENTAL SCIENCE AR S.A.,"FIPRONIL ,1%",IV
33489,CAMPOMAX N-30,POTENCIAL QUIMICA S.A.,ALQUIL ARIL POLIGLICOL ETER 30%,III
33488,ONDUTY,BASF AGRICULTURAL SOLUTIONS ARGENTINA S.A.,"IMAZAPIC 52,5%, IMAZAPIR 17,5%",III
33487,FLIER,ATANOR SOCIEDAD EN COMANDITA POR ACCIONES,"GLIFOSATO 24%, IMAZETAPIR 2%",III
33483,CARAMBA,BASF AGRICULTURAL SOLUTIONS ARGENTINA S.A.,METCONAZOLE 9%,III
33479,NEW MECTIN,AGRIMARKETING SA,"ABAMECTINA 1,8%",II
33475,CLINCHER EC,CORTEVA AGRISCIENCE ARGENTINA SRL,"CIALOFOP BUTIL 18%, CIALOFOP-BUTIL 18%",III
33473,INTREPID SC,CORTEVA AGRISCIENCE ARGENTINA SRL,METOXIFENOCIDE 24%,IV
33470,CRUISER 60 FS SEMILLERO,SYNGENTA AGRO SOCIEDAD ANONIMA,TIAMETOXAM 60%,IV
33466,CUPROCAFFARO,GOWAN ARGENTINA S.R.L.,OXICLORURO DE COBRE 85%,IV
33464,CADRE 70 DG,BASF AGRICULTURAL SOLUTIONS ARGENTINA S.A.,IMAZAPIC 70%,III
33456,NOMINEE 40 SC,SUMMIT AGRO ARGENTINA S A,BISPIRIBAC SODIO 40%,IV
33454,SILWET L AG,MOMENTIVE PERFORMANCE MATERIALS SOUTH AMERICA INC.,HEPTAMETILTRISILOXANO 100%,III
33453,ADAMA ESSENTIALS VEZIR,ADAMA ARGENTINA SOCIEDAD ANONIMA,"IMAZETAPIR 10,6%",III
33450,PASTA ISAGRO,GOWAN ARGENTINA S.R.L.,"OXICLORURO DE COBRE 42,5%",III
33449,LARVIN 80 WG,AGRO BAYER S. R. L.,TIODICARB 80%,II
33446,CLARTEX + R TDS J MOLUSQUICIDA,RIZOBACTER ARGENTINA S A,METALDEHIDO 5%,III
33443,CRUISER 35 FS,SYNGENTA AGRO SOCIEDAD ANONIMA,TIAMETOXAM 35%,III
33442,F. ACEITE FUNGUICIDA PARA BANANOS,YPF SOCIEDAD ANONIMA,"ACEITE MINERAL 85,16%",IV
33437,APRON GOLD,SYNGENTA AGRO SOCIEDAD ANONIMA,METALAXIL -M 35%,II
33435,CUPROMIC,WECAN AGRO SA,OXICLORURO DE COBRE 84%,II
33433,RECOP,ATANOR SOCIEDAD EN COMANDITA POR ACCIONES,OXICLORURO DE COBRE 84%,III
33430,CARVIN 85 S,BENOC ARGENTINA S R L,CARBARIL 85%,II
33423,PID DISPENSADOR FEROMONA PLATO INDUSTRIES,AGRI STAR S. A.,GRANDLURE 15%,III
33422,"""DIPI""DISPENSADOR DE INSECTICIDA DE PLATO INDUSTRIES",AGRI STAR S. A.,"D.D.V.P. 18,6%",Ib
33421,NABU-S,MITSUI & CO. (ARGENTINA) S. A.,"SETOXIDIM 12,5%",IV
33416,EXCELPHOS,CHUTRAU S A C I F,FOSFURO DE ALUMINIO 57%,Ia
33415,FOCUS 1.8,SINER S A,"ABAMECTINA 1,8%",II
33414,ADAMA RIMON,ADAMA ARGENTINA SOCIEDAD ANONIMA,NOVALURON 10%,IV
33402,M.S.S. WAREFOG,MC CAIN ARGENTINA S. A.,CLORPROPHAM (CIPC) 60%,III
33401,ACTARA,SYNGENTA AGRO SOCIEDAD ANONIMA,TIAMETOXAM 25%,IV
33400,DUAL GOLD,SYNGENTA AGRO SOCIEDAD ANONIMA,S-METOLACLORO 96%,III
33399,CRUISER,SYNGENTA AGRO SOCIEDAD ANONIMA,TIAMETOXAM 70%,III
33396,RIDOMIL GOLD,SYNGENTA AGRO SOCIEDAD ANONIMA,"MANCOZEB 64%, METALAXIL -M 4%",III
33395,SUMILEX 50 SC,SUMITOMO CHEMICAL ARGENTINA S.A.,PROCIMIDONE 50%,III
33391,PACTO,CORTEVA AGRISCIENCE ARGENTINA SRL,CLORANSULAM METIL 84%,III
33387,ASCARISCER FOS-KILL,COMPAÑIA ASCARISCER S.A.,FOSFURO DE ALUMINIO 56%,Ia
33385,COADYUVANTE OLEOSOL CO,INDUSTRIAS QUIMICAS OLEOSOL S A,ALQUIL ARIL POLIGLICOL ETER 44%,III
33382,KOCIDE WG,MITSUI & CO. (ARGENTINA) S. A.,"HIDROXIDO DE COBRE 53,8%",III
33381,BRYDEN,UPL ARGENTINA S. A.,PROPANIL 48%,III
33359,ACROBAT MZ,BASF AGRICULTURAL SOLUTIONS ARGENTINA S.A.,"DIMETOMORF 9%, MANCOZEB 60%",II
33357,MATCH,SYNGENTA AGRO SOCIEDAD ANONIMA,LUFENURON 5%,III
33356,MAXIM XL,SYNGENTA AGRO SOCIEDAD ANONIMA,"FLUDIOXONIL 2,5%, METALAXIL -M 1%",III
33355,NATUR'L OLEO,STOLLER ARGENTINA S. A. U.,ACEITE DE SOJA 85%,IV
33354,PROTREAT,AGRICULTORES FEDERADOS ARGENTINOS SOC COOP LTDA,"CARBENDAZIM 15%, TIRAM 35%",III
33353,MOSPILAN,SUMMIT AGRO ARGENTINA S A,ACETAMIPRID 20%,II
33350,ANCOM DIURON F800,GOLDAR DANIEL EDMUNDO,DIURON 80%,III
33347,STAM 80,UPL ARGENTINA S. A.,PROPANIL 80%,III
33344,DEGSERWERT PLUS,LABORATORIOS DEGSER SOCIEDAD DE RESPONSABILIDAD LIMITADA,ALQUIL ARIL POLIGLICOL ETER 50%,IV
33343,HARWET RP,LABORATORIOS DEGSER SOCIEDAD DE RESPONSABILIDAD LIMITADA,ALQUIL ARIL POLIGLICOL ETER 50%,IV
33339,BORAL 50 SC,FMC QUIMICA S. A.,SULFENTRAZONE 50%,IV
33334,FUMITOXIN,E.PINTAR & ASSOC. S.R.L.,FOSFURO DE ALUMINIO 56%,Ia
33330,DEGSER-WET,LABORATORIOS DEGSER SOCIEDAD DE RESPONSABILIDAD LIMITADA,ALQUIL ARIL POLIGLICOL ETER 15%,IV
33329,BIOLURE CM,NASTIA S.R.L.,"(E,E)8,10-DODECADIENOL ,5242%",IV
33326,THIRAM GRANUFLO,EASTMAN DE ARGENTINA SRL,TIRAM 80%,II
33313,WOLMAN 60,ARXADA ARGENTINA S.A.,SALES CCA 108%,Ia
33310,KARATE CON TECNOLOG A ZEON,SYNGENTA AGRO SOCIEDAD ANONIMA,LAMBDA-CIALOTRINA 25%,II
33309,DASEN,AGROFINA S A,BENAZOLIN ETIL 50%,IV
33307,SUCCESS 48,CORTEVA AGRISCIENCE ARGENTINA SRL,SPINOSAD 48%,IV
33304,FERBAM GRANUFLO,EASTMAN DE ARGENTINA SRL,FERBAM 76%,III
33274,AMISTAR,SYNGENTA AGRO SOCIEDAD ANONIMA,AZOXISTROBINA 25%,III
33272,I. ACEITE VERANO AGRICOLA,YPF SOCIEDAD ANONIMA,"ACEITE MINERAL 85,16%",IV
33271,I. ACEITE INVIERNO AGRICOLA,YPF SOCIEDAD ANONIMA,"ACEITE MINERAL 85,81%",IV
33267,FLOW SYSTEMIC FORMULAGRO,FORMULAGRO SOCIEDAD RESPONSABILIDAD LIMITADA,"CARBENDAZIM 25%, TIRAM 25%",III
33265,DMA ULTRA,CORTEVA AGRISCIENCE ARGENTINA SRL,"2,4 D 82,2%",II
33261,ADAMA ESSENTIALS KESSET,ADAMA ARGENTINA SOCIEDAD ANONIMA,DELTAMETRINA 5%,II
33256,VEROSIL,CAMPO CROP S.A.,"IMAZETAPIR 10,59%",IV
33251,ACOPIOFOS,AGROFUM SA,"FOSFURO DE ALUMINIO 1,68%",Ia
33250,LUPARA,FMC QUIMICA S. A.,MERCAPTOTION 100%,II
33243,PRILAN,AGROFINA S A,PROPAQUIZAFOP 10%,IV
33238,PHEROCON OFM,AGRICONSULTING JGP S.R.L .,"(Z)/(E)-8-DODECENIL ACETATO ,00011%",IV
33235,CONCEP III,SYNGENTA AGRO SOCIEDAD ANONIMA,FLUXOFENIM 96%,II
33218,BIOLURE CM Plus,NASTIA S.R.L.,"(E,E)8,10-DODECADIENOL 3,1%",IV
33216,QUICKPHOS,UPL ARGENTINA S. A.,FOSFURO DE ALUMINIO 56%,Ia
33211,LASIOTRAP,BAT OPERACIONES S. A. U.,SERRICORNIN 100%,IV
33208,COMMAND 36 CS,FMC QUIMICA S. A.,CLOMAZONE 36%,IV
33194,ADAMA ESSENTIALS LEOPARD,ADAMA ARGENTINA SOCIEDAD ANONIMA,"QUIZALOFOP-P ETIL 10,8%",III
33193,ZIRAM GRANUFLO,EASTMAN DE ARGENTINA SRL,ZIRAM 76%,III
33188,ONECIDE,ISK ARGENTINA BRANCH,FLUAZIFOP-P BUTIL 35%,III
33183,INDICATE FIVE,AGRIMARKETING SA,ACIDO FOSFORICO 40%,III
33180,TOPSIN TOP,SUMMIT AGRO ARGENTINA S A,METIL TIOFANATO 50%,IV
33175,CANAPLUS 50,VTG SPECIALTY CHEMICALS S.A.,ALQUIL ARIL POLIGLICOL ETER 50%,IV
33174,TRACER,CORTEVA AGRISCIENCE ARGENTINA SRL,SPINOSAD 48%,IV
33172,TASPA,SYNGENTA AGRO SOCIEDAD ANONIMA,"DIFENOCONAZOLE 25%, PROPICONAZOLE 25%",III
33160,SUCKER 80,BENOC ARGENTINA S R L,HIDRAZIDA MALEICA 80%,IV
33158,RIZOCARB 50,RIZOBACTER ARGENTINA S A,CARBENDAZIM 50%,III
33137,GESAPRIM 48,SYNGENTA AGRO SOCIEDAD ANONIMA,ATRAZINA 48%,IV
33136,ADAMA HIDROCOB,ADAMA ARGENTINA SOCIEDAD ANONIMA,HIDROXIDO DE COBRE 77%,II
33133,PROPLANT,UPL ARGENTINA S. A.,"PROPAMOCARB 72,2%",III
33128,FRUTELF RR,TOTALENERGIES MARKETING ARGENTINA S. A.,"ACEITE MINERAL 85%, ACEITE MINERAL PARAFINICO 85%",IV
33127,AGRITELF,TOTALENERGIES MARKETING ARGENTINA S. A.,ACEITE MINERAL 85%,IV
33126,ELF PURESPRAY,TOTALENERGIES MARKETING ARGENTINA S. A.,ACEITE MINERAL 85%,IV
33125,ELF PURESPRAY 10E,TOTALENERGIES MARKETING ARGENTINA S. A.,ACEITE MINERAL 85%,IV
33124,FRUTELF I,TOTALENERGIES MARKETING ARGENTINA S. A.,ACEITE MINERAL 85%,IV
33121,REGENT 25 FS,AGRO BAYER S. R. L.,FIPRONIL 25%,II
33112,TRIMET,BORCHES Y CIA S A,METSULFURON METIL 60%,IV
33109,AMETRINA ATANOR 50,ATANOR SOCIEDAD EN COMANDITA POR ACCIONES,AMETRINA 96%,III
33104,LIGHTNING,BASF AGRICULTURAL SOLUTIONS ARGENTINA S.A.,"IMAZAPIR 17,5%, IMAZETAPIR 52,5%",III
33101,SPIDER,CORTEVA AGRISCIENCE ARGENTINA SRL,DICLOSULAM 84%,III
33097,ALSYSTIN 48 SC,AGRO BAYER S. R. L.,TRIFLUMURON 48%,IV
33095,PEAK 75 WG,SYNGENTA AGRO SOCIEDAD ANONIMA,PROSULFURON 75%,II
33092,MAGISTER 20 SC,BROMETAN S. R. L.,FENAZAQUIM 20%,II
33088,ADAMA ESSENTIALS GALIGAN,ADAMA ARGENTINA SOCIEDAD ANONIMA,OXIFLUORFEN 24%,III
33087,"ADARVE 2,4D AMINA -",HIDRUM TECNOLOGIA QUIMICA SRL,"2,4 D 58,4%",III
33084,SUNFIRE 24 SC,BASF AGRICULTURAL SOLUTIONS ARGENTINA S.A.,CLORFENAPIR 24%,II
33079,HALOCIDE ACUOSO,PLUSCHEMIE SA,TRIBROMOFENOL 40%,II
33072,AZUFRE 93 LANDIA EXTRA (MALLA 325),A R V SA,AZUFRE 93%,III
33071,AZUFRE 93 LANDIA EXTRA (MALLA 350),A R V SA,AZUFRE 93%,III
33067,CAPAZ 50 SC,FMC QUIMICA S. A.,SULFENTRAZONE 50%,IV
33064,GALTRIN 20,CHEMOTECNICA S. A.,CIPERMETRINA 20%,II
33063,CREOCARBO,CARBOQUIMICA DEL PARANA SOCIEDAD ANONIMA,ACEITE DE CREOSOTA 98%,II
33056,NEW SERRICO,MASSALIN PARTICULARES S. R. L.,"SERRICORNIN 1,23%",IV
33042,BROMOCIEN,BROMETAN S. R. L.,"BROMURO DE METILO 99,7%",Ia
33032,RITIRAM CARB,RIZOBACTER ARGENTINA S A,"CARBENDAZIM 10%, TIRAM 10%",III
33031,RITIRAM PLUS SEMILLERO AC,RIZOBACTER ARGENTINA S A,TIRAM 36%,IV
33030,ACOIDAL WG,A R V SA,AZUFRE 82%,III
33028,DIMILIN 25 WP,UPL ARGENTINA S. A.,DIFLUBENZURON 25%,IV
33025,ISHIMETRIN,INSUMOS AGROQUIMICOS SOCIEDAD ANONIMA,CIPERMETRINA 25%,II
33024,CIPERMETRINA 25 SIGMA,CHEMOTECNICA S. A.,CIPERMETRINA 25%,II
32996,CORRECTOR H,NOVA S. A. U.,"ACIDO FOSFORICO 62,2%",IV
32977,GAMIT,FMC QUIMICA S. A.,CLOMAZONE 48%,II
32975,SUMISOYA TOP,SUMMIT AGRO ARGENTINA S A,FLUMIOXAZIN 48%,IV
32974,SWEEPER 70 DG,BASF AGRICULTURAL SOLUTIONS ARGENTINA S.A.,IMAZAMOX 70%,III
32958,CAPAZ 75 WG,FMC QUIMICA S. A.,SULFENTRAZONE 75%,III
32948,DIVIDEND,SYNGENTA AGRO SOCIEDAD ANONIMA,DIFENOCONAZOLE 3%,III
32940,FUNGOBACTERICIDA ENCO,ENCO SRL,"CLORHIDRATO DE OXITETRACICLINA 3,2%, SULFATO DE ESTREPTOMICINA 25%",III
32936,SULFAQUIM,AGROSPEC ARGENTINA S.A.,"SULFATO DE COBRE PENTAHIDRATADO 94,25%",III
32932,WPS DUPERIAL,INDUSTRIAS QUIMICAS CARFOS SRL,AZUFRE 80%,III
32930,DIURON SC 50,LANXESS S.A.,DIURON 50%,IV
32928,MINERA DIAMANTINO,LA AGRICOLA S A,SULFATO DE COBRE PENTAHIDRATADO 98%,II
32919,DIFENOX 25,WASSINGTON SACIFEI,DIFENILAMINA 25%,III
32916,ULTRA BLOCS,BINKA SA,"BRODIFACOUM ,005%",IV
32910,DUAL F,MARCELO ALLEMANDI SA,FENITROTION 2%,IV
32909,YARARA F,MARCELO ALLEMANDI SA,FENITROTION 2%,III
32903,RAK 20,BASF AGRICULTURAL SOLUTIONS ARGENTINA S.A.,(Z)/(E)-8-DODECENIL ACETATO 20%,IV
32902,SAPROL,SUMMIT AGRO ARGENTINA S A,TRIFORINE 19%,III
32894,CUPRODUL,BASF AGRICULTURAL SOLUTIONS ARGENTINA S.A.,OXIDO CUPROSO 60%,II
32877,ROUNDUP MAX,AGRO BAYER S. R. L.,"GLIFOSATO 74,7%",III
32876,ATRION,CHEMOTECNICA S. A.,BETA-CIPERMETRINA 10%,II
32873,ADAMA ESSENTIALS METOLACHLOR AGAN,ADAMA ARGENTINA SOCIEDAD ANONIMA,METOLACLORO 96%,III
32871,GLICINCAS 25%,CIA ARGENTINA DE SEMILLAS S A,CLORIMURON ETIL 25%,III
32860,ADAMA ESSENTIALS CLIN 33 CE,ADAMA ARGENTINA SOCIEDAD ANONIMA,PENDIMETALIN 33%,III
32851,AGROSCALD,AGROFRESH ARGENTINA S.R.L.,DIFENILAMINA 31%,III
32850,ACEFATO 75 SHINUNG,INDUSTRIAS QUIMICAS Y VEGETALES S A,ACEFATO 75%,II
32847,"BAMBA 2,5%",BORCHES Y CIA S A,"DELTAMETRINA 2,5%",II
32845,ALFAMAX,BORCHES Y CIA S A,ALFACIPERMETRINA/ALFAMETRINA 10%,II
32843,EXWEED 48,INDUSTRIAS QUIMICAS Y VEGETALES S A,GLIFOSATO 48%,IV
32824,ERRASIN,CHEMOTECNICA S. A.,METSULFURON METIL 60%,IV
32822,DIURON 80 AL,GOLDAR DANIEL EDMUNDO,DIURON 80%,III
32820,LEX,NOVA S. A. U.,AMINA GRASA ETOXILADA 80%,II
32817,POSTFURO,POST COSECHA S R L,FOSFURO DE ALUMINIO 56%,Ia
32815,GAUCHO 60 FS,AGRO BAYER S. R. L.,IMIDACLOPRID 60%,II
32810,PENTA EXTERIOR LISTO PARA USAR,QUIMICA DEL NORTE S A,"CIPERMETRINA ,2%, T.C.M.T.B. ,4%",III
32802,PENTA EXTERIOR CONCENTRADO,QUIMICA DEL NORTE S A,"CIPERMETRINA ,8%, T.C.M.T.B. 1,6%",III
32800,BROMOPIC,BROMETAN S. R. L.,"BROMURO DE METILO 70%, CLOROPICRINA 30%",Ia
32795,PENTA XXI LISTO PARA USAR,QUIMICA DEL NORTE S A,"CIPERMETRINA ,2%, T.C.M.T.B. ,3%",III
32783,FINISH,AGRO BAYER S. R. L.,"CICLANILIDE 6%, ETEFON 48%",III
32781,VENCEWEED AMINA 50,ATANOR SOCIEDAD EN COMANDITA POR ACCIONES,"2,4-DB 59,1%",II
32779,ADAMA ESSENTIALS PREMERGE,ADAMA ARGENTINA SOCIEDAD ANONIMA,TRIFLURALINA 60%,III
32767,DASH HC,BASF AGRICULTURAL SOLUTIONS ARGENTINA S.A.,"MEZCLA DE ACIDOS GRASOS 42,5%",III
32755,TROPEL,AGROFINA S A,QUIZALOFOP-P TEFURIL 12%,III
32748,SUPERWET,ILARI DANIEL CARLOS,"ALQUIL ARIL POLIGLICOL ETER 20,5%",III
32737,ECOTECH BIO,MITSUI & CO. (ARGENTINA) S. A.,BACILLUS THURINGIENSIS 10%,IV
32736,ECOTECH PRO,MITSUI & CO. (ARGENTINA) S. A.,"BACILLUS THURINGIENSIS 7,5%",IV
32719,PHEROCON CM,AGRICONSULTING JGP S.R.L .,"(E,E)8,10-DODECADIENOL ,04%",IV
32717,SANSON OD 4% LPU,ISK ARGENTINA BRANCH,NICOSULFURON 4%,IV
32709,FERTIFOX ANTISHOCK,LABORATORIOS CROVA S.R.L.,"ACIDO ALFA NAFTALEN ACETICO ,05%",IV
32700,PRESIDE 80 WDG,CORTEVA AGRISCIENCE ARGENTINA SRL,FLUMETSULAM 80%,III
32699,CARBENDAGLEX,GLEBA S A,CARBENDAZIM 50%,III
32691,ORTHENE 75 SP,UPL ARGENTINA S. A.,ACEFATO 75%,III
32680,PHOSTEK,FUGRAN COMERCIAL E INDUSTRIAL SA,FOSFURO DE ALUMINIO 57%,Ia
32674,GLIFOWET,LERO TECNICA SRL,NONIL FENOL ETOXILADO 52%,IV
32673,ISOMATE C PLUS,AGRO ROCA S A,"(E,E)8,10-DODECADIENOL 88,67%",IV
32672,FURIA,FMC QUIMICA S. A.,ZETAMETRINA 18%,II
32668,AGROPHOS,AGROFUM SA,FOSFURO DE ALUMINIO 56%,Ia
32655,SCARMITE,SUMMIT AGRO ARGENTINA S A,FENPIROXIMATE 5%,III
32652,TRICIDE 40,HIDRUM TECNOLOGIA QUIMICA SRL,TRIBROMOFENOL 40%,II
32642,MALBAN,AGROFINA S A,METSULFURON METIL 50%,III
32630,"TRIFLURALINA ATANOR 44,5",ATANOR SOCIEDAD EN COMANDITA POR ACCIONES,"TRIFLURALINA 44,5%",III
32628,TOTAL,,GLIFOSATO 48%,IV
32621,HERBAN LPU,AGROFINA S A,"QUIZALOFOP-P ETIL 1,8%",III
32620,MOSTAR,AGROFINA S A,"QUIZALOFOP-P ETIL 10,8%",III
32619,VRILEC,AGROFINA S A,CLORIMURON ETIL 25%,III
32607,TIRAM PLUS,QUAZAR SA,"CARBENDAZIM 25%, TIRAM 25%",III
32603,ADAMA ESSENTIALS BUMPER 25,ADAMA ARGENTINA SOCIEDAD ANONIMA,PROPICONAZOLE 25%,III
32595,RIZOLEX 50,S ANDO Y CIA SACIIF,TOLCLOFOS METIL 50%,IV
32593,BROTAL,AGROFINA S A,FLUMETRALIN 25%,III
32579,RONDO SUPER,UPL ARGENTINA S. A.,GLIFOSATO 46%,IV
32575,FERTIFOX HORMONA,LABORATORIOS CROVA S.R.L.,"ACIDO ALFA NAFTALEN ACETICO ,1%",IV
32571,ADAMA ESSENTIALS TRITAC,ADAMA ARGENTINA SOCIEDAD ANONIMA,PROCLORAZ 45%,III
32566,ACARSTIN,SIPCAM ARGENTINA S.R.L.,CIHEXATIN 60%,II
32564,BOGARD,SYNGENTA AGRO SOCIEDAD ANONIMA,DIFENOCONAZOLE 25%,III
32558,FANAVID 85,FELIX MENENDEZ SRL,OXICLORURO DE COBRE 85%,II
32552,SUMITHION SUPER,SUMITOMO CHEMICAL ARGENTINA S.A.,FENITROTION 80%,II
32550,BAUNDAP,CAMPO CROP S.A.,GLIFOSATO 48%,III
32549,GALANT R LPU,CORTEVA AGRISCIENCE ARGENTINA SRL,"HALOXIFOP-P METIL 3,11%",III
32548,FAIR 85,BENOC ARGENTINA S R L,ALCOHOLES GRASOS 85%,IV
32534,NAFUSAKU PR,S ANDO Y CIA SACIIF,"ALFA NAFTALEN ACETICO ,3%",IV
32528,SUMISOYA 50 P.M.,SUMITOMO CHEMICAL ARGENTINA S.A.,FLUMIOXAZIN 50%,III
32522,CAIMAN,SYNGENTA AGRO SOCIEDAD ANONIMA,"DICAMBA 87,5%",III
32518,ADAMA ESSENTIALS TERBUTREX FW,ADAMA ARGENTINA SOCIEDAD ANONIMA,TERBUTRINA 50%,II
32515,VETAX LISTO PARA USAR,INDUSTRIAS QUIMICAS Y VEGETALES S A,"CIPERMETRINA ,21%, NAFTENATO DE ZINC 3,15%",III
32514,VETAX CONCENTRADO,INDUSTRIAS QUIMICAS Y VEGETALES S A,"CIPERMETRINA ,84%, NAFTENATO DE ZINC 12,6%",III
32502,PADAN 95 SP,S ANDO Y CIA SACIIF,CARTAP 95%,II
32501,PHYTON,AGRIMARKETING SA,"SULFATO DE COBRE PENTAHIDRATADO 25,6%",III
32491,POLISULFURO DE CALCIO AGROMEN,ICOA S.A.,POLISULFURO DE CALCIO 23%,II
32488,CIPERSEM 25,SEMBRADO SA,CIPERMETRINA 25%,II
32487,SIPTRAN,SIPCAM ARGENTINA S.R.L.,ATRAZINA 50%,III
32478,BRODAL 50 SC,AGRO BAYER S. R. L.,DIFLUFENICAN 50%,III
32471,DACONIL 72 F,SYNGENTA AGRO SOCIEDAD ANONIMA,CLOROTALONIL 72%,II
32470,PUGIL,SIPCAM ARGENTINA S.R.L.,CLOROTALONIL 75%,III
32468,SIPCATIN,SIPCAM ARGENTINA S.R.L.,CIHEXATIN 50%,II
32465,ROUNDUP ULTRAMAX,AGRO BAYER S. R. L.,"GLIFOSATO 74,7%",III
32452,BETA BAYTROID 5 EC,AGRO BAYER S. R. L.,BETA-CIFLUTRINA 5%,II
32449,ISATALONIL 50 FW,SIPCAM ARGENTINA S.R.L.,CLOROTALONIL 50%,III
32445,SANMITE EC,AGROREGISTROS PROFESIONALES S.R.L.,PIRIDABEN 20%,Ib
32438,PHOSTOXIN MINI-ROPE S,FUGRAN COMERCIAL E INDUSTRIAL SA,FOSFURO DE ALUMINIO 60%,Ia
32400,ALTO 10 SL,SYNGENTA AGRO SOCIEDAD ANONIMA,CIPROCONAZOLE 10%,III
32399,APPLAUD,S ANDO Y CIA SACIIF,BUPROFEZIN 25%,III
32385,RAS OIL,R.A.S. OIL SA,ACEITE MINERAL 86%,IV
32373,GLEXTRIN 25,GLEBA S A,CIPERMETRINA 25%,II
32366,SIMAZINA ATANOR FL 50,ATANOR SOCIEDAD EN COMANDITA POR ACCIONES,SIMAZINA 50%,III
32336,LERO-WETT,LERO TECNICA SRL,NONIL FENOL ETOXILADO 27%,IV
32329,ADAMA ESSENTIALS DIUREX 80 FW,ADAMA ARGENTINA SOCIEDAD ANONIMA,DIURON 80%,III
32317,SUMIVERDE,SUMITOMO CHEMICAL ARGENTINA S.A.,FLUMICLORAC PENTIL 10%,III
32291,GLIFOGLEX,GLEBA S A,GLIFOSATO 48%,III
32264,ADAMA ESSENTIALS METHOMEX 90,ADAMA ARGENTINA SOCIEDAD ANONIMA,METOMIL 90%,Ib
32258,HERBA GLEX,GLEBA S A,M.C.P.A. 28%,II
32257,CARBASEM 50 FL,SEMBRADO SA,CARBENDAZIM 50%,IV
32234,GESAGARD 50,SYNGENTA AGRO SOCIEDAD ANONIMA,PROMETRINA 50%,III
32229,FACET SC,BASF AGRICULTURAL SOLUTIONS ARGENTINA S.A.,QUINCLORAC 25%,III
32228,NEOTOXIN,NEOPHOS S.A.,FOSFURO DE ALUMINIO 57%,Ia
32221,ADAMA ESSENTIALS LINURON 50 FW,ADAMA ARGENTINA SOCIEDAD ANONIMA,LINURON 50%,III
32213,RONDO,UPL ARGENTINA S. A.,GLIFOSATO 48%,IV
32210,FORCE CS,SYNGENTA AGRO SOCIEDAD ANONIMA,"TEFLUTRINA 19,5%",IV
32207,SANMITE WP,AGROREGISTROS PROFESIONALES S.R.L.,PIRIDABEN 20%,III
32169,CYCOCEL 75,BASF AGRICULTURAL SOLUTIONS ARGENTINA S.A.,CLOROMECUATO 75%,II
32135,ADAMA ESSENTIALS GLYPHOGAN,ADAMA ARGENTINA SOCIEDAD ANONIMA,GLIFOSATO 48%,III
32116,ADAMA ESSENTIALS PROMETREX FW,ADAMA ARGENTINA SOCIEDAD ANONIMA,PROMETRINA 50%,III
32110,PRESIDE,CORTEVA AGRISCIENCE ARGENTINA SRL,FLUMETSULAM 12%,III
32103,GLEXCUR,GLEBA S A,TIRAM 50%,II
32102,CEREALERO DOBLE,GLEBA S A,"CARBENDAZIM 30%, TIRAM 30%",II
32098,PHOS-TEK,FUGRAN COMERCIAL E INDUSTRIAL SA,FOSFURO DE ALUMINIO 57%,Ia
32063,BENOSEM 50 PM,SEMBRADO SA,BENOMIL 50%,III
32049,LISTO,ISK ARGENTINA BRANCH,FLUAZIFOP-P BUTIL 5%,IV
32045,PIX,BASF AGRICULTURAL SOLUTIONS ARGENTINA S.A.,MEPIQUAT CLORURO 5%,III
32034,BIOREND,ERVITI FACUNDO,"QUITOSANO 2,5%",III
32033,BROM-O-GAS,BENOC ARGENTINA S R L,"BROMURO DE METILO 95,5%",Ia
31986,GLIFOSATO ATANOR,ATANOR SOCIEDAD EN COMANDITA POR ACCIONES,GLIFOSATO 48%,III
31981,BAC-THUR,S ANDO Y CIA SACIIF,BACILLUS THURINGIENSIS 15%,IV
31954,DORMEX,EVONIK ARGENTINA S.A,CIANAMIDA HIDROGENADA 49%,II
31948,PANTERA,UPL ARGENTINA S. A.,QUIZALOFOP-P TEFURIL 3%,III
31923,CORAZA 15,UPL ARGENTINA S. A.,DIFENILAMINA 15%,III
31918,"PRIME + 12,5 EC",SYNGENTA AGRO SOCIEDAD ANONIMA,"FLUMETRALIN 12,5%",II
31901,ENEDOS BT,LABORATORIOS ARBO S.R.L.,"BACILLUS THURINGIENSIS 3,5%",IV
31893,AGROSTIM,FMC QUIMICA S. A.,FOLCISTEINA 5%,IV
31890,RANGO GR,UPL ARGENTINA S. A.,QUIZALOFOP-P TEFURIL 12%,III
31888,ULTRA PLUS,BINKA SA,"BRODIFACOUM ,005%",III
31882,SULFATO DE COBRE AGROMEN,ICOA S.A.,SULFATO DE COBRE PENTAHIDRATADO 98%,II
31860,POLVO BORDELES GRHESA AGRO,NINIVE SOCIEDAD ANONIMA COM IND FIN INM Y AGROPECUARIA,"OXICLORURO DE COBRE 25,2%",II
31856,SEMEVIN,AGRO BAYER S. R. L.,TIODICARB 35%,II
31820,BULLDOCK,AGRO BAYER S. R. L.,"BETA-CIFLUTRINA 12,5%",II
31817,PRODIME 40,PROTEGRAN S A,DIMETOATO 40%,II
31812,KRUEL,UPL ARGENTINA S. A.,CIPERMETRINA 25%,II
31801,LOGRAN,SYNGENTA AGRO SOCIEDAD ANONIMA,TRIASULFURON 75%,III
31781,NOVAOIL,NOVA S. A. U.,"ACEITE MINERAL 85,4%",IV
31760,DICARZOL 50 PS,BROMETAN S. R. L.,FORMETANATO 50%,Ib
31759,PRODIGIO 60 SC,AGRO BAYER S. R. L.,ACLONIFEN 60%,III
31755,PENNCOZEB,UPL ARGENTINA S. A.,MANCOZEB 80%,IV
31753,TIOSOL,AGRO ROCA S A,"AZUFRE 99,3%",III
31731,ALUFOS,BORCHES Y CIA S A,FOSFURO DE ALUMINIO 56%,Ia
31725,PIVOT H,BASF AGRICULTURAL SOLUTIONS ARGENTINA S.A.,"IMAZETAPIR 10,59%",III
31701,SHERIFF,XOMEZANA SA,"QUIZALOFOP-P ETIL 1,8%",IV
31700,ADAMA ESSENTIALS AGIL,ADAMA ARGENTINA SOCIEDAD ANONIMA,PROPAQUIZAFOP 10%,III
31641,GALGOPER,CHEMOTECNICA S. A.,"PERMETRINA 38,4%",II
31627,NASS 50,LABORATORIOS PEYTE S.A.,ALQUIL ARIL POLIGLICOL ETER 50%,IV
31603,ADAMA ESSENTIALS XEDREL 50,ADAMA ARGENTINA SOCIEDAD ANONIMA,IMAZALIL 50%,II
31593,DEMILDEX,SINER S A,OXICLORURO DE COBRE 84%,III
31567,DETERCIDE 24,WASSINGTON SACIFEI,ORTO FENIL FENOL 24%,III
31547,"ATANOR MCPA 91,9 SL",ATANOR SOCIEDAD EN COMANDITA POR ACCIONES,"M.C.P.A. 91,9%",III
31520,ADAMA ESSENTIALS ATRANEX,ADAMA ARGENTINA SOCIEDAD ANONIMA,ATRAZINA 50%,III
31504,FUNGAFLOR 50 EC,GOLDAR DANIEL EDMUNDO,IMAZALIL 50%,II
31485,ADAMA ESSENTIALS SUPRATHION,ADAMA ARGENTINA SOCIEDAD ANONIMA,METIDATION 40%,II
31482,ADAMA ESSENTIALS AMETREX,ADAMA ARGENTINA SOCIEDAD ANONIMA,AMETRINA 50%,III
31460,SUMILEX 50,S ANDO Y CIA SACIIF,PROCIMIDONE 50%,IV
31431,CIPERMIN,FALCROP S. A.,CIPERMETRINA 25%,II
31425,HARNESS,AGRO BAYER S. R. L.,ACETOCLOR 90%,III
31424,GUARDIAN,AGRO BAYER S. R. L.,ACETOCLOR 84%,II
31419,NAFUSAKU,S ANDO Y CIA SACIIF,ALFA NAFTALEN ACETICO 4%,IV
31418,GIBERELINA KA,S ANDO Y CIA SACIIF,ACIDO GIBERELICO 10%,IV
31417,COTACUATRO,S ANDO Y CIA SACIIF,SULFATO DE COBRE PENTAHIDRATADO 10%,III
31414,KASUMIN 2,S ANDO Y CIA SACIIF,KASUGAMICINA 2%,IV
31395,REGLONE,SYNGENTA AGRO SOCIEDAD ANONIMA,DIQUAT 40%,II
31389,ADAMA ESSENTIALS RAINBOW,ADAMA ARGENTINA SOCIEDAD ANONIMA,FLUROCLORIDONA 25%,II
31343,DETERCIDE,WASSINGTON SACIFEI,ORTO FENIL FENOL 12%,III
31333,BROMETAN,BROMETAN S. R. L.,BROMURO DE METILO 98%,Ia
31315,PADAN 50 SP,S ANDO Y CIA SACIIF,CARTAP 50%,II
31302,ORTHOCIDE 80 WP,UPL ARGENTINA S. A.,CAPTAN 80%,IV
31301,VTL DUPERIAL,INDUSTRIAS QUIMICAS CARFOS SRL,"AZUFRE 99,4%",III
31269,ROYAL MH,UPL ARGENTINA S. A.,"HIDRAZIDA MALEICA 24,6%",IV
31258,OMITE 30 W,UPL ARGENTINA S. A.,PROPARGITE 30%,IV
31257,OMITE 72 E,UPL ARGENTINA S. A.,PROPARGITE 72%,II
31241,ADAMA ESSENTIALS SUPERFOLPAN,ADAMA ARGENTINA SOCIEDAD ANONIMA,FOLPET 80%,III
31230,NISSHIN,ISK ARGENTINA BRANCH,NICOSULFURON 75%,IV
31228,TOPAS,SYNGENTA AGRO SOCIEDAD ANONIMA,PENCONAZOLE 10%,III
31223,TILT 25 EC,SYNGENTA AGRO SOCIEDAD ANONIMA,PROPICONAZOLE 25%,III
31220,GESAPRIM 90 WDG,SYNGENTA AGRO SOCIEDAD ANONIMA,ATRAZINA 90%,III
31212,GESAPRIM 50 FW,SYNGENTA AGRO SOCIEDAD ANONIMA,ATRAZINA 50%,III
31200,CERCOBIN,S ANDO Y CIA SACIIF,METIL TIOFANATO 70%,IV
31199,CERCOBIN U.L.V.,S ANDO Y CIA SACIIF,METIL TIOFANATO 50%,III
31198,CERCOBIN N.F,S ANDO Y CIA SACIIF,METIL TIOFANATO 70%,III
31168,ADAMA ESSENTIALS ACARISTOP 50 SC,ADAMA ARGENTINA SOCIEDAD ANONIMA,CLOFENTEZINE 50%,IV
31149,NISSORUN,S ANDO Y CIA SACIIF,HEXITIAZOX 10%,IV
31148,SUPERCUPROL,TORT VALLS S.A.,OXICLORURO DE COBRE 84%,II
31120,MANZATE PRO-STICK,UPL ARGENTINA S. A.,MANCOZEB 75%,III
31107,TOMATOSA,KAYKUN S.R.L.,ACIDO BETA NAFTOXIACETICO 1%,III
31099,COMMAND,FMC QUIMICA S. A.,CLOMAZONE 48%,II
31091,DOMINEX,FMC QUIMICA S. A.,ALFACIPERMETRINA/ALFAMETRINA 15%,II
31090,TALSTAR,FMC QUIMICA S. A.,BIFENTRIN 10%,II
31072,ARGENFRUT RV,GULF OIL ARGENTINA S.A.,ACEITE MINERAL 86%,IV
31071,ARGENFRUT L. ALFA,GULF OIL ARGENTINA S.A.,ACEITE MINERAL 82%,IV
31070,ARGENFRUT RI,GULF OIL ARGENTINA S.A.,ACEITE MINERAL 86%,IV
31062,ADAMA ESSENTIALS LINUREX,ADAMA ARGENTINA SOCIEDAD ANONIMA,LINURON 50%,III
31052,ADAMA ESSENTIALS MERPAN,ADAMA ARGENTINA SOCIEDAD ANONIMA,CAPTAN 83%,III
31043,CHALLENGER,CORTEVA AGRISCIENCE ARGENTINA SRL,NICOSULFURON 75%,IV
31039,CORAZA L 35,UPL ARGENTINA S. A.,DIFENILAMINA 35%,III
31032,FORMULAGRO TIURAM T 25,FORMULAGRO SOCIEDAD RESPONSABILIDAD LIMITADA,TIRAM 25%,III
31022,ALIETTE,AGRO BAYER S. R. L.,FOSETIL ALUMINIO 80%,III
31020,MIKAL,BAYER SOCIEDAD ANONIMA,FOLPET 25%,IV
31016,ASULOX,UPL ARGENTINA S. A.,"ASULAM 43,8%",III
31002,SUMI ALPHA 5 E,S ANDO Y CIA SACIIF,"ESFENVALERATO 5,2%",IV
30997,K-OBIOL,2022 ENVIRONMENTAL SCIENCE AR S.A.,"DELTAMETRINA 2,5%",II
30967,NOMOLT,BASF AGRICULTURAL SOLUTIONS ARGENTINA S.A.,TEFLUBENZURON 15%,III
30911,GALGOTRIN,CHEMOTECNICA S. A.,CIPERMETRINA 25%,II
30896,GALGOFOS,CHEMOTECNICA S. A.,"DIMETOATO 37,6%",II
30848,LIBERTY,BASF AGRICULTURAL SOLUTIONS ARGENTINA S.A.,GLUFOSINATO DE AMONIO 20%,II
30803,ALMACIGOL,JNG & ASOCIADOS S A,SULFATO NEUTRO DE OXIQUINOLEINA 98%,II
30778,SOLY-OIL,LABORATORIOS PEYTE S.A.,"ACEITE MINERAL 81,2%",IV
30736,TORDON 24 K,CORTEVA AGRISCIENCE ARGENTINA SRL,"PICLORAM 27,7%",III
30735,TORDON D 30,CORTEVA AGRISCIENCE ARGENTINA SRL,"2,4 D 44,7%, PICLORAM 11,4%",III
30668,SEVIN 85 S,PB LEINER ARGENTINA SA,CARBARIL 85%,II
30667,ANTRACOL,AGRO BAYER S. R. L.,PROPINEB 70%,III
30641,MANZATE CC,UPL ARGENTINA S. A.,MANCOZEB 80%,IV
30596,BANVEL,SYNGENTA AGRO SOCIEDAD ANONIMA,"DICAMBA 57,8%",III
30583,PHOSGAS PASTILLONES,PROFUM S. A.,FOSFURO DE ALUMINIO 60%,Ia
30582,PHOSGAS PASTILLAS,PROFUM S. A.,FOSFURO DE ALUMINIO 60%,Ia
30581,PHOSGAS COMPRIMIDOS,PROFUM S. A.,FOSFURO DE ALUMINIO 60%,Ia
30572,BAYLETON,2022 ENVIRONMENTAL SCIENCE AR S.A.,TRIADIMEFON 25%,III
30461,SELECT,UPL ARGENTINA S. A.,CLETODIM 24%,III
30458,ESCORT,FMC QUIMICA S. A.,METSULFURON METIL 60%,IV
30450,ESTRELLA,ASOCIACION DE COOPERATIVAS ARGENTINAS - COOP. LTDA.,GLIFOSATO 48%,III
30448,AMITRAZ ESTRELLA,ASOCIACION DE COOPERATIVAS ARGENTINAS - COOP. LTDA.,AMITRAZ 20%,II
30437,BASAMID G,MITSUI & CO. (ARGENTINA) S. A.,DAZOMET 98%,III
30423,KUMULUS DF,BASF AGRICULTURAL SOLUTIONS ARGENTINA S.A.,AZUFRE 80%,III
30419,TRIZIMAN D,UPL ARGENTINA S. A.,MANCOZEB 80%,IV
30411,BLAZER,UPL ARGENTINA S. A.,"ACIFLUORFEN SODICO 23,8%",III
30406,BASAGRAN 60,BASF AGRICULTURAL SOLUTIONS ARGENTINA S.A.,BENTAZONA 60%,II
30358,SENCOREX 48,AGRO BAYER S. R. L.,METRIBUZIN 48%,III
30345,FLEX,SYNGENTA AGRO SOCIEDAD ANONIMA,FOMESAFEN 25%,III
30327,PLACAS DEGESCH,FUGRAN COMERCIAL E INDUSTRIAL SA,FOSFURO DE MAGNESIO 56%,Ia
30324,DEGESCH MAGTOXIN,FUGRAN COMERCIAL E INDUSTRIAL SA,FOSFURO DE MAGNESIO 66%,Ia
30322,PHOSTOXIN DEGESCH,FUGRAN COMERCIAL E INDUSTRIAL SA,FOSFURO DE ALUMINIO 60%,Ia
30318,AGROFUR,AGRO ROCA S A,POLISULFURO DE CALCIO 23%,II
30314,CARBARYL ROCA,AGRO ROCA S A,CARBARIL 85%,II
30304,TIOKOLL 80,AGRO ROCA S A,AZUFRE 80%,III
30274,MATAHOR GLEX,GLEBA S A,FENITROTION 2%,III
30240,ITALAME,SIPCAM ARGENTINA S.R.L.,AMETRINA 50%,III
30230,VENCEWEED EXTRA,ATANOR SOCIEDAD EN COMANDITA POR ACCIONES,"2,4-DB 93,1%",II
30228,TRAC 50 FL,ATANOR SOCIEDAD EN COMANDITA POR ACCIONES,ATRAZINA 50%,II
30226,HERBIFEN AMINA TD,ATANOR SOCIEDAD EN COMANDITA POR ACCIONES,"2,4 D 58,4%",II
30221,TRIVERDAX,ATANOR SOCIEDAD EN COMANDITA POR ACCIONES,TRIFLURALINA 48%,III
30189,XIPER 25,UPL ARGENTINA S. A.,CIPERMETRINA 25%,II
30142,ACTELLIC 50,SYNGENTA AGRO SOCIEDAD ANONIMA,PIRIMIFOS METIL 50%,II
30140,AFICIDA,SYNGENTA AGRO SOCIEDAD ANONIMA,PIRIMICARB 50%,II
30137,RINDER,EL TOBIANO SA,GLIFOSATO 48%,III
30116,VERTIMEC,SYNGENTA AGRO SOCIEDAD ANONIMA,"ABAMECTINA 1,8%",II
30115,ISHIPRON,ISK ARGENTINA BRANCH,CLORFLUAZURON 5%,III
30114,KURGA,ISK ARGENTINA BRANCH,FLUAZIFOP-P BUTIL 15%,IV
30106,HERBIFEN AMINA 70,ATANOR SOCIEDAD EN COMANDITA POR ACCIONES,"2,4 D 84,3%",II
30105,"2,4D AMINA",ATANOR SOCIEDAD EN COMANDITA POR ACCIONES,"2,4 D 57,8%",II
30100,MATAYUYOS SELECTIVO MCPA,ATANOR SOCIEDAD EN COMANDITA POR ACCIONES,M.C.P.A. 28%,III
30095,SISTEMICO ATANOR CE,ATANOR SOCIEDAD EN COMANDITA POR ACCIONES,"DIMETOATO 37,6%",II
30094,CIPERMETRINA ATANOR 25,ATANOR SOCIEDAD EN COMANDITA POR ACCIONES,CIPERMETRINA 25%,II
30087,ADARVE CIPE 25,HIDRUM TECNOLOGIA QUIMICA SRL,CIPERMETRINA 25%,II
30085,VENDAVAL FUMIGANTE V,AGROFACIL S A,"METAN SODIO 32,7%",III
30084,BAC HM 36,GELP S. R. L.,HIDRAZIDA MALEICA 36%,III
30080,DIPEL L. PLUS,SUMITOMO CHEMICAL ARGENTINA S.A.,"BACILLUS THURINGIENSIS 3,5%",IV
30077,PROMALINA,SUMITOMO CHEMICAL ARGENTINA S.A.,"6 BENCILADENINA 2%, GIBERELINA A4 Y A7 2%",IV
30076,PROGIBB,SUMITOMO CHEMICAL ARGENTINA S.A.,GIBERELINA A3 10%,IV
30071,SYSTHANE W,CORTEVA AGRISCIENCE ARGENTINA SRL,MICLOBUTANIL 40%,II
30070,SYSTHANE E,CORTEVA AGRISCIENCE ARGENTINA SRL,MICLOBUTANIL 25%,II
30068,KERB 50 - W,CORTEVA AGRISCIENCE ARGENTINA SRL,PROPIZAMIDA / PRONAMIDA 50%,IV
30060,DITHANE M-80,UPL ARGENTINA S. A.,MANCOZEB 80%,IV
30058,KOLTAR EC,AGROREGISTROS PROFESIONALES S.R.L.,OXIFLUORFEN 24%,III
30038,CRESTAR,SYNGENTA AGRO SOCIEDAD ANONIMA,PACLOBUTRAZOL 25%,II
30030,MCPA CONTROLER,AGROFACIL S A,M.C.P.A. 28%,II
30016,HUMECTANTE ADHERENTE ACA,ASOCIACION DE COOPERATIVAS ARGENTINAS - COOP. LTDA.,ALQUIL ARIL POLIGLICOL ETER 50%,III
30009,ADAMA ESSENTIALS BROMOTRIL,ADAMA ARGENTINA SOCIEDAD ANONIMA,"BROMOXINIL 34,9%",II
30005,"2,4DB 100 ACA",ASOCIACION DE COOPERATIVAS ARGENTINAS - COOP. LTDA.,"2,4-DB 100%",III
ST-T-101020,RIDOWN 72,RAINBOW AGROSCIENSES SA,"GLIFOSATO 79,2% p/p",S/D
ST-T-101001,WYNCA BENTAZONE 48 SL,REGISTROS AGROPECUARIOS SRL,BENTAZONA 48% p/v,S/D
ST-T-101000,HALONIX 75 WG,RAINBOW AGROSCIENSES SA,HALOSULFURON-METIL 75% p/p,S/D
ST-T-100980,FLUAZINAM 50 LOMAS,3 LOMAS S.A.,FLUAZINAM 50% p/v,S/D
ST-T-100960,"ABA PLUS 3,6 EC",GIUNZIONE S.R.L.,"ABAMECTINA 3,6% p/v",S/D
ST-T-100941,FENAPYR SC,REGISTROS AGROPECUARIOS SRL,CLORFENAPIR 24% p/v,S/D
ST-T-100922,ISOXAFLUTOLE 75 WG DANKEN,ZSCHEM ARGENTINA S. A.,ISOXAFLUTOLE 75% p/p,S/D
ST-T-100921,BIFENTRIN 40 FENDER,PRO CROP S.A.,BIFENTRIN 40% p/v,S/D
ST-T-100900,CLETOS 36% EC,LABORATORIOS PEYTE S.A.,CLETODIM 36% p/v,S/D
ST-T-100881,GLUFE 20 SL,REGISTROS AGROPECUARIOS SRL,GLUFOSINATO DE AMONIO 20% p/v,S/D
ST-T-100880,ECHO 90,SIPCAM ARGENTINA S.R.L.,CLOROTALONIL 90% p/p,S/D
ST-T-100862,PILARCLOMAX,PILARQUIM ARGENTINA S. R. L.,CLOMAZONE 36% p/v,S/D
ST-T-100860,TOPRAMEZONE DVA,DVA AGRO GMBH S.E.E.,"TOPRAMEZONE 33,6% p/v",S/D
ST-T-100842,SAFFRA,DVA AGRO GMBH S.E.E.,SAFLUFENACIL 70% p/p,S/D
ST-T-100840,VITALS PIROXA 85,UNION DEL LITORAL S. R. L.,PIROXASULFONE 85% p/p,S/D
ST-T-100821,LAMBDA MAX CS FENDER,PRO CROP S.A.,LAMBDA-CIALOTRINA 25% p/v,S/D
ST-T-100820,REDFIRE,RAINBOW AGROSCIENSES SA,"DIURON 18% p/v, TIDIAZURON 36% p/v",S/D
ST-T-100801,ARACNO WG,REGISTROS AGROPECUARIOS SRL,DICLOSULAM 84% p/p,S/D
ST-T-100800,LASER 97 WG,REGISTROS AGROPECUARIOS SRL,ACEFATO 97% p/p,S/D
ST-T-100781,STARANE ULTRA,REGISTROS AGROPECUARIOS SRL,"FLUROXIPIR MEPTIL 28,79% p/v",S/D
ST-T-100780,FENDEX,REGISTROS AGROPECUARIOS SRL,"AZOXISTROBINA 20% p/v, DIFENOCONAZOLE 12,5% p/v",S/D
ST-T-100762,ESCUDO SC,REGISTROS AGROPECUARIOS SRL,CLORANTRANILIPROLE 40% p/v,S/D
ST-T-100760,"KUDOS 27,5 WDG",S ANDO Y CIA SACIIF,"PROHEXADIONE DE CALCIO 27,5% p/p",S/D
ST-T-100742,PIROXASULFONE 85% WG,BIOACTING S.A.,PIROXASULFONE 85% p/p,S/D
ST-T-100741,ROCKROLE,RAINBOW AGROSCIENSES SA,"CLORANTRANILIPROLE 10% p/v, TIAMETOXAM 20% p/v",S/D
ST-T-100740,FOMEFLEX,REGISTROS AGROPECUARIOS SRL,"FOMESAFEN 26,25% p/v",S/D
ST-T-100720,ESPLANADE,2022 ENVIRONMENTAL SCIENCE AR S.A.,INDAZIFLAM 50% p/p,S/D
ST-T-100701,STARFAIR,AGRI STAR S. A.,"ALCOHOLES GRASOS 72,7% p/v",S/D
ST-T-100700,FLUSTAR,AGRI STAR S. A.,"FLUMETRALIN 13,7% p/v",S/D
ST-T-100682,FLONAMID,INSUMOS AGROQUIMICOS SOCIEDAD ANONIMA,FLONICAMID 50% p/p,S/D
ST-T-100680,PYRACLONIL GOWAN,GOWAN ARGENTINA S.R.L.,"PYRACLONIL 3,7% p/v",III
ST-T-100661,PILAROW,PILARQUIM ARGENTINA S. R. L.,CLETODIM 24% p/v,S/D
ST-T-100660,MAXAPAC,REGISTROS AGROPECUARIOS SRL,TRINEXAPAC-ETIL 25% p/v,S/D
ST-T-100641,GAZINA 50 SC,AGROBEATS ARGENTINA S.A.U.,FLUMIOXAZIN 50% p/v,S/D
ST-T-100640,MAXTIDIAZ,REGISTROS AGROPECUARIOS SRL,"DIURON 6% p/p, TIDIAZURON 12% p/p",IV
ST-T-100620,"TERBUTILAZIN 87,5 B",REGISTROS AGROPECUARIOS SRL,"TERBUTILAZINA 87,5% p/p",S/D
ST-T-100600,"TRUMAN 37,4 SL",REGISTROS AGROPECUARIOS SRL,"DIQUAT DIBROMURO 37,4% p/v",S/D
ST-T-100560,ATRAZINA 90 FENDER I,PRO CROP S.A.,ATRAZINA 90% p/p,S/D
ST-T-100540,GLIFOSATO CHDS 72 WG,CHDS DO BRASIL COMERCIO DE INSUMOS AGRICOLAS LTDA.,"GLIFOSATO 79,2% p/p",S/D
ST-T-100520,APUS 20 SC,ZSCHEM ARGENTINA S. A.,CLORANTRANILIPROLE 20% p/v,S/D
ST-T-100506,NORDOX 45,BROMETAN S. R. L.,"OXIDO CUPROSO 50,65% p/p",S/D
ST-T-100505,NICOSULFURON LPU INSUAGRO,INSUMOS AGROQUIMICOS SOCIEDAD ANONIMA,NICOSULFURON 4% p/v,S/D
ST-T-100504,BENTASTAR,AGRI STAR S. A.,BENTAZONA 48% p/v,S/D
ST-T-100503,AVATI,ZSCHEM ARGENTINA S. A.,TERBUTILAZINA 90% p/p,S/D
ST-T-100502,NICOSULFURON BYC 4% LPU,BORCHES Y CIA S A,NICOSULFURON 4% p/v,S/D
ST-T-100501,GLIFOSATO SAL POTASICA 540 SL,BIOACTING S.A.,GLIFOSATO 54% p/v,IV
ST-T-100460,THORM 24 SL,LABORATORIOS PEYTE S.A.,PICLORAM 24% p/v,S/D
ST-T-100441,AZOXISTROBINA 250 SC,BIOACTING S.A.,AZOXISTROBINA 25% p/v,III
ST-T-100440,SUNWARD,RAINBOW AGROSCIENSES SA,ISOXAFLUTOLE 75% p/p,S/D
ST-T-100420,HERMOSO,CHDS DO BRASIL COMERCIO DE INSUMOS AGRICOLAS LTDA.,TIAMETOXAM 75% p/v,S/D
ST-T-100400,LAMDIDÍ 25,FARMCHEM SA,LAMBDA-CIALOTRINA 25% p/v,S/D
ST-T-100380,PILARCAMBA,PILARQUIM ARGENTINA S. R. L.,"DICAMBA 57,8% p/v",S/D
ST-T-100360,IMARK,RAINBOW AGROSCIENSES SA,IMAZAPIC 70% p/p,III
ST-T-100340,TOTRIL,AGRI STAR S. A.,"OCTANOATO DE IOXINIL 33,5% p/v",S/D
ST-T-100323,CANDOPA,RAINBOW AGROSCIENSES SA,TRINEXAPAC-ETIL 25% p/v,S/D
ST-T-100322,ESSENCE XTRA,RAINBOW AGROSCIENSES SA,"BOSCALID 25,2% p/p, PIRACLOSTROBIN 12,8% p/p",S/D
ST-T-100321,QUICKER FULL,RAINBOW AGROSCIENSES SA,ETEFON 72% p/v,S/D
ST-T-100320,PICOCARB,RAINBOW AGROSCIENSES SA,"FLUOPICOLIDE 6,25% p/v, PROPAMOCARB CLORHIDRATO 62,5% p/v",III
ST-T-100300,NATE 20,LABORATORIOS PEYTE S.A.,GLUFOSINATO DE AMONIO 20% p/v,III
ST-T-100283,KROMSTAR,RAINBOW AGROSCIENSES SA,"CIPROCONAZOLE 8% p/v, PICOXISTROBIN 20% p/v",S/D
ST-T-100282,CLEVEROLE,RAINBOW AGROSCIENSES SA,CLORANTRANILIPROLE 20% p/v,IV
ST-T-100281,MAXUTOL,REGISTROS AGROPECUARIOS SRL,ISOXAFLUTOLE 75% p/p,III
ST-T-100280,FLUR X-TRA 48 EC,LABORATORIOS PEYTE S.A.,FLUROXIPIR MEPTIL 48% p/v,III
ST-T-100262,SCHONIL,RAINBOW AGROSCIENSES SA,FLUDIOXONIL 23% p/v,IV
ST-T-100261,CONDUCTOR CS,RAINBOW AGROSCIENSES SA,CLOMAZONE 36% p/v,III
ST-T-100260,KEYROLE SEED,RAINBOW AGROSCIENSES SA,CLOTIANIDIN 60% p/v,II
ST-T-100241,CUATE,LABORATORIOS PEYTE S.A.,"PARAQUAT DICLORURO 27,6% p/v",III
ST-T-100240,FIPRO MIL FARM CHEMICALS,FARM CHEMICALS ARGENTINA S.R.L,FIPRONIL 25% p/v,II
ST-T-100220,NOVALURON 10 FARM CHEMICALS,FARM CHEMICALS ARGENTINA S.R.L,NOVALURON 10% p/v,III
ST-T-100200,MAXPINOXA,REGISTROS AGROPECUARIOS SRL,"CLOQUINTOCET MEXIL 2,5% p/v, PINOXADEN 10% p/v",III
ST-T-100182,AMICANE XTRA,RAINBOW AGROSCIENSES SA,AMICARBAZONE 70% p/p,III
ST-T-100181,PREGUARD,RAINBOW AGROSCIENSES SA,FLUAZINAM 50% p/v,III
ST-T-100180,MAXPIROXA 85 WG,REGISTROS AGROPECUARIOS SRL,PIROXASULFONE 85% p/p,III
ST-T-100160,WAKE UP,FARM CHEMICALS ARGENTINA S.R.L,CIANAMIDA HIDROGENADA 49% p/v,II
ST-T-100140,COMMAND 36,FMC QUIMICA S. A.,CLOMAZONE 36% p/v,IV
ST-T-100120,BIFENTRIN MAX MAD 40 XL FARM CHEMICALS,FARM CHEMICALS ARGENTINA S.R.L,BIFENTRIN 40% p/v,II
ST-T-100100,PIROXASULFONE 85 WG KINGTAI,ADVAGRO S. A.,PIROXASULFONE 85% p/p,III
ST-T-100060,INDOXAFARM,FARM CHEMICALS ARGENTINA S.R.L,INDOXACARB 30% p/p,III
ST-T-100040,QUICKLY MITE KILLER FARM CHEMICALS,FARM CHEMICALS ARGENTINA S.R.L,SPIRODICLOFEN 24% p/v,III
ST-T-100022,HASHTAG,FARM CHEMICALS ARGENTINA S.R.L,ACETAMIPRID 20% p/p,II
ST-T-100021,VAYEGO,AGRO BAYER S. R. L.,TETRANILIPROLE 20% p/v,III
ST-T-100020,CORAGEN STAR B,FMC QUIMICA S. A.,"BIFENTRIN 19% p/v, CLORANTRANILIPROLE 6% p/v",III
ST-T-100000,PMZ 50 WG,FARM CHEMICALS ARGENTINA S.R.L,PIMETROZINE 50% p/p,III
SE-535 (ST-T-100962),SPEEDWET MAXION PLUS,SPEEDAGRO S.R.L.,ALCOHOL LINEAL ETOXILADO 15% p/v,IV
SE-534 (ST-T-100961),SPEEDWET KWR4,SPEEDAGRO S.R.L.,"ALCOHOL LINEAL ETOXILADO 8,8% p/v",IV
SE-533 (ST-T-100940),SELECT DUO,UPL ARGENTINA S. A.,"CLETODIM 24% p/v, QUIZALOFOP-P ETIL 12% p/v",S/D
SE-531,BAC HM36,EL TOBIANO SA,HIDRAZIDA MALEICA 36% p/v,IV
SE-530,CADOU,AGRO BAYER S. R. L.,"FLUFENACET 50,8% p/v",II
SE-529,BACARA STAR,AGRO BAYER S. R. L.,"ACLONIFEN 45% p/v, DIFLUFENICAN 3% p/v, FLUFENACET 9% p/v",II
SE-525,BEXFOND FA,PROTERGIUM AGROCIENCIAS S. A.,Bacillus Velezensis 2%,IV
SE-523,LIBERTY ULTRA,BASF ARGENTINA S. A.,"GLUFOSINATO-P-AMONIO 21,1%",S/D
SE-521,CIMOXANILO 18 + FLUOPICOLIDA 10 SC,GLEBA S A,"CIMOXANIL 18%, FLUOPICOLIDE 10%",S/D
SE-520,"2,4-D 39,6 + PICLORAM 10,2 SL",GLEBA S A,"2,4 D 39,6%, PICLORAM 10,2%",S/D
SE-519,"FLUXAPIROXAD 7,2 + PIRACLOSTROBINA 10 + PROTIOCONAZOLE 10 SC",GLEBA S A,"FLUXAPIROXAD 7,2%, PIRACLOSTROBIN 10%, PROTIOCONAZOLE 10%",S/D
SE-518,TIAMETO + LAMBDA TOBI,EL TOBIANO SA,"LAMBDA-CIALOTRINA 10,6%, TIAMETOXAM 14,1%",III
SE-517,SAFLUFENACIL 70 SC,GLEBA S A,SAFLUFENACIL 70%,S/D
SE-516,KETRAN,CHEMOTECNICA S. A.,"BROMADIOLONE ,005%",IV
SE-515,PROVISIA PRO,BASF AGRICULTURAL SOLUTIONS ARGENTINA S.A.,QUIZALOFOP-P ETIL 30%,III
SE-513,LIGIER DESSEC OIL,BAHNSA S.A.,"ESTERES METILICOS DE ACIDOS GRASOS DE ACEITE DE SOJA 37,8%",IV
SE-512,BIOTECNA HOR-TAL TD,RAUL OSCAR AGUERRE E HIJOS S A,TIERRA DE DIATOMEAS 100%,IV
SE-511,SULFENTRA 50 TOBIANO,EL TOBIANO SA,SULFENTRAZONE 50%,III
SE-510,FLUMIOXAZIN 48 TOBIANO,EL TOBIANO SA,FLUMIOXAZIN 48%,IV
SE-508,ARRANTOOL,RAINBOW AGROSCIENSES SA,"2,4 D 59,69%, AMINOPIRALID 7,69%",III
SE-507,CLORANTRAMYL,TECNOMYL S. A.,CLORANTRANILIPROLE 40%,IV
SE-504,AZOXY CIPRO TOBI,EL TOBIANO SA,"AZOXISTROBINA 20%, CIPROCONAZOLE 8%",II
SE-503,LIGIER CLEAN,BAHNSA S.A.,MEZCLA DE FOSFATOS Y SILICATOS CON ALQUIARILSULFUNATOS 87%,II
SE-501,REGALIA MAXX SE,RIZOBACTER ARGENTINA S A,EXTRACTO DE REYNOUTRIA SACHALINENSIS 20%,IV
SE-500,TOBQUAT,EL TOBIANO SA,"PARAQUAT DICLORURO 27,6%",II
SE-498,BRENNEN,AGM ARGENTINA S. A.,SAFLUFENACIL 20%,IV
SE-497,BENEVIA EVO SE,FMC QUIMICA S. A.,CIANTRANILIPROLE 30%,IV
SE-495,CIBUS BPro,ACAY AGRO SA,"BIFENTRIN ,35%",IV
SE-491,"2,4D LV TOBIANO",EL TOBIANO SA,"2,4 D 89%",III
SE-490,VALENCUA,BASF AGRICULTURAL SOLUTIONS ARGENTINA S.A.,"METILTETRAPROLE 16%, PROTIOCONAZOLE 28%",III
SE-469,GRAMINI ELITE SOLO EXPORTACIÓN CHIMAGRO,CHIMAGRO SA,"CLETODIM 12%, HALOXIFOP-P METIL 6%",IV
SE-467,COWBOY ELITE SOLO EXPORTACIÓN CHIMAGRO,CHIMAGRO SA,DICAMBA 20%,III
SE-466,BINGO ELITE SOLO EXPORTACIÓN CHIMAGRO,CHIMAGRO SA,"FOMESAFEN 12,5%",IV
SE-464,TRICHOVIDAS BR,MICROVIDAS SRL,"TRICHODERMA HARZIANUM 3,24%",IV
SE-463,NDL2 SE,RIZOBACTER ARGENTINA S A,"ESTERES METILICOS DE ACIDOS GRASOS DE ACEITE VEGETAL 42,4%",IV
SE-462,DEDALO ELITE SOLO EXPORTACION,SURCOS S.A.,"2,4 D 30%",II
SE-461,VICROYA ORA,CORTEVA AGRISCIENCE ARGENTINA SRL,"METARYLPICOXAMID 8%, PICOXISTROBIN 12%",II
SE-458,FACYT ESPACIAL TT-E,FACYT I + D SA,"ALCOHOL LAURICO ETOXILADO 36,3%",IV
SE-457,FACYT ESPACIAL SIL-E,FACYT I + D SA,"ALCOHOL LAURICO ETOXILADO 24,9%",IV
SE-456,AZOXI+EPOXI SOLO EXPORTACION,SURCOS S.A.,"AZOXISTROBINA 7,5%, EPOXICONAZOLE 4,5%",II
SE-455,GLIFOSATO SOLO EXPORTACIÓN,SURCOS S.A.,GLIFOSATO 11%,III
SE-454,CIANTRANILIPROL 10 SE,GLEBA S A,CIANTRANILIPROLE 10%,III
SE-453,VAXA,DVA AGRO GMBH S.E.E.,"PICOXISTROBIN 20%, PROTIOCONAZOLE 24%",III
SE-452,CEDRIC,DVA AGRO GMBH S.E.E.,CLETODIM 24%,III
SE-451,MICRONEEM,MICROVIDAS SRL,"AZADIRACTINA 1,2%",IV
SE-450,CORAGEN XTW,FMC QUIMICA S. A.,"BIFENTRIN 19,5%, CLORANTRANILIPROLE 6%",III
SE-449,RODENTOC ESPUMA,BINKA SA,,III
SE-448,NO SCALD DPA,UPL ARGENTINA S. A.,DIFENILAMINA 31%,III
SE-447,CLOROTALONIL SOLO EXPORTACION,SURCOS S.A.,,IV
SE-446,JUMKAN MAX,FRAGARIA S.A.,MEZCLA DE ESTERES Y JABONES PROVENIENTES DE ACIDOS GRASOS DE ACEITES VEGETALES TRANSESTERIFICADOS CON GLICERINA. Contiene SUCROGLICERIDOS 67%,IV
SE-445,EFONEO SE,SYNGENTA AGRO SOCIEDAD ANONIMA,MELAZA DE CAÑA DE AZUCAR 100%,II
SE-444,BIFENTRIN SOLO EXPORTACION,SURCOS S.A.,BIFENTRIN 25%,II
SE-443,TRICLOPYR SOLO EXPORTACION,SURCOS S.A.,TRICLOPIR 35%,III
SE-442,SUBTILIS VIDAS,MICROVIDAS SRL,,IV
SE-441,ISARIA VIDAS,MICROVIDAS SRL,,IV
SE-440,PURPUR VIDAS,MICROVIDAS SRL,,IV
SE-439,MYRMEC FOR EXPORT,TECNO SENDA S.R.L.,"FIPRONIL ,003%",
SE-438,MAIZAL SOLO EXPORTACION,SURCOS S.A.,,III
SE-437,TROMPO SOLO EXPORTACION,SURCOS S.A.,,II
SE-436,FENPROPIMORF 35 + DIFENOCONAZOL 15 SE,GLEBA S A,"DIFENOCONAZOLE 15%, FENPROPIMORF 35%",III
SE-435,NICOSULFURON 6 + TEMBOTRIONE 13 OD,GLEBA S A,"NICOSULFURON 6%, TEMBOTRIONE 13%",IV
SE-434,N/C,AGROSPEC ARGENTINA S.A.,,II
SE-433,POLISULFURO SE,AGROSPEC ARGENTINA S.A.,,II
SE-432,PRESIDE SCSE,CORTEVA AGRISCIENCE ARGENTINA SRL,FLUMETSULAM 12%,III
SE-431,BEAUVERIA VIDAS,MICROVIDAS SRL,,IV
SE-430,METARHIZIUM VIDAS,MICROVIDAS SRL,,IV
SE-429,LECANICILLIUM VIDAS,MICROVIDAS SRL,,IV
SE-428,AVOID,DVA AGRO GMBH S.E.E.,"PICOXISTROBIN 20%, PROTIOCONAZOLE 24%",III
SE-427,CENTURION SUPER 120 EC,UPL ARGENTINA S. A.,CLETODIM 12%,II
SE-426,FIDRESA SE,FMC QUIMICA S. A.,"FLUINDAPYR 8,9%, PROTIOCONAZOLE 11,1%",IV
SE-425,TOKEN SE,NUTRIEN AG SOLUTIONS ARGENTINA S. A.,,III
SE-424,LUFKEN NT,AGM ARGENTINA S. A.,DICAMBA 20%,II
SE-423,PRECISO XK,ATANOR SOCIEDAD EN COMANDITA POR ACCIONES,"GLIFOSATO 66,2%",IV
SE-422,AZUGRO SE,FMC QUIMICA S. A.,,III
SE-421,GLIALL SE,NUTRIEN AG SOLUTIONS ARGENTINA S. A.,,III
SE-420,GRANT SE,NUTRIEN AG SOLUTIONS ARGENTINA S. A.,"2,4 D 80,6%",III
SE-419,ALSYSTIN 48 SC,AGRO BAYER S. R. L.,TRIFLUMURON 48%,IV
SE-418,"MCPA-DIMETILAMONIO 91,9 SL",GLEBA S A,,II
SE-417,BQ MAX,FRAGARIA S.A.,,IV
SE-416,CREDIT FULL,SUMITOMO CHEMICAL ARGENTINA S.A.,GLIFOSATO 70%,IV
SE-415,HAKON SE,SURCOS S.A.,"PICOXISTROBIN 7,5%, PROTIOCONAZOLE 6,5%",II
SE-414,DITERAN SE,SURCOS S.A.,,IV
SE-413,FINALE 15 SL,BASF AGRICULTURAL SOLUTIONS ARGENTINA S.A.,GLUFOSINATO DE AMONIO 15%,II
SE-412,NANOFOS SE,SURCOS S.A.,CLORPIRIFOS 25%,
SE-411,RIZODERMA T315 SE,RIZOBACTER ARGENTINA S A,,IV
SE-409,VESSARYA 15EC,CORTEVA AGRISCIENCE ARGENTINA SRL,"BENZOVINDIFLUPIR 5%, PICOXISTROBIN 10%",II
SE-408,DEDALO SE,SURCOS S.A.,"2,4 D 8%, GLIFOSATO 11%",III
SE-406,TEOREMA SE,SURCOS S.A.,ACETAMIPRID 20%,II
SE-405,TAURUS SE,CHIMAGRO SA,,IV
SE-404,OMEGA SE,SURCOS S.A.,,IV
SE-403,EPSILON SE,SURCOS S.A.,,III
SE-401,RICEFOP SE,SURCOS S.A.,,III
SE-399,TRICOSOIL,NITRAP SOCIEDAD DE RESPONSABILIDAD LIMITADA,TRICHODERMA HARZIANUM 3%,IV
SE-398,AGETEC REDUCE,AGM ARGENTINA S. A.,,IV
SE-397,AGETEC AQUA,AGM ARGENTINA S. A.,,IV
SE-396,FIPRONIL SOLO EXPORTACION,SURCOS S.A.,,II
SE-394,DESEKTOR,AGM ARGENTINA S. A.,,III
SE-393,PRETORIAN SE,RIZOBACTER ARGENTINA S A,,III
SE-392,HERBIFEN DMA,ATANOR SOCIEDAD EN COMANDITA POR ACCIONES,"2,4 D 57,8%",II
SE-391,PLANITY,SUMITOMO CHEMICAL ARGENTINA S.A.,"INPYRFLUXAM 6%, TEBUCONAZOLE 20%",III
SE-390,ROUNDUP TOP,AGRO BAYER S. R. L.,"GLIFOSATO 70,5%",IV
SE-389,BEAUVERIA SP,LABORATORIO SAN PABLO PRODUCTOS BIOLOGICOS S.R.L.,,
SE-388,NEMATRAP,NITRAP SOCIEDAD DE RESPONSABILIDAD LIMITADA,,
SE-386,BEATRAP,NITRAP SOCIEDAD DE RESPONSABILIDAD LIMITADA,BEAUVERIA BASSIANA 3%,IV
SE-385,BIOPROP,BONE PABLO DANIEL,,IV
SE-384,PREDATOX,RIZOBACTER ARGENTINA S A,,
SE-383,HERO,FMC QUIMICA S. A.,,II
SE-382,REAL 200 SC,BASF AGRICULTURAL SOLUTIONS ARGENTINA S.A.,TRITICONAZOLE 20%,II
SE-380,TEXARO WG,CORTEVA AGRISCIENCE ARGENTINA SRL,"DICLOSULAM 58%, HALAUXIFEN METIL 11,5%",IV
SE-379,DIFLUFENICAN 25 + PENOXSULAM 5 SC SE,GLEBA S A,"DIFLUFENICAN 25%, PENOXULAM 5%",IV
SE-378,PENOXSULAM 20 + PIRIBENZOXIM 25 SC SE,GLEBA S A,"PENOXULAM 20%, PIRIBENZOXIM 25%",
SE-376,AGETEC,AGM ARGENTINA S. A.,,
SE-375,DEPEGAL EXTRA,CHEMOTECNICA S. A.,,
SE-374,PANZER GOLD ST,CORTEVA AGRISCIENCE ARGENTINA SRL,"GLIFOSATO 60,8%",
SE-373,VERIVEM SE,FMC QUIMICA S. A.,"DIFENOCONAZOLE 30%, FLUINDAPYR 24%",II
SE-372,RIZOSPRAY MAX,RIZOBACTER ARGENTINA S A,,
SE-371,BOND SE,NUTRIEN AG SOLUTIONS ARGENTINA S. A.,,
SE-369,TROPMAX,EVONIK ARGENTINA S.A,"ESTERES METILICOS DE ACIDOS GRASOS DE ACEITE VEGETAL 79,8%",
SE-368,LIBERATE SE,NUTRIEN AG SOLUTIONS ARGENTINA S. A.,"ESTERES METILICOS DE ACIDOS GRASOS DE ACEITE DE SOJA 25%, LECITINA DE SOJA 50%",IV
SE-367,JUMKAN,FRAGARIA S.A.,MEZCLA DE ESTERES Y JABONES PROVENIENTES DE ACIDOS GRASOS DE ACEITES VEGETALES TRANSESTERIFICADOS CON GLICERINA. Contiene SUCROGLICERIDOS 86%,IV
SE-366,"IMAZAPIC 52,5 + IMAZAPIR 17,5 SE",GLEBA S A,"IMAZAPIC 52,5%, IMAZAPIR 17,5%",III
SE-365,ARGENFRUT RV,GULF OIL ARGENTINA S.A.,ACEITE MINERAL 86%,IV
SE-364,"CLOROTALONIL 37,5 + CIPROCANAZOL 3 + DIFENOCONAZOL 3 SC SE",GLEBA S A,"CIPROCONAZOLE 3%, CLOROTALONIL 37,5%, DIFENOCONAZOLE 3%",II
SE-363,"CLOROTALONIL 37,5 + CIPROCANAZOL 3 SC SE",GLEBA S A,"CIPROCONAZOLE 3%, CLOROTALONIL 37,5%",III
SE-362,CIPROCONAZOLE 20+ PICOXISTROBIN 10 SC CE,GLEBA S A,"CIPROCONAZOLE 20%, PICOXISTROBIN 10%",III
SE-361,ZIEL,AGM ARGENTINA S. A.,ESTERES METILICOS DE ACIDOS GRASOS DE ACEITE DE SOJA 70%,IV
SE-358,FACILITY,AGM ARGENTINA S. A.,,IV
SE-356,DEPAGAL 100,CHEMOTECNICA S. A.,D.D.V.P. 100%,Ib
SE-355,MINSET,CHEMOTECNICA S. A.,D.D.V.P. 48%,Ib
SE-354,LUNA EXPERIENCE,AGRO BAYER S. R. L.,"FLUOPYRAM 20%, TEBUCONAZOLE 20%",III
SE-350,MAXI DROP BIO +,ARROWWS ARGENTINA S. R. L.,,III
SE-349,IMPACT MIX,FMC QUIMICA S. A.,"FLUTRIAFOL 18,75%, IMIDACLOPRID 23,3%",III
SE-348,POWER PLUS DMA,ATANOR SOCIEDAD EN COMANDITA POR ACCIONES,"GLIFOSATO 60,8%",
SE-347,"IMPACT 12,5 SC",FMC QUIMICA S. A.,"FLUTRIAFOL 12,5%",IV
SE-346,IMPACT 25 SC,FMC QUIMICA S. A.,FLUTRIAFOL 25%,III
SE-344,SUMI REY SC,SUMMIT AGRO ARGENTINA S A,"METOMINOSTROBIN 15%, TEBUCONAZOLE 30%",II
SE-341,TRAC 90 WG ATANOR,ATANOR SOCIEDAD EN COMANDITA POR ACCIONES,ATRAZINA 90%,IV
SE-338,DICAMBA DGA ATANOR,ATANOR SOCIEDAD EN COMANDITA POR ACCIONES,"DICAMBA 70,8%",III
SE-336,CLORANTRANILIPROLE 20 SC - SE,GLEBA S A,CLORANTRANILIPROLE 20%,
SE-335,LONTREL XTRA,CORTEVA AGRISCIENCE ARGENTINA SRL,"2,4 D 43,3%, CLOPYRALID 4,6%",III
SE-334,CANDELA,CORTEVA AGRISCIENCE ARGENTINA SRL,"PICOXISTROBIN 10%, PROTIOCONAZOLE 11,67%",II
SE-333,ACTIVE PLUS,FITOQUIMICA S.A.,ACIDO FOSFORICO 70%,III
SE-332,ACTIVE SECATO AMONIO,FITOQUIMICA S.A.,ACIDO FOSFORICO 70%,III
SE-331,ACTIVE SIL,FITOQUIMICA S.A.,HEPTAMETILTRISILOXANO 100%,III
SE-330,AZOXI TEBUCO,SUMITOMO CHEMICAL ARGENTINA S.A.,"AZOXISTROBINA 12%, TEBUCONAZOLE 16%",II
SE-329,"QUIZALOFOP-P-ETIL 10,8 EC SE",GLEBA S A,"QUIZALOFOP-P ETIL 10,8%",IV
SE-328,REAL 200 SC,BASF AGRICULTURAL SOLUTIONS ARGENTINA S.A.,TRITICONAZOLE 20%,II
SE-325,S-METOLLACLORO 96 EC,GLEBA S A,S-METOLACLORO 96%,III
SE-322,TIAMETOXAM 15 + BIFENTRIN 10 SC,GLEBA S A,"BIFENTRIN 10%, TIAMETOXAM 15%",II
SE-320,GLUFOSINATO DE AMONIO 15 SL,GLEBA S A,GLUFOSINATO DE AMONIO 15%,II
SE-318,PARTNERTWO,AGROSS S.R.L.,ALCOHOL LAURICO ETOXILADO 35%,IV
SE-317,PARTNERONE,AGROSS S.R.L.,"ACIDO FOSFORICO 3%, ALCOHOL LAURICO ETOXILADO 15%",IV
SE-316,STINGER PRO,CORTEVA AGRISCIENCE ARGENTINA SRL,"CIPROCONAZOLE 4%, PICOXISTROBIN 9%",II
SE-315,AZOXISTROBIN + CYPROCONAZOLE + TEBUCONAZOLE SC,GLEBA S A,"AZOXISTROBINA 12%, CIPROCONAZOLE 5%, TEBUCONAZOLE 20%",III
SE-313,MAX,RIZOBACTER ARGENTINA S A,"MEZCLA DE ACIDOS FOSFONICOS DTPMP + ATMP 48,74%",II
SE-311,MPROVE OIL,RIZOBACTER ARGENTINA S A,ACEITE DE SOJA 85%,IV
SE-310,TWISTER,RIZOBACTER ARGENTINA S A,ESTERES METILICOS DE ACIDOS GRASOS DE ACEITE VEGETAL 70%,IV
SE-309,V OIL,LABORATORIOS PEYTE S.A.,ACEITE DE SOJA 91%,IV
SE-305,TEBUCONAZOL + CARBENDAZIMA SE,GLEBA S A,"CARBENDAZIM 12,5%, TEBUCONAZOLE 25%",IV
SE-303,PIRIPROXIFEN + ACETAMIPRID EC,GLEBA S A,"ACETAMIPRID 10%, PIRIPROXIFEN 10%",II
SE-300,MAGIC SE,FMC QUIMICA S. A.,"BIFENTRIN 3%, IMIDACLOPRID 10%",IV
SE-299,BOOSTER GL,AGROSS S.R.L.,"ACIDO FOSFORICO 30%, ALCOHOL GRASO ETOXILADO 15%",IV
SE-298,CORRECTOR H,NOVA S. A. U.,ACIDO FOSFORICO 93%,IV
SE-296,ECO WINER,AGROSS S.R.L.,ALCOHOL LAURICO ETOXILADO 48%,III
SE-295,TIODICARB + BIFENTRIN SE,GLEBA S A,"BIFENTRIN 6%, TIODICARB 32%",II
SE-293,DIFLUFENICAN SE,GLEBA S A,DIFLUFENICAN 50%,III
SE-292,FIPRONIL + TIAMETOXAM SE,GLEBA S A,"FIPRONIL 19%, TIAMETOXAM 35%",II
SE-289,RIZOSPRAY LPU 200,RIZOBACTER ARGENTINA S A,ESTERES METILICOS DE ACIDOS GRASOS DE ACEITE VEGETAL 70%,IV
SE-288,QUID OIL,RIZOBACTER ARGENTINA S A,ESTERES METILICOS DE ACIDOS GRASOS DE ACEITE VEGETAL 70%,IV
SE-287,MONCEREN 25 SC,BROMETAN S. R. L.,PENCICURON 25%,IV
SE-286,MOLUSQUICIDA ACAY SOLO EXPORTACION,ACAY AGRO SA,METALDEHIDO 5%,IV
SE-285,"ABAMECTINA 1,8 + BIFENTRIN 7,5 EC",GLEBA S A,"ABAMECTINA 1,8%, BIFENTRIN 7,5%",II
SE-284,IMIDACLOPRID 25 + LUFENURON 7 SC,GLEBA S A,"IMIDACLOPRID 35%, LUFENURON 7%",III
SE-282,"CLOROTALONIL 57,5 + DIFENOCONAZOLE 6 SC",GLEBA S A,"CLOROTALONIL 57,5%, DIFENOCONAZOLE 6%",III
SE-279,AZUFRE 350 AGROSPEC,AGROSPEC ARGENTINA S.A.,AZUFRE 95%,IV
SE-275,DVA KROSS 25,YERCO S A,LAMBDA-CIALOTRINA 25%,II
SE-274,SAHARA,AGRO BAYER S. R. L.,"GLIFOSATO 79,2%",IV
SE-273,GOBI,AGRO BAYER S. R. L.,"GLIFOSATO 74,7%",IV
SE-271,GEMINIS,GLEBA S A,"IMIDACLOPRID 22,8%, LAMBDA-CIALOTRINA 10%",II
SE-269,HUMMER 24 EC,GLEBA S A,CLODINAFOP PROPARGIL 24%,III
SE-268,TACORA 25 EW,GLEBA S A,TEBUCONAZOLE 25%,III
SE-267,DRACO 25 SC,GLEBA S A,FIPRONIL 25%,II
SE-266,PUNTO 70 DS,GLEBA S A,IMIDACLOPRID 70%,II
SE-265,PATON,GLEBA S A,PIRIMICARB 50%,II
SE-264,SULFOSATO TOUCHDOWN,SYNGENTA AGRO SOCIEDAD ANONIMA,GLIFOSATO 62%,IV
SE-260,CROMO 5 SG,GLEBA S A,BENZOATO DE EMAMECTINA 5%,III
SE-255,ANTARES 18 EC,GLEBA S A,CIALOFOP BUTIL 18%,III
SE-254,BRUJO,GLEBA S A,"IMIDACLOPRID 25%, TIODICARB 28%",II
SE-252,MAGNETO,GLEBA S A,"FIPRONIL 10%, IMIDACLOPRID 35%",II
SE-251,ARADO,GLEBA S A,"CLOROTALONIL 50%, DIMETOMORF 10,8%",III
SE-250,LIBREK SE,SURCOS S.A.,CIPERMETRINA 25%,IV
SE-245,STARBAC SC,SURCOS S.A.,BISPIRIBAC SODIO 10%,III
SE-242,YUNKE,GLEBA S A,"FIPRONIL 15,7%, IMIDACLOPRID 10%",II
SE-239,TROVADOR,GLEBA S A,"LUFENURON 5%, TIODICARB 40%",II
SE-225,KAZAAM,SURCOS S.A.,DIFENOCONAZOLE 25%,II
SE-224,PUMMIN SL,SURCOS S.A.,KASUGAMICINA 2%,III
SE-223,PRUFEN,SURCOS S.A.,,II
SE-222,BALD EC,SURCOS S.A.,,III
SE-220,MITERRA,GLEBA S A,"LAMBDA-CIALOTRINA 10,6%, TIAMETOXAM 14,1%",II
SE-219,ESKOBA SE,SURCOS S.A.,GLIFOSATO 48%,IV
SE-211,FLOK 50 SE,SURCOS S.A.,CARBENDAZIM 50%,IV
SE-207,ROUNDUP 747 SG,AGRO BAYER S. R. L.,"GLIFOSATO 74,7%",IV
SE-206,PONCHO 60 FS,BASF AGRICULTURAL SOLUTIONS ARGENTINA S.A.,CLOTIANIDIN 60%,II
SE-203,BLITZ,BAYER SOCIEDAD ANONIMA,"FIPRONIL ,003%",IV
SE-202,ROUNDUP WG,AGRO BAYER S. R. L.,"GLIFOSATO 79,2%",IV
SE-201,DIRECT,AGRO BAYER S. R. L.,"GLIFOSATO 79,2%",IV
SE-200,ROCKET,AGRO BAYER S. R. L.,"GLIFOSATO 74,7%",IV
SE-198,SYSTHANE 2 EC,CORTEVA AGRISCIENCE ARGENTINA SRL,MICLOBUTANIL 24%,II
SE-197,BUFFER,SINER S A,ACIDO FOSFORICO 85%,IV
SE-182,PLUGS DE EMPETRINA EMP,SÜSBIN SOCIEDAD ANONIMA,,IV
SE-181,SEPTAS PARA LOBESIA BOTRANA LBT 1 X,SÜSBIN SOCIEDAD ANONIMA,"(E,Z)7,9-DODECADIENIL ACETATO 1%",IV
SE-180,SEPTAS PARA LOBESIA BOTRANA LBT 10 X,SÜSBIN SOCIEDAD ANONIMA,"(E,Z)7,9-DODECADIENIL ACETATO 10%",IV
SE-179,PLUGS DE TRIMEDLURE TMD,SÜSBIN SOCIEDAD ANONIMA,,IV
SE-176,"GALGOPER 38,4",CHEMOTECNICA S. A.,"PERMETRINA 38,4%",II
SE-175,GALGOTRIN 25,CHEMOTECNICA S. A.,CIPERMETRINA 25%,II
SE-172,OXICLORURO DE COBRE,AGROSPEC ARGENTINA S.A.,OXICLORURO DE COBRE 98%,III
SE-171,ROUNDUP TRANSORB R,AGRO BAYER S. R. L.,"GLIFOSATO 58,8%",IV
SE-170,ROUNDUP PLATINUM,AGRO BAYER S. R. L.,"GLIFOSATO 58,8%",IV
SE-169,ROUNDUP TRANSORB,AGRO BAYER S. R. L.,"GLIFOSATO 64,8%",IV
SE-168,ROUNDUP TRANSORB,AGRO BAYER S. R. L.,"GLIFOSATO 64,8%",IV
SE-167,ROUNDUP READY,AGRO BAYER S. R. L.,"GLIFOSATO 75,9%",IV
SE-166,ROUNDUP READY,AGRO BAYER S. R. L.,"GLIFOSATO 75,9%",IV
SE-164,TANALITH 60 CCAC,SERVICIOS BIOAGUAS S. R. L.,ARSENIATO DE COBRE CROMATADO 60%,Ia
SE-163,KATANA SC,GLEBA S A,"AZOXISTROBINA 20%, TEBUCONAZOLE 12,5%",IV
SE-162,HAMMER S,ALIATS SRL,SULFATO DE AMONIO 100%,III
SE-160,ZEA MAX 4 SC,GLEBA S A,NICOSULFURON 4%,IV
SE-156,NATIVO SOLO EXPORTACION,AGRO BAYER S. R. L.,"TEBUCONAZOLE 20%, TRIFLOXISTROBIN 10%",III
SE-154,IMPULSO 25 SC,GLEBA S A,AZOXISTROBINA 25%,IV
SE-151,SIMTRAC 500,ATANOR SOCIEDAD EN COMANDITA POR ACCIONES,"ATRAZINA 25%, SIMAZINA 25%",III
SE-150,SIN CLAVEL,HAVERNICK CLAUDIA,SULFATO DE COBRE PENTAHIDRATADO 98%,III
SE-147,DDVP 50,CHEMOTECNICA S. A.,D.D.V.P. 50%,Ia
SE-141,CAMPO TEN SIL,ALIATS SRL,NONIL FENOL ETOXILADO 15%,
SE-140,CAMPO FULL SIL,ALIATS SRL,NONIL FENOL ETOXILADO 15%,III
SE-134,I.ACAROSPRAY COA,YPF SOCIEDAD ANONIMA,"ACEITE MINERAL 79,89%",IV
SE-132,DMA ULTRAX,CORTEVA AGRISCIENCE ARGENTINA SRL,"2,4 D 82,2%",II
SE-121,"2,4D AMINA 69,4 CH",ATANOR SOCIEDAD EN COMANDITA POR ACCIONES,"2,4 D 83,6%",II
SE-119,TRIADIM 25,REOPEN S A,TRIADIMENOL 25%,III
SE-117,ROUNDUP TRANSORB R,AGRO BAYER S. R. L.,"GLIFOSATO 58,8%",IV
SE-115,AMETRINA ATANOR II,ATANOR SOCIEDAD EN COMANDITA POR ACCIONES,AMETRINA 50%,II
SE-111,TERFOS PLUS,CHEMOTECNICA S. A.,"BETA-CIPERMETRINA 2%, CLORPIRIFOS 5%",II
SE-110,"2,4-D AMINA JL",ATANOR SOCIEDAD EN COMANDITA POR ACCIONES,"2,4 D 83,6%",II
SE-109,HERBIFEN AMINA VP,ATANOR SOCIEDAD EN COMANDITA POR ACCIONES,"2,4 D 84,3%",II
SE-108,HERBIFEN AMINA LL,ATANOR SOCIEDAD EN COMANDITA POR ACCIONES,"2,4 D 58,4%",III
SE-105,SERCOR,SERQUIM S.A.,NONIL FENOL ETOXILADO 9%,IV
SE-104,TECNUP K,TECNOMYL S. A.,GLIFOSATO 48%,IV
SE-103,TECNUP M,TECNOMYL S. A.,GLIFOSATO 48%,IV
SE-102,TECNOMYL GLIFOSATO,TECNOMYL S. A.,GLIFOSATO 48%,IV
SE-094,FRILEX,AGROFINA S A,"FURALAXIL-M 12,5%",III
SE-093,HERBIFEN AMINA F.E.,ATANOR SOCIEDAD EN COMANDITA POR ACCIONES,"2,4 D 84,3%",II
SE-092,HERBIFEN AMINA T.E.,ATANOR SOCIEDAD EN COMANDITA POR ACCIONES,"2,4 D 58,4%",II
SE-081,EXEMPLO,ATANOR SOCIEDAD EN COMANDITA POR ACCIONES,"2,4 D 80,7%",II
SE-080,"2,4D AMINA 69,4",ATANOR SOCIEDAD EN COMANDITA POR ACCIONES,"2,4 D 83,6%",II
SE-079,"2,4D AMINA 68",ATANOR SOCIEDAD EN COMANDITA POR ACCIONES,"2,4 D 81,9%",II
SE-054,LAMBDA GLEX,GLEBA S A,LAMBDA-CIALOTRINA 5%,II
SE-035,AR 4.0,SERV - QUIM S.A.,"ACIDO FOSFORICO 75%, ALQUIL ARIL POLIETILENGLICOL 4%",IV
SE-031,SUSBIN VAPONA,SÜSBIN SOCIEDAD ANONIMA,"DICLORVOS 17,5%",IV
SE-029,ACADEMIX,CHEMOTECNICA S. A.,"2,4 D 87%",III
SE-028,CHEMOZOLE,CHEMOTECNICA S. A.,TEBUCONAZOLE 25%,IV
SE-025,GALGOCLOR,CHEMOTECNICA S. A.,ACETOCLOR 90%,III
SE-023,ORGLIF,REOPEN S A,GLIFOSATO 48%,IV
SE-016,S-1 YPF,YPF SOCIEDAD ANONIMA,,Ib
SE-014,ROUNDUP TRANSORB,AGRO BAYER S. R. L.,"GLIFOSATO 64,8%",IV
SE-007,TERFOS 48,CHEMOTECNICA S. A.,CLORPIRIFOS 48%,II
SE-006,CHEMOPOL,CHEMOTECNICA S. A.,GLIFOSATO 48%,IV
SE-003,ROUNDUP READY,AGRO BAYER S. R. L.,"GLIFOSATO 75,9%",IV
SE-002,CHEMOSATO,CHEMOTECNICA S. A.,GLIFOSATO 48%,IV
SE - 532,GIBERELICO ACTION,WECAN AGRO SA,ACIDO GIBERELICO 10% p/p,S/D
LJ 00528,BIOTECNA HOR-TAL ACEMUL,RAUL OSCAR AGUERRE E HIJOS S A,ACEITE DE SOJA 86%,IV
LJ 00527,MIREX HORMIGA GELTEK,SANITEK SRL,"FIPRONIL ,003%",IV
LJ 00526,HORMIFAV F DP LINEA JARDIN,F A V S. A.,"FIPRONIL ,1%",IV
LJ 00525,MAMBORETA BOLITA,DE SANGOSSE LATIN AMERICA S.A.,"ACETAMIPRID 1,6%",IV
LJ 00524,MAMBORETA H,ARIPA S. R. L.,CARBENDAZIM 50%,III
LJ 00523,BIO MAMBORETA OIL 85 E,ARIPA S. R. L.,ACEITE MINERAL PARAFINICO 85%,IV
LJ 00522,MAMBORETA MIREX-S,ARIPA S. R. L.,"IMIDACLOPRID ,05%",IV
LJ 00521,HORMIFAV FIPRO LINEA JARDIN,F A V S. A.,"FIPRONIL ,003%",IV
LJ 00520,GLACOXAN BTK,PUNCH QUIMICA S A,BACILLUS THURINGIENSIS 4%,IV
LJ 00519,GLACOXAN E,PUNCH QUIMICA S A,DELTAMETRINA 1%,IV
LJ 00518,MYRMEC JARDIN,TECNO SENDA S.R.L.,"FIPRONIL ,003%",IV
LJ 00517,MYRMEC BICHO BOLITA,TECNO SENDA S.R.L.,"FIPRONIL ,02%",IV
LJ 00516,HORMIXAN MIREX F JARDIN,PUNCH QUIMICA S A,"FIPRONIL ,003%",IV
LJ 00515,HORMIFE,REOPEN S A,"CIPERMETRINA ,5%",III
LJ 00514,HUAGRO POTASICO,HUAGRO S A,OLEATO DE POTASIO 48%,III
LJ 00513,CIBUS BB,ACAY AGRO SA,"FIPRONIL ,2%",IV
LJ 00512,DELENTE MIREX,DELENTE S. R. L.,"FIPRONIL ,003%",III
LJ 00511,HUAGRO HORMIX F,HUAGRO S A,FENITROTION 2%,III
LJ 00510,PARAISO PLUS ECOMAMBO,BIOCICLO S.A.,BACILLUS THURINGIENSIS 4%,IV
LJ 00509,BIO MAMBORETA PH,ARIPA S. R. L.,ACIDO FOSFORICO 75%,IV
LJ 00508,BIO MAMBORETA M JUMKAN,ARIPA S. R. L.,MEZCLA DE ESTERES Y JABONES PROVENIENTES DE ACIDOS GRASOS DE ACEITES VEGETALES TRANSESTERIFICADOS CON GLICERINA. Contiene SUCROGLICERIDOS 86%,IV
LJ 00507,ESPACIAL FIPRO,REOPEN S A,FIPRONIL 1%,IV
LJ 00506,BIO MAMBORETÁ LECITHIN SILICON MAX,ARIPA S. R. L.,LECITINA DE SOJA 35%,IV
LJ 00505,MYRMEC BABOSAS Y CARACOLES JARDIN,TECNO SENDA S.R.L.,METALDEHIDO 5%,III
LJ 00504,MIREX DE ALLEMANDI S.A.,MARCELO ALLEMANDI SA,"FIPRONIL ,003%",IV
LJ 00503,HUAGRO D HOR-MIX,HUAGRO S A,,IV
LJ 00502,SENDERIL,NINIVE SOCIEDAD ANONIMA COM IND FIN INM Y AGROPECUARIA,"GLIFOSATO 64,8%",IV
LJ 00501,MANCHESTER MIREX-F,FEIT Y OLIVARI S A,"FIPRONIL ,003%",III
LJ 00500,MIREX GLEX,GLEBA S A,"FIPRONIL ,003%",IV
LJ 00498,GLACOXAN AVAM,PUNCH QUIMICA S A,"ABAMECTINA 1,8% p/v",IV
LJ 00497,GLACOXAN TOTAL,PUNCH QUIMICA S A,,
LJ 00495,MANCHESTER MATABABOSAS,FEIT Y OLIVARI S A,,
LJ 00494,KALIUM,CUATRO L S.R.L.,,
LJ 00493,MIXHOR-TAL,RAUL OSCAR AGUERRE E HIJOS S A,"IMIDACLOPRID ,05%",IV
LJ 00492,CIBUS-H LINEA JARDIN,ACAY AGRO SA,"FIPRONIL ,003%",IV
LJ 00491,GLACOXAN JABON POTASICO,PUNCH QUIMICA S A,OLEATO DE POTASIO 48%,
LJ 00490,GELTEK,CHEMOTECNICA S. A.,,IV
LJ 00488,ECOMAMBO JABON POTASICO CANELANEEM,BIOCICLO S.A.,OLEATO DE POTASIO 48%,III
LJ 00487,FUNGICIDA ALLEMANDI,MARCELO ALLEMANDI SA,,
LJ 00486,GLIFOSATO ALLENANDI,MARCELO ALLEMANDI SA,,
LJ 00485,MAMBORETA H,ARIPA S. R. L.,CARBENDAZIM 98%,III
LJ 00484,MOLIXIDE GLEX,GLEBA S A,,
LJ 00483,MIREX F,SYNTEK CHEMICHAL SA,"FIPRONIL ,003%",IV
LJ 00482,MIREX ESPACIAL FIPRO,REOPEN S A,,
LJ 00481,MAMBORETA FOLI,ARIPA S. R. L.,,IV
LJ 00479,ULTRA PLAF POLVO,BINKA SA,,
LJ 00478,SISTEMICO GRHESA,NINIVE SOCIEDAD ANONIMA COM IND FIN INM Y AGROPECUARIA,IMIDACLOPRID 35% p/p,III
LJ 00477,ROLLER,REOPEN S A,,
LJ 00476,"EL BUDA 0,5",REOPEN S A,,
LJ 00475,MAMBORETA D,ARIPA S. R. L.,,III
LJ 00474,AZAMAX,WAYNE CHEMICAL SRL,,
LJ 00473,ALTO PODER,REOPEN S A,,
LJ 00472,"SAETA 0,5",REOPEN S A,,
LJ 00470,HORTAL EFE LINEA JARDIN,RAUL OSCAR AGUERRE E HIJOS S A,,
LJ 00469,MIX HOR-TAL JARDIN,RAUL OSCAR AGUERRE E HIJOS S A,,
LJ 00468,ACEITE EL FLORICULTOR,ENVASADORA CASEROS S R L,,
LJ 00467,HORMICYGON P,MENDIZABAL FERRARO Y LARRINAGA S R L,,
LJ 00466,"PUNTO 3,5 SC",GLEBA S A,,
LJ 00465,JUMKAN,FRAGARIA S.A.,,
LJ 00463,MAMBORETA SISTEMICO G,ARIPA S. R. L.,,
LJ 00462,MAMBORETA KAPUT,ARIPA S. R. L.,,IV
LJ 00460,MAMBORETA Z,ARIPA S. R. L.,,III
LJ 00459,MAMBORETA CONFI,ARIPA S. R. L.,IMIDACLOPRID 35%,III
LJ 00458,HORTAL JARDIN,RAUL OSCAR AGUERRE E HIJOS S A,"CIPERMETRINA ,2%, DELTAMETRINA ,46%",III
LJ 00455,GARDEN FAST,GLEBA S A,,III
LJ 00454,PUNCH HORMIGAS,PUNCH QUIMICA S A,,
LJ 00453,GLACOXAN BIO NEEM,WAYNE CHEMICAL SRL,,
LJ 00452,FUNGUICYGON,MENDIZABAL FERRARO Y LARRINAGA S R L,,
LJ 00449,ZINEB GRHESA,NINIVE SOCIEDAD ANONIMA COM IND FIN INM Y AGROPECUARIA,,
LJ 00448,FUNGUI CAP,MENDIZABAL FERRARO Y LARRINAGA S R L,,
LJ 00445,GLACOXAN H JARDIN,PUNCH QUIMICA S A,"IMIDACLOPRID ,25%",IV
LJ 00444,HORMIXAN MIREX JARDIN,PUNCH QUIMICA S A,,III
LJ 00442,FUNGIFAV,F A V S. A.,,
LJ 00437,PARQUE CARBENDAZIM,CIA AGRO PARQUE S R L,,
LJ 00435,RAID,S C JOHNSON & SON DE ARGENTINA SOCIEDAD ANONIMA INDUSTRIAL COMERCIAL,,
LJ 00434,POLVO BORDELES GRHESA,NINIVE SOCIEDAD ANONIMA COM IND FIN INM Y AGROPECUARIA,,
LJ 00427,GLIFO TEK,SYNTEK CHEMICHAL SA,,
LJ 00422,GLACOXAN IMIDA,PUNCH QUIMICA S A,,
LJ 00418,GLACOXAN P,PUNCH QUIMICA S A,,
LJ 00417,CAPXAN I,PUNCH QUIMICA S A,,
LJ 00413,BAYGON FORMITOX,S C JOHNSON & SON DE ARGENTINA SOCIEDAD ANONIMA INDUSTRIAL COMERCIAL,,
LJ 00412,DELENTE MIREX JARDIN,DELENTE S. R. L.,,
LJ 00411,MIREX SUL GRHESA,NINIVE SOCIEDAD ANONIMA COM IND FIN INM Y AGROPECUARIA,,
LJ 00408,K-OTHRINA,2022 ENVIRONMENTAL SCIENCE AR S.A.,"DELTAMETRINA ,75%",IV
LJ 00405,CHAU GRILL0,DISTRICAMPO SRL,,
LJ 00403,"ESPACIAL 0,5 P JARDIN",REOPEN S A,"CIPERMETRINA ,5%",III
LJ 00399,MAMBORETA MIREX -S,ARIPA S. R. L.,"SULFLURAMIDA ,3%",III
LJ 00396,ULTRA PLAF CAMINO MORTAL POLVO,BINKA SA,,
LJ 00389,HORMIFAV S,DOMIAGRO S.A.,,
LJ 00369,PARQUE MATAYUYOS,CIA AGRO PARQUE S R L,,
LJ 00358,MATA BIBOS ACAY LINEA JARDIN,ACAY AGRO SA,,
LJ 00357,BABO CAR PELLETS,CIA AGRO PARQUE S R L,,
LJ 00348,SULFA MIREX SH,HUAGRO S A,,
LJ 00345,MAMBORETA ABA,ARIPA S. R. L.,,IV
LJ 00337,MAMBORETA OIL 85 E,ARIPA S. R. L.,,IV
LJ 00335,BUDA,REOPEN S A,,
LJ 00334,MOLUSQUICIDA ACAY LINEA JARDIN,ACAY AGRO SA,,
LJ 00323,HUAGRO BABOTOX,HUAGRO S A,,
LJ 00317,MAMBORETA SELECTIVO,ARIPA S. R. L.,,III
LJ 00316,GLACOXAN PELLETS,PUNCH QUIMICA S A,,
LJ 00304,MANCHESTER CEBO MIREX,FEIT Y OLIVARI S A,,
LJ 00298,METAREX LINEA JARDIN,DE SANGOSSE LATIN AMERICA S.A.,,
LJ 00295,HORTAL CENTOC,RAUL OSCAR AGUERRE E HIJOS S A,,
LJ 00290,HORTAL MATA HONGOS SISTEMICO,RAUL OSCAR AGUERRE E HIJOS S A,,
LJ 00286,HORMIGUIL P,NINIVE SOCIEDAD ANONIMA COM IND FIN INM Y AGROPECUARIA,,
LJ 00284,FORMIDOR LINEA JARDIN,2022 ENVIRONMENTAL SCIENCE AR S.A.,"FIPRONIL ,003%",IV
LJ 00283,MAMBORETA K,ARIPA S. R. L.,,IV
LJ 00277,MAMBORETA B+R MATABABOSAS Y CARACOLES,ARIPA S. R. L.,,III
LJ 00274,MAMBORETA GRILLO,ARIPA S. R. L.,,IV
LJ 00273,CLARTEX-R,RIZOBACTER ARGENTINA S A,,
LJ 00271,MANCHESTER MATABABOSAS CEBO,FEIT Y OLIVARI S A,,
LJ 00266,CAPXAN FUNGUICIDA,PUNCH QUIMICA S A,BENOMIL 50%,IV
LJ 00263,DELENTE CARBENDAZIM,DELENTE S. R. L.,,
LJ 00227,GLACOXAN CIPER,PUNCH QUIMICA S A,,
LJ 00222,INSECAP,MENDIZABAL FERRARO Y LARRINAGA S R L,,
LJ 00216,MANCHESTER,FEIT Y OLIVARI S A,,
LJ 00203,MAMBORETA BIOESTIMUILANTE VITAL,ARIPA S. R. L.,,
LJ 00198,GLACOXAN D-SIST,PUNCH QUIMICA S A,,
LJ 00192,DUAL F,MARCELO ALLEMANDI SA,,
LJ 00191,YARARA F,MARCELO ALLEMANDI SA,,
LJ 00180,HORMICYGON L,MENDIZABAL FERRARO Y LARRINAGA S R L,,
LJ 00178,HONGLEX,GLEBA S A,CARBENDAZIM 50%,III
LJ 00172,GLACOXAN OIL,PUNCH QUIMICA S A,,
LJ 00168,MATAHOR GLEX,GLEBA S A,,III
LJ 00167,GLEX S,GLEBA S A,,
LJ 00160,FUNGOXAN,PUNCH QUIMICA S A,,
LJ 00150,GLACOXAN SELECTIVO MCPA,PUNCH QUIMICA S A,,
LJ 00139,CARA BA HORTAL,RAUL OSCAR AGUERRE E HIJOS S A,METALDEHIDO 1%,IV
LJ 00134,GLACOXAN L,PUNCH QUIMICA S A,,
LJ 00113,ESPACIAL F,REOPEN S A,FENITROTION 2%,III
LJ 00098,HERBICYGON,MENDIZABAL FERRARO Y LARRINAGA S R L,,
LJ 00096,CIPER HOUSE,CHEMOTECNICA S. A.,,
LJ 00088,BABOSIL,NINIVE SOCIEDAD ANONIMA COM IND FIN INM Y AGROPECUARIA,,
LJ 00082,BABOSIL PELLETS,NINIVE SOCIEDAD ANONIMA COM IND FIN INM Y AGROPECUARIA,,
LJ 00069,DELENTE HERBICIDA TOTAL,DELENTE S. R. L.,,
LJ 00068,"CYGON 1,5",MENDIZABAL FERRARO Y LARRINAGA S R L,,
